0 verbose cli /usr/local/bin/node /usr/local/lib/node_modules/npm/bin/npm-cli.js
1 info using npm@10.9.2
2 info using node@v22.15.0
3 silly config load:file:/usr/local/lib/node_modules/npm/npmrc
4 silly config load:file:/Users/mac/Documents/code/subsplit/.npmrc
5 silly config load:file:/Users/mac/.npmrc
6 silly config load:file:/usr/local/etc/npmrc
7 verbose title npm exec yo code --help
8 verbose argv "exec" "--yes" "--" "yo" "code" "--help"
9 verbose logfile logs-max:10 dir:/Users/mac/Documents/code/subsplit/.npm-cache/_logs/2026-03-19T17_03_35_846Z-
10 verbose logfile /Users/mac/Documents/code/subsplit/.npm-cache/_logs/2026-03-19T17_03_35_846Z-debug-0.log
11 silly logfile start cleaning logs, removing 1 files
12 silly logfile done cleaning log files
13 silly packumentCache heap:4345298944 maxSize:1086324736 maxEntrySize:543162368
14 http fetch GET 200 https://registry.npmjs.org/yo 1022ms (cache miss)
15 silly packumentCache heap:4345298944 maxSize:1086324736 maxEntrySize:543162368
16 silly packumentCache heap:4345298944 maxSize:1086324736 maxEntrySize:543162368
17 silly idealTree buildDeps
18 silly fetch manifest yo@7.0.0
19 silly packumentCache full:https://registry.npmjs.org/yo cache-miss
20 http fetch GET 200 https://registry.npmjs.org/yo 461ms (cache miss)
21 silly packumentCache full:https://registry.npmjs.org/yo set size:undefined disposed:false
22 silly placeDep ROOT yo@7.0.0 OK for:  want: 7.0.0
23 silly fetch manifest @yeoman/adapter@^4.0.2
24 silly packumentCache full:https://registry.npmjs.org/@yeoman%2fadapter cache-miss
25 silly fetch manifest @yeoman/types@^1.10.3
26 silly packumentCache full:https://registry.npmjs.org/@yeoman%2ftypes cache-miss
27 silly fetch manifest chalk@^5.6.2
28 silly packumentCache full:https://registry.npmjs.org/chalk cache-miss
29 silly fetch manifest cli-list@^1.0.0
30 silly packumentCache full:https://registry.npmjs.org/cli-list cache-miss
31 silly fetch manifest configstore@^8.0.0
32 silly packumentCache full:https://registry.npmjs.org/configstore cache-miss
33 silly fetch manifest cross-spawn@^7.0.6
34 silly packumentCache full:https://registry.npmjs.org/cross-spawn cache-miss
35 silly fetch manifest figures@^6.1.0
36 silly packumentCache full:https://registry.npmjs.org/figures cache-miss
37 http fetch GET 200 https://registry.npmjs.org/cli-list 632ms (cache miss)
38 silly packumentCache full:https://registry.npmjs.org/cli-list set size:undefined disposed:false
39 silly fetch manifest fullname@^5.0.0
40 silly packumentCache full:https://registry.npmjs.org/fullname cache-miss
41 http fetch GET 200 https://registry.npmjs.org/cross-spawn 638ms (cache miss)
42 silly packumentCache full:https://registry.npmjs.org/cross-spawn set size:undefined disposed:false
43 silly fetch manifest global-agent@^3.0.0
44 silly packumentCache full:https://registry.npmjs.org/global-agent cache-miss
45 http fetch GET 200 https://registry.npmjs.org/figures 643ms (cache miss)
46 silly packumentCache full:https://registry.npmjs.org/figures set size:undefined disposed:false
47 silly fetch manifest humanize-string@^3.1.0
48 silly packumentCache full:https://registry.npmjs.org/humanize-string cache-miss
49 http fetch GET 200 https://registry.npmjs.org/configstore 655ms (cache miss)
50 silly packumentCache full:https://registry.npmjs.org/configstore set size:undefined disposed:false
51 silly fetch manifest lodash@^4.17.23
52 silly packumentCache full:https://registry.npmjs.org/lodash cache-miss
53 http fetch GET 200 https://registry.npmjs.org/chalk 758ms (cache miss)
54 silly packumentCache full:https://registry.npmjs.org/chalk set size:undefined disposed:false
55 silly fetch manifest meow@^14.1.0
56 silly packumentCache full:https://registry.npmjs.org/meow cache-miss
57 http fetch GET 200 https://registry.npmjs.org/fullname 167ms (cache miss)
58 silly packumentCache full:https://registry.npmjs.org/fullname set size:undefined disposed:false
59 silly fetch manifest npm-keyword@^8.0.0
60 silly packumentCache full:https://registry.npmjs.org/npm-keyword cache-miss
61 http fetch GET 200 https://registry.npmjs.org/global-agent 198ms (cache miss)
62 silly packumentCache full:https://registry.npmjs.org/global-agent set size:undefined disposed:false
63 silly fetch manifest open@^11.0.0
64 silly packumentCache full:https://registry.npmjs.org/open cache-miss
65 http fetch GET 200 https://registry.npmjs.org/lodash 232ms (cache revalidated)
66 silly packumentCache full:https://registry.npmjs.org/lodash set size:244258 disposed:false
67 silly fetch manifest package-json@^10.0.1
68 silly packumentCache full:https://registry.npmjs.org/package-json cache-miss
69 http fetch GET 200 https://registry.npmjs.org/humanize-string 252ms (cache miss)
70 silly packumentCache full:https://registry.npmjs.org/humanize-string set size:undefined disposed:false
71 silly fetch manifest parse-help@^2.0.0
72 silly packumentCache full:https://registry.npmjs.org/parse-help cache-miss
73 http fetch GET 200 https://registry.npmjs.org/npm-keyword 151ms (cache miss)
74 silly packumentCache full:https://registry.npmjs.org/npm-keyword set size:undefined disposed:false
75 silly fetch manifest read-package-up@^12.0.0
76 silly packumentCache full:https://registry.npmjs.org/read-package-up cache-miss
77 http fetch GET 200 https://registry.npmjs.org/meow 202ms (cache miss)
78 silly packumentCache full:https://registry.npmjs.org/meow set size:undefined disposed:false
79 silly fetch manifest root-check@^2.0.0
80 silly packumentCache full:https://registry.npmjs.org/root-check cache-miss
81 http fetch GET 200 https://registry.npmjs.org/open 171ms (cache miss)
82 silly packumentCache full:https://registry.npmjs.org/open set size:undefined disposed:false
83 silly fetch manifest sort-on@^7.0.0
84 silly packumentCache full:https://registry.npmjs.org/sort-on cache-miss
85 http fetch GET 200 https://registry.npmjs.org/read-package-up 187ms (cache miss)
86 silly packumentCache full:https://registry.npmjs.org/read-package-up set size:undefined disposed:false
87 silly fetch manifest string-length@^7.0.1
88 silly packumentCache full:https://registry.npmjs.org/string-length cache-miss
89 http fetch GET 200 https://registry.npmjs.org/package-json 248ms (cache miss)
90 silly packumentCache full:https://registry.npmjs.org/package-json set size:undefined disposed:false
91 silly fetch manifest titleize@^4.0.0
92 silly packumentCache full:https://registry.npmjs.org/titleize cache-miss
93 http fetch GET 200 https://registry.npmjs.org/sort-on 154ms (cache miss)
94 silly packumentCache full:https://registry.npmjs.org/sort-on set size:undefined disposed:false
95 silly fetch manifest update-notifier@^7.3.1
96 silly packumentCache full:https://registry.npmjs.org/update-notifier cache-miss
97 http fetch GET 200 https://registry.npmjs.org/@yeoman%2ftypes 1280ms (cache miss)
98 silly packumentCache full:https://registry.npmjs.org/@yeoman%2ftypes set size:undefined disposed:false
99 silly fetch manifest yeoman-character@^2.0.0
100 silly packumentCache full:https://registry.npmjs.org/yeoman-character cache-miss
101 http fetch GET 200 https://registry.npmjs.org/parse-help 380ms (cache miss)
102 silly packumentCache full:https://registry.npmjs.org/parse-help set size:undefined disposed:false
103 silly fetch manifest yeoman-doctor@^6.0.0
104 silly packumentCache full:https://registry.npmjs.org/yeoman-doctor cache-miss
105 http fetch GET 200 https://registry.npmjs.org/string-length 183ms (cache miss)
106 silly packumentCache full:https://registry.npmjs.org/string-length set size:undefined disposed:false
107 silly fetch manifest yeoman-environment@^6.0.0
108 silly packumentCache full:https://registry.npmjs.org/yeoman-environment cache-miss
109 http fetch GET 200 https://registry.npmjs.org/titleize 186ms (cache miss)
110 silly packumentCache full:https://registry.npmjs.org/titleize set size:undefined disposed:false
111 silly fetch manifest yosay@^3.0.0
112 silly packumentCache full:https://registry.npmjs.org/yosay cache-miss
113 http fetch GET 200 https://registry.npmjs.org/root-check 412ms (cache miss)
114 silly packumentCache full:https://registry.npmjs.org/root-check set size:undefined disposed:false
115 http fetch GET 200 https://registry.npmjs.org/update-notifier 266ms (cache miss)
116 silly packumentCache full:https://registry.npmjs.org/update-notifier set size:undefined disposed:false
117 http fetch GET 200 https://registry.npmjs.org/yeoman-doctor 162ms (cache miss)
118 silly packumentCache full:https://registry.npmjs.org/yeoman-doctor set size:undefined disposed:false
119 http fetch GET 200 https://registry.npmjs.org/yosay 151ms (cache miss)
120 silly packumentCache full:https://registry.npmjs.org/yosay set size:undefined disposed:false
121 http fetch GET 200 https://registry.npmjs.org/yeoman-environment 199ms (cache miss)
122 silly packumentCache full:https://registry.npmjs.org/yeoman-environment set size:undefined disposed:false
123 http fetch GET 200 https://registry.npmjs.org/@yeoman%2fadapter 1658ms (cache miss)
124 silly packumentCache full:https://registry.npmjs.org/@yeoman%2fadapter set size:undefined disposed:false
125 http fetch GET 200 https://registry.npmjs.org/yeoman-character 673ms (cache miss)
126 silly packumentCache full:https://registry.npmjs.org/yeoman-character set size:undefined disposed:false
127 silly fetch manifest @types/node@>=16.18.26
128 silly packumentCache full:https://registry.npmjs.org/@types%2fnode cache-miss
129 http fetch GET 200 https://registry.npmjs.org/@types%2fnode 343ms (cache revalidated)
130 silly packumentCache full:https://registry.npmjs.org/@types%2fnode set size:10939971 disposed:false
131 silly fetch manifest mem-fs@^3.0.0 || ^4.0.0-beta.1
132 silly packumentCache full:https://registry.npmjs.org/mem-fs cache-miss
133 http fetch GET 200 https://registry.npmjs.org/mem-fs 233ms (cache miss)
134 silly packumentCache full:https://registry.npmjs.org/mem-fs set size:undefined disposed:false
135 silly placeDep ROOT @yeoman/adapter@4.0.2 OK for: yo@7.0.0 want: ^4.0.2
136 silly placeDep ROOT @yeoman/types@1.10.3 OK for: yo@7.0.0 want: ^1.10.3
137 silly placeDep ROOT @types/node@25.5.0 OK for: @yeoman/types@1.10.3 want: >=16.18.26
138 silly placeDep ROOT chalk@5.6.2 OK for: yo@7.0.0 want: ^5.6.2
139 silly placeDep ROOT cli-list@1.0.0 OK for: yo@7.0.0 want: ^1.0.0
140 silly placeDep ROOT configstore@8.0.0 OK for: yo@7.0.0 want: ^8.0.0
141 silly placeDep ROOT cross-spawn@7.0.6 OK for: yo@7.0.0 want: ^7.0.6
142 silly placeDep ROOT figures@6.1.0 OK for: yo@7.0.0 want: ^6.1.0
143 silly placeDep ROOT fullname@5.0.0 OK for: yo@7.0.0 want: ^5.0.0
144 silly placeDep ROOT global-agent@3.0.0 OK for: yo@7.0.0 want: ^3.0.0
145 silly placeDep ROOT humanize-string@3.1.0 OK for: yo@7.0.0 want: ^3.1.0
146 silly placeDep ROOT lodash@4.17.23 OK for: yo@7.0.0 want: ^4.17.23
147 silly placeDep ROOT meow@14.1.0 OK for: yo@7.0.0 want: ^14.1.0
148 silly placeDep ROOT npm-keyword@8.0.0 OK for: yo@7.0.0 want: ^8.0.0
149 silly placeDep ROOT open@11.0.0 OK for: yo@7.0.0 want: ^11.0.0
150 silly placeDep ROOT package-json@10.0.1 OK for: yo@7.0.0 want: ^10.0.1
151 silly placeDep ROOT parse-help@2.0.0 OK for: yo@7.0.0 want: ^2.0.0
152 silly placeDep ROOT read-package-up@12.0.0 OK for: yo@7.0.0 want: ^12.0.0
153 silly placeDep ROOT root-check@2.0.0 OK for: yo@7.0.0 want: ^2.0.0
154 silly placeDep ROOT sort-on@7.0.0 OK for: yo@7.0.0 want: ^7.0.0
155 silly placeDep ROOT string-length@7.0.1 OK for: yo@7.0.0 want: ^7.0.1
156 silly placeDep ROOT titleize@4.0.0 OK for: yo@7.0.0 want: ^4.0.0
157 silly placeDep ROOT update-notifier@7.3.1 OK for: yo@7.0.0 want: ^7.3.1
158 silly placeDep ROOT yeoman-character@2.0.0 OK for: yo@7.0.0 want: ^2.0.0
159 silly placeDep ROOT yeoman-doctor@6.0.0 OK for: yo@7.0.0 want: ^6.0.0
160 silly placeDep ROOT yeoman-environment@6.0.0 OK for: yo@7.0.0 want: ^6.0.0
161 silly placeDep ROOT yosay@3.0.0 OK for: yo@7.0.0 want: ^3.0.0
162 silly fetch manifest @inquirer/core@^11.1.5
163 silly packumentCache full:https://registry.npmjs.org/@inquirer%2fcore cache-miss
164 silly fetch manifest @inquirer/prompts@^8.3.0
165 silly packumentCache full:https://registry.npmjs.org/@inquirer%2fprompts cache-miss
166 silly fetch manifest inquirer@^13.3.0
167 silly packumentCache full:https://registry.npmjs.org/inquirer cache-miss
168 silly fetch manifest log-symbols@^7.0.1
169 silly packumentCache full:https://registry.npmjs.org/log-symbols cache-miss
170 silly fetch manifest ora@^9.3.0
171 silly packumentCache full:https://registry.npmjs.org/ora cache-miss
172 silly fetch manifest p-queue@^9.1.0
173 silly packumentCache full:https://registry.npmjs.org/p-queue cache-miss
174 silly fetch manifest text-table@^0.2.0
175 silly packumentCache full:https://registry.npmjs.org/text-table cache-miss
176 http fetch GET 200 https://registry.npmjs.org/text-table 159ms (cache miss)
177 silly packumentCache full:https://registry.npmjs.org/text-table set size:undefined disposed:false
178 silly fetch manifest undici-types@~7.18.0
179 silly packumentCache full:https://registry.npmjs.org/undici-types cache-miss
180 http fetch GET 200 https://registry.npmjs.org/@inquirer%2fprompts 182ms (cache miss)
181 silly packumentCache full:https://registry.npmjs.org/@inquirer%2fprompts set size:undefined disposed:false
182 silly fetch manifest atomically@^2.1.0
183 silly packumentCache full:https://registry.npmjs.org/atomically cache-miss
184 http fetch GET 200 https://registry.npmjs.org/log-symbols 213ms (cache miss)
185 silly packumentCache full:https://registry.npmjs.org/log-symbols set size:undefined disposed:false
186 silly fetch manifest dot-prop@^10.1.0
187 silly packumentCache full:https://registry.npmjs.org/dot-prop cache-miss
188 http fetch GET 200 https://registry.npmjs.org/p-queue 225ms (cache miss)
189 silly packumentCache full:https://registry.npmjs.org/p-queue set size:undefined disposed:false
190 silly fetch manifest graceful-fs@^4.2.11
191 silly packumentCache full:https://registry.npmjs.org/graceful-fs cache-miss
192 http fetch GET 200 https://registry.npmjs.org/ora 240ms (cache miss)
193 silly packumentCache full:https://registry.npmjs.org/ora set size:undefined disposed:false
194 silly fetch manifest is-safe-filename@^0.1.0
195 silly packumentCache full:https://registry.npmjs.org/is-safe-filename cache-miss
196 http fetch GET 200 https://registry.npmjs.org/inquirer 250ms (cache miss)
197 silly packumentCache full:https://registry.npmjs.org/inquirer set size:undefined disposed:false
198 silly fetch manifest xdg-basedir@^5.1.0
199 silly packumentCache full:https://registry.npmjs.org/xdg-basedir cache-miss
200 http fetch GET 200 https://registry.npmjs.org/undici-types 171ms (cache miss)
201 silly packumentCache full:https://registry.npmjs.org/undici-types set size:undefined disposed:false
202 silly fetch manifest which@^2.0.1
203 silly packumentCache full:https://registry.npmjs.org/which cache-miss
204 http fetch GET 200 https://registry.npmjs.org/@inquirer%2fcore 375ms (cache miss)
205 silly packumentCache full:https://registry.npmjs.org/@inquirer%2fcore set size:undefined disposed:false
206 silly fetch manifest path-key@^3.1.0
207 silly packumentCache full:https://registry.npmjs.org/path-key cache-miss
208 http fetch GET 200 https://registry.npmjs.org/graceful-fs 289ms (cache miss)
209 silly packumentCache full:https://registry.npmjs.org/graceful-fs set size:undefined disposed:false
210 silly fetch manifest shebang-command@^2.0.0
211 silly packumentCache full:https://registry.npmjs.org/shebang-command cache-miss
212 http fetch GET 200 https://registry.npmjs.org/which 189ms (cache miss)
213 silly packumentCache full:https://registry.npmjs.org/which set size:undefined disposed:false
214 silly fetch manifest is-unicode-supported@^2.0.0
215 silly packumentCache full:https://registry.npmjs.org/is-unicode-supported cache-miss
216 http fetch GET 200 https://registry.npmjs.org/xdg-basedir 290ms (cache miss)
217 silly packumentCache full:https://registry.npmjs.org/xdg-basedir set size:undefined disposed:false
218 silly fetch manifest execa@^8.0.1
219 silly packumentCache full:https://registry.npmjs.org/execa cache-miss
220 http fetch GET 200 https://registry.npmjs.org/path-key 193ms (cache miss)
221 silly packumentCache full:https://registry.npmjs.org/path-key set size:undefined disposed:false
222 silly fetch manifest filter-obj@^5.1.0
223 silly packumentCache full:https://registry.npmjs.org/filter-obj cache-miss
224 http fetch GET 200 https://registry.npmjs.org/is-safe-filename 401ms (cache miss)
225 silly packumentCache full:https://registry.npmjs.org/is-safe-filename set size:undefined disposed:false
226 silly fetch manifest mem@^5.1.0
227 silly packumentCache full:https://registry.npmjs.org/mem cache-miss
228 http fetch GET 200 https://registry.npmjs.org/is-unicode-supported 150ms (cache miss)
229 silly packumentCache full:https://registry.npmjs.org/is-unicode-supported set size:undefined disposed:false
230 silly fetch manifest p-any@^4.0.0
231 silly packumentCache full:https://registry.npmjs.org/p-any cache-miss
232 http fetch GET 200 https://registry.npmjs.org/shebang-command 179ms (cache miss)
233 silly packumentCache full:https://registry.npmjs.org/shebang-command set size:undefined disposed:false
234 silly fetch manifest passwd-user@^4.0.0
235 silly packumentCache full:https://registry.npmjs.org/passwd-user cache-miss
236 http fetch GET 200 https://registry.npmjs.org/filter-obj 226ms (cache miss)
237 silly packumentCache full:https://registry.npmjs.org/filter-obj set size:undefined disposed:false
238 silly fetch manifest rc@^1.2.8
239 silly packumentCache full:https://registry.npmjs.org/rc cache-miss
240 http fetch GET 200 https://registry.npmjs.org/execa 259ms (cache miss)
241 silly packumentCache full:https://registry.npmjs.org/execa set size:undefined disposed:false
242 silly fetch manifest roarr@^2.15.3
243 silly packumentCache full:https://registry.npmjs.org/roarr cache-miss
244 http fetch GET 200 https://registry.npmjs.org/p-any 162ms (cache miss)
245 silly packumentCache full:https://registry.npmjs.org/p-any set size:undefined disposed:false
246 silly fetch manifest semver@^7.3.2
247 silly packumentCache full:https://registry.npmjs.org/semver cache-miss
248 http fetch GET 200 https://registry.npmjs.org/mem 204ms (cache miss)
249 silly packumentCache full:https://registry.npmjs.org/mem set size:undefined disposed:false
250 silly fetch manifest boolean@^3.0.1
251 silly packumentCache full:https://registry.npmjs.org/boolean cache-miss
252 http fetch GET 200 https://registry.npmjs.org/atomically 749ms (cache miss)
253 silly packumentCache full:https://registry.npmjs.org/atomically set size:undefined disposed:false
254 silly fetch manifest matcher@^3.0.0
255 silly packumentCache full:https://registry.npmjs.org/matcher cache-miss
256 http fetch GET 200 https://registry.npmjs.org/rc 157ms (cache revalidated)
257 silly packumentCache full:https://registry.npmjs.org/rc set size:70417 disposed:false
258 silly fetch manifest es6-error@^4.1.1
259 silly packumentCache full:https://registry.npmjs.org/es6-error cache-miss
260 http fetch GET 200 https://registry.npmjs.org/semver 144ms (cache revalidated)
261 silly packumentCache full:https://registry.npmjs.org/semver set size:229678 disposed:false
262 silly fetch manifest serialize-error@^7.0.1
263 silly packumentCache full:https://registry.npmjs.org/serialize-error cache-miss
264 http fetch GET 200 https://registry.npmjs.org/roarr 215ms (cache miss)
265 silly packumentCache full:https://registry.npmjs.org/roarr set size:undefined disposed:false
266 silly fetch manifest decamelize@^6.0.0
267 silly packumentCache full:https://registry.npmjs.org/decamelize cache-miss
268 http fetch GET 200 https://registry.npmjs.org/matcher 250ms (cache miss)
269 silly packumentCache full:https://registry.npmjs.org/matcher set size:undefined disposed:false
270 silly fetch manifest ky@^1.2.1
271 silly packumentCache full:https://registry.npmjs.org/ky cache-miss
272 http fetch GET 200 https://registry.npmjs.org/dot-prop 976ms (cache miss)
273 silly packumentCache full:https://registry.npmjs.org/dot-prop set size:undefined disposed:false
274 silly fetch manifest registry-url@^6.0.1
275 silly packumentCache full:https://registry.npmjs.org/registry-url cache-miss
276 http fetch GET 200 https://registry.npmjs.org/es6-error 234ms (cache miss)
277 silly packumentCache full:https://registry.npmjs.org/es6-error set size:undefined disposed:false
278 silly fetch manifest default-browser@^5.4.0
279 silly packumentCache full:https://registry.npmjs.org/default-browser cache-miss
280 http fetch GET 200 https://registry.npmjs.org/serialize-error 211ms (cache miss)
281 silly packumentCache full:https://registry.npmjs.org/serialize-error set size:undefined disposed:false
282 silly fetch manifest define-lazy-prop@^3.0.0
283 silly packumentCache full:https://registry.npmjs.org/define-lazy-prop cache-miss
284 http fetch GET 200 https://registry.npmjs.org/decamelize 173ms (cache miss)
285 silly packumentCache full:https://registry.npmjs.org/decamelize set size:undefined disposed:false
286 silly fetch manifest is-in-ssh@^1.0.0
287 silly packumentCache full:https://registry.npmjs.org/is-in-ssh cache-miss
288 http fetch GET 200 https://registry.npmjs.org/registry-url 162ms (cache miss)
289 silly packumentCache full:https://registry.npmjs.org/registry-url set size:undefined disposed:false
290 silly fetch manifest is-inside-container@^1.0.0
291 silly packumentCache full:https://registry.npmjs.org/is-inside-container cache-miss
292 http fetch GET 200 https://registry.npmjs.org/default-browser 159ms (cache miss)
293 silly packumentCache full:https://registry.npmjs.org/default-browser set size:undefined disposed:false
294 silly fetch manifest powershell-utils@^0.1.0
295 silly packumentCache full:https://registry.npmjs.org/powershell-utils cache-miss
296 http fetch GET 200 https://registry.npmjs.org/is-in-ssh 151ms (cache miss)
297 silly packumentCache full:https://registry.npmjs.org/is-in-ssh set size:undefined disposed:false
298 silly fetch manifest wsl-utils@^0.3.0
299 silly packumentCache full:https://registry.npmjs.org/wsl-utils cache-miss
300 http fetch GET 200 https://registry.npmjs.org/passwd-user 674ms (cache miss)
301 silly packumentCache full:https://registry.npmjs.org/passwd-user set size:undefined disposed:false
302 silly fetch manifest ky@^1.2.0
303 silly packumentCache full:https://registry.npmjs.org/ky cache-miss
304 http fetch GET 200 https://registry.npmjs.org/define-lazy-prop 194ms (cache miss)
305 silly packumentCache full:https://registry.npmjs.org/define-lazy-prop set size:undefined disposed:false
306 silly fetch manifest registry-auth-token@^5.0.2
307 silly packumentCache full:https://registry.npmjs.org/registry-auth-token cache-miss
308 http fetch GET 200 https://registry.npmjs.org/boolean 727ms (cache miss)
309 silly packumentCache full:https://registry.npmjs.org/boolean set size:undefined disposed:false
310 silly fetch manifest semver@^7.6.0
311 silly packumentCache full:https://registry.npmjs.org/semver cache-hit
312 silly fetch manifest execall@^3.0.0
313 silly packumentCache full:https://registry.npmjs.org/execall cache-miss
314 http fetch GET 200 https://registry.npmjs.org/wsl-utils 223ms (cache miss)
315 silly packumentCache full:https://registry.npmjs.org/wsl-utils set size:undefined disposed:false
316 silly fetch manifest find-up-simple@^1.0.1
317 silly packumentCache full:https://registry.npmjs.org/find-up-simple cache-miss
318 http fetch GET 200 https://registry.npmjs.org/powershell-utils 227ms (cache miss)
319 silly packumentCache full:https://registry.npmjs.org/powershell-utils set size:undefined disposed:false
320 silly fetch manifest read-pkg@^10.0.0
321 silly packumentCache full:https://registry.npmjs.org/read-pkg cache-miss
322 http fetch GET 200 https://registry.npmjs.org/is-inside-container 347ms (cache miss)
323 silly packumentCache full:https://registry.npmjs.org/is-inside-container set size:undefined disposed:false
324 silly fetch manifest type-fest@^5.2.0
325 silly packumentCache full:https://registry.npmjs.org/type-fest cache-miss
326 http fetch GET 200 https://registry.npmjs.org/read-pkg 203ms (cache miss)
327 silly packumentCache full:https://registry.npmjs.org/read-pkg set size:undefined disposed:false
328 silly fetch manifest downgrade-root@^2.0.0
329 silly packumentCache full:https://registry.npmjs.org/downgrade-root cache-miss
330 http fetch GET 200 https://registry.npmjs.org/find-up-simple 212ms (cache miss)
331 silly packumentCache full:https://registry.npmjs.org/find-up-simple set size:undefined disposed:false
332 silly fetch manifest sudo-block@^4.0.0
333 silly packumentCache full:https://registry.npmjs.org/sudo-block cache-miss
334 http fetch GET 200 https://registry.npmjs.org/ky 631ms (cache miss)
335 silly packumentCache full:https://registry.npmjs.org/ky set size:undefined disposed:false
336 silly fetch manifest pupa@^3.1.0
337 silly packumentCache full:https://registry.npmjs.org/pupa cache-miss
338 http fetch GET 200 https://registry.npmjs.org/ky 512ms (cache miss)
339 silly packumentCache full:https://registry.npmjs.org/ky set size:undefined disposed:false
340 silly fetch manifest boxen@^8.0.1
341 silly packumentCache full:https://registry.npmjs.org/boxen cache-miss
342 http fetch GET 200 https://registry.npmjs.org/downgrade-root 153ms (cache miss)
343 silly packumentCache full:https://registry.npmjs.org/downgrade-root set size:undefined disposed:false
344 silly fetch manifest is-npm@^6.0.0
345 silly packumentCache full:https://registry.npmjs.org/is-npm cache-miss
346 http fetch GET 200 https://registry.npmjs.org/sudo-block 155ms (cache miss)
347 silly packumentCache full:https://registry.npmjs.org/sudo-block set size:undefined disposed:false
348 silly fetch manifest semver@^7.6.3
349 silly packumentCache full:https://registry.npmjs.org/semver cache-hit
350 silly fetch manifest is-in-ci@^1.0.0
351 silly packumentCache full:https://registry.npmjs.org/is-in-ci cache-miss
352 http fetch GET 200 https://registry.npmjs.org/pupa 191ms (cache miss)
353 silly packumentCache full:https://registry.npmjs.org/pupa set size:undefined disposed:false
354 silly fetch manifest configstore@^7.0.0
355 silly packumentCache full:https://registry.npmjs.org/configstore cache-miss
356 http fetch GET 200 https://registry.npmjs.org/type-fest 311ms (cache miss)
357 silly packumentCache full:https://registry.npmjs.org/type-fest set size:undefined disposed:false
358 silly fetch manifest latest-version@^9.0.0
359 silly packumentCache full:https://registry.npmjs.org/latest-version cache-miss
360 http cache https://registry.npmjs.org/configstore 39ms (cache hit)
361 silly packumentCache full:https://registry.npmjs.org/configstore set size:82080 disposed:false
362 silly fetch manifest is-installed-globally@^1.0.0
363 silly packumentCache full:https://registry.npmjs.org/is-installed-globally cache-miss
364 http fetch GET 200 https://registry.npmjs.org/boxen 201ms (cache miss)
365 silly packumentCache full:https://registry.npmjs.org/boxen set size:undefined disposed:false
366 silly fetch manifest supports-color@^9.4.0
367 silly packumentCache full:https://registry.npmjs.org/supports-color cache-miss
368 http fetch GET 200 https://registry.npmjs.org/registry-auth-token 702ms (cache miss)
369 silly packumentCache full:https://registry.npmjs.org/registry-auth-token set size:undefined disposed:false
370 silly fetch manifest ansi-styles@^6.2.3
371 silly packumentCache full:https://registry.npmjs.org/ansi-styles cache-miss
372 http fetch GET 200 https://registry.npmjs.org/is-npm 170ms (cache miss)
373 silly packumentCache full:https://registry.npmjs.org/is-npm set size:undefined disposed:false
374 silly fetch manifest binary-version-check@^6.1.0
375 silly packumentCache full:https://registry.npmjs.org/binary-version-check cache-miss
376 http fetch GET 200 https://registry.npmjs.org/is-in-ci 156ms (cache miss)
377 silly packumentCache full:https://registry.npmjs.org/is-in-ci set size:undefined disposed:false
378 silly fetch manifest latest-version@^9.0.0
379 silly packumentCache full:https://registry.npmjs.org/latest-version cache-miss
380 http fetch GET 200 https://registry.npmjs.org/is-installed-globally 165ms (cache miss)
381 silly packumentCache full:https://registry.npmjs.org/is-installed-globally set size:undefined disposed:false
382 silly fetch manifest semver@^7.7.2
383 silly packumentCache full:https://registry.npmjs.org/semver cache-hit
384 silly fetch manifest twig@^1.17.1
385 silly packumentCache full:https://registry.npmjs.org/twig cache-miss
386 http fetch GET 200 https://registry.npmjs.org/latest-version 189ms (cache miss)
387 silly packumentCache full:https://registry.npmjs.org/latest-version set size:undefined disposed:false
388 silly fetch manifest @yeoman/conflicter@^4.0.1
389 silly packumentCache full:https://registry.npmjs.org/@yeoman%2fconflicter cache-miss
390 http fetch GET 200 https://registry.npmjs.org/ansi-styles 160ms (cache revalidated)
391 silly packumentCache full:https://registry.npmjs.org/ansi-styles set size:63233 disposed:false
392 silly fetch manifest @yeoman/namespace@^1.0.1
393 silly packumentCache full:https://registry.npmjs.org/@yeoman%2fnamespace cache-miss
394 http fetch GET 200 https://registry.npmjs.org/execall 688ms (cache miss)
395 silly packumentCache full:https://registry.npmjs.org/execall set size:undefined disposed:false
396 silly fetch manifest @yeoman/transform@^2.1.0
397 silly packumentCache full:https://registry.npmjs.org/@yeoman%2ftransform cache-miss
398 http fetch GET 200 https://registry.npmjs.org/supports-color 205ms (cache miss)
399 silly packumentCache full:https://registry.npmjs.org/supports-color set size:undefined disposed:false
400 silly fetch manifest arrify@^3.0.0
401 silly packumentCache full:https://registry.npmjs.org/arrify cache-miss
402 http fetch GET 200 https://registry.npmjs.org/latest-version 243ms (cache miss)
403 silly packumentCache full:https://registry.npmjs.org/latest-version set size:undefined disposed:false
404 silly fetch manifest commander@^14.0.3
405 silly packumentCache full:https://registry.npmjs.org/commander cache-miss
406 http fetch GET 200 https://registry.npmjs.org/twig 161ms (cache miss)
407 silly packumentCache full:https://registry.npmjs.org/twig set size:undefined disposed:false
408 silly fetch manifest debug@^4.4.3
409 silly packumentCache full:https://registry.npmjs.org/debug cache-miss
410 http fetch GET 200 https://registry.npmjs.org/arrify 176ms (cache miss)
411 silly packumentCache full:https://registry.npmjs.org/arrify set size:undefined disposed:false
412 silly fetch manifest execa@^9.6.1
413 silly packumentCache full:https://registry.npmjs.org/execa cache-miss
414 http cache https://registry.npmjs.org/execa 4ms (cache hit)
415 silly packumentCache full:https://registry.npmjs.org/execa set size:181234 disposed:false
416 silly fetch manifest fly-import@^1.0.0
417 silly packumentCache full:https://registry.npmjs.org/fly-import cache-miss
418 http fetch GET 200 https://registry.npmjs.org/@yeoman%2fnamespace 366ms (cache miss)
419 silly packumentCache full:https://registry.npmjs.org/@yeoman%2fnamespace set size:undefined disposed:false
420 silly fetch manifest globby@^16.1.1
421 silly packumentCache full:https://registry.npmjs.org/globby cache-miss
422 http fetch GET 200 https://registry.npmjs.org/debug 248ms (cache miss)
423 silly packumentCache full:https://registry.npmjs.org/debug set size:undefined disposed:false
424 silly fetch manifest grouped-queue@^2.1.0
425 silly packumentCache full:https://registry.npmjs.org/grouped-queue cache-miss
426 http fetch GET 200 https://registry.npmjs.org/commander 274ms (cache miss)
427 silly packumentCache full:https://registry.npmjs.org/commander set size:undefined disposed:false
428 silly fetch manifest locate-path@^8.0.0
429 silly packumentCache full:https://registry.npmjs.org/locate-path cache-miss
430 http fetch GET 200 https://registry.npmjs.org/binary-version-check 641ms (cache miss)
431 silly packumentCache full:https://registry.npmjs.org/binary-version-check set size:undefined disposed:false
432 silly fetch manifest lodash-es@^4.17.23
433 silly packumentCache full:https://registry.npmjs.org/lodash-es cache-miss
434 http fetch GET 200 https://registry.npmjs.org/globby 158ms (cache miss)
435 silly packumentCache full:https://registry.npmjs.org/globby set size:undefined disposed:false
436 silly fetch manifest mem-fs@^4.1.2
437 silly packumentCache full:https://registry.npmjs.org/mem-fs cache-miss
438 http fetch GET 200 https://registry.npmjs.org/grouped-queue 152ms (cache miss)
439 silly packumentCache full:https://registry.npmjs.org/grouped-queue set size:undefined disposed:false
440 silly fetch manifest mem-fs-editor@^12.0.2
441 silly packumentCache full:https://registry.npmjs.org/mem-fs-editor cache-miss
442 http cache https://registry.npmjs.org/mem-fs 7ms (cache hit)
443 silly packumentCache full:https://registry.npmjs.org/mem-fs set size:41239 disposed:false
444 silly fetch manifest semver@^7.7.4
445 silly packumentCache full:https://registry.npmjs.org/semver cache-hit
446 silly fetch manifest slash@^5.1.0
447 silly packumentCache full:https://registry.npmjs.org/slash cache-miss
448 http fetch GET 200 https://registry.npmjs.org/@yeoman%2fconflicter 597ms (cache miss)
449 silly packumentCache full:https://registry.npmjs.org/@yeoman%2fconflicter set size:undefined disposed:false
450 silly fetch manifest untildify@^6.0.0
451 silly packumentCache full:https://registry.npmjs.org/untildify cache-miss
452 http fetch GET 200 https://registry.npmjs.org/locate-path 232ms (cache miss)
453 silly packumentCache full:https://registry.npmjs.org/locate-path set size:undefined disposed:false
454 silly fetch manifest which-package-manager@^1.0.1
455 silly packumentCache full:https://registry.npmjs.org/which-package-manager cache-miss
456 http fetch GET 200 https://registry.npmjs.org/fly-import 414ms (cache miss)
457 silly packumentCache full:https://registry.npmjs.org/fly-import set size:undefined disposed:false
458 silly fetch manifest meow@^12.1.1
459 silly packumentCache full:https://registry.npmjs.org/meow cache-miss
460 http cache https://registry.npmjs.org/meow 5ms (cache hit)
461 silly packumentCache full:https://registry.npmjs.org/meow set size:128964 disposed:false
462 silly fetch manifest cli-boxes@^3.0.0
463 silly packumentCache full:https://registry.npmjs.org/cli-boxes cache-miss
464 http fetch GET 200 https://registry.npmjs.org/@yeoman%2ftransform 643ms (cache miss)
465 silly packumentCache full:https://registry.npmjs.org/@yeoman%2ftransform set size:undefined disposed:false
466 silly fetch manifest wrap-ansi@^8.1.0
467 silly packumentCache full:https://registry.npmjs.org/wrap-ansi cache-miss
468 http fetch GET 200 https://registry.npmjs.org/slash 173ms (cache miss)
469 silly packumentCache full:https://registry.npmjs.org/slash set size:undefined disposed:false
470 silly fetch manifest ansi-regex@^6.0.1
471 silly packumentCache full:https://registry.npmjs.org/ansi-regex cache-miss
472 http fetch GET 200 https://registry.npmjs.org/lodash-es 216ms (cache miss)
473 silly packumentCache full:https://registry.npmjs.org/lodash-es set size:undefined disposed:false
474 silly fetch manifest strip-ansi@^7.1.0
475 silly packumentCache full:https://registry.npmjs.org/strip-ansi cache-miss
476 http fetch GET 200 https://registry.npmjs.org/mem-fs-editor 190ms (cache miss)
477 silly packumentCache full:https://registry.npmjs.org/mem-fs-editor set size:undefined disposed:false
478 silly fetch manifest ansi-styles@^6.2.1
479 silly packumentCache full:https://registry.npmjs.org/ansi-styles cache-hit
480 silly fetch manifest string-width@^6.1.0
481 silly packumentCache full:https://registry.npmjs.org/string-width cache-miss
482 http fetch GET 200 https://registry.npmjs.org/untildify 218ms (cache miss)
483 silly packumentCache full:https://registry.npmjs.org/untildify set size:undefined disposed:false
484 silly fetch manifest pad-component@0.0.1
485 silly packumentCache full:https://registry.npmjs.org/pad-component cache-miss
486 http fetch GET 200 https://registry.npmjs.org/which-package-manager 173ms (cache miss)
487 silly packumentCache full:https://registry.npmjs.org/which-package-manager set size:undefined disposed:false
488 http fetch GET 200 https://registry.npmjs.org/cli-boxes 186ms (cache miss)
489 silly packumentCache full:https://registry.npmjs.org/cli-boxes set size:undefined disposed:false
490 http fetch GET 200 https://registry.npmjs.org/wrap-ansi 201ms (cache miss)
491 silly packumentCache full:https://registry.npmjs.org/wrap-ansi set size:undefined disposed:false
492 http fetch GET 200 https://registry.npmjs.org/ansi-regex 163ms (cache revalidated)
493 silly packumentCache full:https://registry.npmjs.org/ansi-regex set size:43572 disposed:false
494 http fetch GET 200 https://registry.npmjs.org/strip-ansi 168ms (cache miss)
495 silly packumentCache full:https://registry.npmjs.org/strip-ansi set size:undefined disposed:false
496 http fetch GET 200 https://registry.npmjs.org/string-width 163ms (cache miss)
497 silly packumentCache full:https://registry.npmjs.org/string-width set size:undefined disposed:false
498 http fetch GET 200 https://registry.npmjs.org/pad-component 351ms (cache miss)
499 silly packumentCache full:https://registry.npmjs.org/pad-component set size:undefined disposed:false
500 silly placeDep ROOT undici-types@7.18.2 OK for: @types/node@25.5.0 want: ~7.18.0
501 silly fetch manifest @types/node@>=18
502 silly packumentCache full:https://registry.npmjs.org/@types%2fnode cache-miss
503 http cache https://registry.npmjs.org/@types%2fnode 46ms (cache hit)
504 silly packumentCache full:https://registry.npmjs.org/@types%2fnode set size:10939971 disposed:false
505 silly placeDep ROOT @inquirer/core@11.1.7 OK for: @yeoman/adapter@4.0.2 want: ^11.1.5
506 silly placeDep ROOT @inquirer/prompts@8.3.2 OK for: @yeoman/adapter@4.0.2 want: ^8.3.0
507 silly placeDep ROOT inquirer@13.3.2 OK for: @yeoman/adapter@4.0.2 want: ^13.3.0
508 silly placeDep ROOT log-symbols@7.0.1 OK for: @yeoman/adapter@4.0.2 want: ^7.0.1
509 silly placeDep ROOT ora@9.3.0 OK for: @yeoman/adapter@4.0.2 want: ^9.3.0
510 silly placeDep ROOT p-queue@9.1.0 OK for: @yeoman/adapter@4.0.2 want: ^9.1.0
511 silly placeDep ROOT text-table@0.2.0 OK for: @yeoman/adapter@4.0.2 want: ^0.2.0
512 silly fetch manifest @inquirer/ansi@^2.0.4
513 silly packumentCache full:https://registry.npmjs.org/@inquirer%2fansi cache-miss
514 silly fetch manifest @inquirer/figures@^2.0.4
515 silly packumentCache full:https://registry.npmjs.org/@inquirer%2ffigures cache-miss
516 silly fetch manifest @inquirer/type@^4.0.4
517 silly packumentCache full:https://registry.npmjs.org/@inquirer%2ftype cache-miss
518 silly fetch manifest cli-width@^4.1.0
519 silly packumentCache full:https://registry.npmjs.org/cli-width cache-miss
520 silly fetch manifest fast-wrap-ansi@^0.2.0
521 silly packumentCache full:https://registry.npmjs.org/fast-wrap-ansi cache-miss
522 silly fetch manifest mute-stream@^3.0.0
523 silly packumentCache full:https://registry.npmjs.org/mute-stream cache-miss
524 silly fetch manifest signal-exit@^4.1.0
525 silly packumentCache full:https://registry.npmjs.org/signal-exit cache-miss
526 http fetch GET 200 https://registry.npmjs.org/mute-stream 170ms (cache miss)
527 silly packumentCache full:https://registry.npmjs.org/mute-stream set size:undefined disposed:false
528 silly fetch manifest @inquirer/checkbox@^5.1.2
529 silly packumentCache full:https://registry.npmjs.org/@inquirer%2fcheckbox cache-miss
530 http fetch GET 200 https://registry.npmjs.org/cli-width 175ms (cache miss)
531 silly packumentCache full:https://registry.npmjs.org/cli-width set size:undefined disposed:false
532 silly fetch manifest @inquirer/confirm@^6.0.10
533 silly packumentCache full:https://registry.npmjs.org/@inquirer%2fconfirm cache-miss
534 http fetch GET 200 https://registry.npmjs.org/fast-wrap-ansi 178ms (cache miss)
535 silly packumentCache full:https://registry.npmjs.org/fast-wrap-ansi set size:undefined disposed:false
536 silly fetch manifest @inquirer/editor@^5.0.10
537 silly packumentCache full:https://registry.npmjs.org/@inquirer%2feditor cache-miss
538 http fetch GET 200 https://registry.npmjs.org/signal-exit 193ms (cache revalidated)
539 silly packumentCache full:https://registry.npmjs.org/signal-exit set size:53489 disposed:false
540 silly fetch manifest @inquirer/expand@^5.0.10
541 silly packumentCache full:https://registry.npmjs.org/@inquirer%2fexpand cache-miss
542 http fetch GET 200 https://registry.npmjs.org/@inquirer%2fansi 207ms (cache miss)
543 silly packumentCache full:https://registry.npmjs.org/@inquirer%2fansi set size:undefined disposed:false
544 silly fetch manifest @inquirer/input@^5.0.10
545 silly packumentCache full:https://registry.npmjs.org/@inquirer%2finput cache-miss
546 http fetch GET 200 https://registry.npmjs.org/@inquirer%2ffigures 236ms (cache miss)
547 silly packumentCache full:https://registry.npmjs.org/@inquirer%2ffigures set size:undefined disposed:false
548 silly fetch manifest @inquirer/number@^4.0.10
549 silly packumentCache full:https://registry.npmjs.org/@inquirer%2fnumber cache-miss
550 http fetch GET 200 https://registry.npmjs.org/@inquirer%2ftype 264ms (cache miss)
551 silly packumentCache full:https://registry.npmjs.org/@inquirer%2ftype set size:undefined disposed:false
552 silly fetch manifest @inquirer/password@^5.0.10
553 silly packumentCache full:https://registry.npmjs.org/@inquirer%2fpassword cache-miss
554 http fetch GET 200 https://registry.npmjs.org/@inquirer%2fconfirm 188ms (cache miss)
555 silly packumentCache full:https://registry.npmjs.org/@inquirer%2fconfirm set size:undefined disposed:false
556 silly fetch manifest @inquirer/rawlist@^5.2.6
557 silly packumentCache full:https://registry.npmjs.org/@inquirer%2frawlist cache-miss
558 http fetch GET 200 https://registry.npmjs.org/@inquirer%2fnumber 205ms (cache miss)
559 silly packumentCache full:https://registry.npmjs.org/@inquirer%2fnumber set size:undefined disposed:false
560 silly fetch manifest @inquirer/search@^4.1.6
561 silly packumentCache full:https://registry.npmjs.org/@inquirer%2fsearch cache-miss
562 http fetch GET 200 https://registry.npmjs.org/@inquirer%2fexpand 256ms (cache miss)
563 silly packumentCache full:https://registry.npmjs.org/@inquirer%2fexpand set size:undefined disposed:false
564 silly fetch manifest @inquirer/select@^5.1.2
565 silly packumentCache full:https://registry.npmjs.org/@inquirer%2fselect cache-miss
566 http fetch GET 200 https://registry.npmjs.org/@inquirer%2fpassword 312ms (cache miss)
567 silly packumentCache full:https://registry.npmjs.org/@inquirer%2fpassword set size:undefined disposed:false
568 silly fetch manifest run-async@^4.0.6
569 silly packumentCache full:https://registry.npmjs.org/run-async cache-miss
570 http fetch GET 200 https://registry.npmjs.org/@inquirer%2fcheckbox 418ms (cache miss)
571 silly packumentCache full:https://registry.npmjs.org/@inquirer%2fcheckbox set size:undefined disposed:false
572 silly fetch manifest rxjs@^7.8.2
573 silly packumentCache full:https://registry.npmjs.org/rxjs cache-miss
574 http fetch GET 200 https://registry.npmjs.org/@inquirer%2feditor 424ms (cache miss)
575 silly packumentCache full:https://registry.npmjs.org/@inquirer%2feditor set size:undefined disposed:false
576 silly fetch manifest yoctocolors@^2.1.1
577 silly packumentCache full:https://registry.npmjs.org/yoctocolors cache-miss
578 http fetch GET 200 https://registry.npmjs.org/@inquirer%2fsearch 248ms (cache miss)
579 silly packumentCache full:https://registry.npmjs.org/@inquirer%2fsearch set size:undefined disposed:false
580 silly fetch manifest cli-cursor@^5.0.0
581 silly packumentCache full:https://registry.npmjs.org/cli-cursor cache-miss
582 http fetch GET 200 https://registry.npmjs.org/@inquirer%2frawlist 380ms (cache miss)
583 silly packumentCache full:https://registry.npmjs.org/@inquirer%2frawlist set size:undefined disposed:false
584 silly fetch manifest cli-spinners@^3.2.0
585 silly packumentCache full:https://registry.npmjs.org/cli-spinners cache-miss
586 http fetch GET 200 https://registry.npmjs.org/@inquirer%2finput 556ms (cache miss)
587 silly packumentCache full:https://registry.npmjs.org/@inquirer%2finput set size:undefined disposed:false
588 silly fetch manifest is-interactive@^2.0.0
589 silly packumentCache full:https://registry.npmjs.org/is-interactive cache-miss
590 http fetch GET 200 https://registry.npmjs.org/run-async 190ms (cache miss)
591 silly packumentCache full:https://registry.npmjs.org/run-async set size:undefined disposed:false
592 silly fetch manifest is-unicode-supported@^2.1.0
593 silly packumentCache full:https://registry.npmjs.org/is-unicode-supported cache-miss
594 http cache https://registry.npmjs.org/is-unicode-supported 5ms (cache hit)
595 silly packumentCache full:https://registry.npmjs.org/is-unicode-supported set size:19461 disposed:false
596 silly fetch manifest stdin-discarder@^0.3.1
597 silly packumentCache full:https://registry.npmjs.org/stdin-discarder cache-miss
598 http fetch GET 200 https://registry.npmjs.org/yoctocolors 211ms (cache miss)
599 silly packumentCache full:https://registry.npmjs.org/yoctocolors set size:undefined disposed:false
600 silly fetch manifest string-width@^8.1.0
601 silly packumentCache full:https://registry.npmjs.org/string-width cache-miss
602 http cache https://registry.npmjs.org/string-width 8ms (cache hit)
603 silly packumentCache full:https://registry.npmjs.org/string-width set size:68305 disposed:false
604 silly fetch manifest eventemitter3@^5.0.1
605 silly packumentCache full:https://registry.npmjs.org/eventemitter3 cache-miss
606 http fetch GET 200 https://registry.npmjs.org/rxjs 252ms (cache miss)
607 silly packumentCache full:https://registry.npmjs.org/rxjs set size:undefined disposed:false
608 silly fetch manifest p-timeout@^7.0.0
609 silly packumentCache full:https://registry.npmjs.org/p-timeout cache-miss
610 http fetch GET 200 https://registry.npmjs.org/@inquirer%2fselect 412ms (cache miss)
611 silly packumentCache full:https://registry.npmjs.org/@inquirer%2fselect set size:undefined disposed:false
612 http fetch GET 200 https://registry.npmjs.org/cli-cursor 201ms (cache miss)
613 silly packumentCache full:https://registry.npmjs.org/cli-cursor set size:undefined disposed:false
614 http fetch GET 200 https://registry.npmjs.org/cli-spinners 152ms (cache miss)
615 silly packumentCache full:https://registry.npmjs.org/cli-spinners set size:undefined disposed:false
616 http fetch GET 200 https://registry.npmjs.org/is-interactive 156ms (cache miss)
617 silly packumentCache full:https://registry.npmjs.org/is-interactive set size:undefined disposed:false
618 http fetch GET 200 https://registry.npmjs.org/stdin-discarder 186ms (cache miss)
619 silly packumentCache full:https://registry.npmjs.org/stdin-discarder set size:undefined disposed:false
620 http fetch GET 200 https://registry.npmjs.org/eventemitter3 251ms (cache miss)
621 silly packumentCache full:https://registry.npmjs.org/eventemitter3 set size:undefined disposed:false
622 http fetch GET 200 https://registry.npmjs.org/p-timeout 224ms (cache miss)
623 silly packumentCache full:https://registry.npmjs.org/p-timeout set size:undefined disposed:false
624 silly placeDep ROOT @inquirer/ansi@2.0.4 OK for: @inquirer/core@11.1.7 want: ^2.0.4
625 silly placeDep ROOT @inquirer/figures@2.0.4 OK for: @inquirer/core@11.1.7 want: ^2.0.4
626 silly placeDep ROOT @inquirer/type@4.0.4 OK for: @inquirer/core@11.1.7 want: ^4.0.4
627 silly placeDep ROOT cli-width@4.1.0 OK for: @inquirer/core@11.1.7 want: ^4.1.0
628 silly placeDep ROOT fast-wrap-ansi@0.2.0 OK for: @inquirer/core@11.1.7 want: ^0.2.0
629 silly placeDep ROOT mute-stream@3.0.0 OK for: @inquirer/core@11.1.7 want: ^3.0.0
630 silly placeDep ROOT signal-exit@4.1.0 OK for: @inquirer/core@11.1.7 want: ^4.1.0
631 silly fetch manifest fast-string-width@^3.0.2
632 silly packumentCache full:https://registry.npmjs.org/fast-string-width cache-miss
633 http fetch GET 200 https://registry.npmjs.org/fast-string-width 453ms (cache miss)
634 silly packumentCache full:https://registry.npmjs.org/fast-string-width set size:undefined disposed:false
635 silly placeDep ROOT @inquirer/checkbox@5.1.2 OK for: @inquirer/prompts@8.3.2 want: ^5.1.2
636 silly placeDep ROOT @inquirer/confirm@6.0.10 OK for: @inquirer/prompts@8.3.2 want: ^6.0.10
637 silly placeDep ROOT @inquirer/editor@5.0.10 OK for: @inquirer/prompts@8.3.2 want: ^5.0.10
638 silly placeDep ROOT @inquirer/expand@5.0.10 OK for: @inquirer/prompts@8.3.2 want: ^5.0.10
639 silly placeDep ROOT @inquirer/input@5.0.10 OK for: @inquirer/prompts@8.3.2 want: ^5.0.10
640 silly placeDep ROOT @inquirer/number@4.0.10 OK for: @inquirer/prompts@8.3.2 want: ^4.0.10
641 silly placeDep ROOT @inquirer/password@5.0.10 OK for: @inquirer/prompts@8.3.2 want: ^5.0.10
642 silly placeDep ROOT @inquirer/rawlist@5.2.6 OK for: @inquirer/prompts@8.3.2 want: ^5.2.6
643 silly placeDep ROOT @inquirer/search@4.1.6 OK for: @inquirer/prompts@8.3.2 want: ^4.1.6
644 silly placeDep ROOT @inquirer/select@5.1.2 OK for: @inquirer/prompts@8.3.2 want: ^5.1.2
645 silly fetch manifest @inquirer/external-editor@^2.0.4
646 silly packumentCache full:https://registry.npmjs.org/@inquirer%2fexternal-editor cache-miss
647 http fetch GET 200 https://registry.npmjs.org/@inquirer%2fexternal-editor 557ms (cache miss)
648 silly packumentCache full:https://registry.npmjs.org/@inquirer%2fexternal-editor set size:undefined disposed:false
649 silly placeDep ROOT @inquirer/external-editor@2.0.4 OK for: @inquirer/editor@5.0.10 want: ^2.0.4
650 silly fetch manifest chardet@^2.1.1
651 silly packumentCache full:https://registry.npmjs.org/chardet cache-miss
652 silly fetch manifest iconv-lite@^0.7.2
653 silly packumentCache full:https://registry.npmjs.org/iconv-lite cache-miss
654 http fetch GET 200 https://registry.npmjs.org/iconv-lite 231ms (cache revalidated)
655 silly packumentCache full:https://registry.npmjs.org/iconv-lite set size:120557 disposed:false
656 http fetch GET 200 https://registry.npmjs.org/chardet 242ms (cache miss)
657 silly packumentCache full:https://registry.npmjs.org/chardet set size:undefined disposed:false
658 silly placeDep ROOT chardet@2.1.1 OK for: @inquirer/external-editor@2.0.4 want: ^2.1.1
659 silly placeDep ROOT iconv-lite@0.7.2 OK for: @inquirer/external-editor@2.0.4 want: ^0.7.2
660 silly fetch manifest safer-buffer@>= 2.1.2 < 3.0.0
661 silly packumentCache full:https://registry.npmjs.org/safer-buffer cache-miss
662 http fetch GET 200 https://registry.npmjs.org/safer-buffer 189ms (cache revalidated)
663 silly packumentCache full:https://registry.npmjs.org/safer-buffer set size:18521 disposed:false
664 silly placeDep ROOT atomically@2.1.1 OK for: configstore@8.0.0 want: ^2.1.0
665 silly placeDep ROOT dot-prop@10.1.0 OK for: configstore@8.0.0 want: ^10.1.0
666 silly placeDep ROOT graceful-fs@4.2.11 OK for: configstore@8.0.0 want: ^4.2.11
667 silly placeDep ROOT is-safe-filename@0.1.1 OK for: configstore@8.0.0 want: ^0.1.0
668 silly placeDep ROOT xdg-basedir@5.1.0 OK for: configstore@8.0.0 want: ^5.1.0
669 silly fetch manifest stubborn-fs@^2.0.0
670 silly packumentCache full:https://registry.npmjs.org/stubborn-fs cache-miss
671 silly fetch manifest when-exit@^2.1.4
672 silly packumentCache full:https://registry.npmjs.org/when-exit cache-miss
673 silly fetch manifest type-fest@^5.0.0
674 silly packumentCache full:https://registry.npmjs.org/type-fest cache-miss
675 http cache https://registry.npmjs.org/type-fest 6ms (cache hit)
676 silly packumentCache full:https://registry.npmjs.org/type-fest set size:557806 disposed:false
677 http fetch GET 200 https://registry.npmjs.org/stubborn-fs 323ms (cache miss)
678 silly packumentCache full:https://registry.npmjs.org/stubborn-fs set size:undefined disposed:false
679 http fetch GET 200 https://registry.npmjs.org/when-exit 701ms (cache miss)
680 silly packumentCache full:https://registry.npmjs.org/when-exit set size:undefined disposed:false
681 silly placeDep ROOT stubborn-fs@2.0.0 OK for: atomically@2.1.1 want: ^2.0.0
682 silly placeDep ROOT when-exit@2.1.5 OK for: atomically@2.1.1 want: ^2.1.4
683 silly fetch manifest stubborn-utils@^1.0.1
684 silly packumentCache full:https://registry.npmjs.org/stubborn-utils cache-miss
685 http fetch GET 200 https://registry.npmjs.org/stubborn-utils 184ms (cache miss)
686 silly packumentCache full:https://registry.npmjs.org/stubborn-utils set size:undefined disposed:false
687 silly placeDep ROOT path-key@3.1.1 OK for: cross-spawn@7.0.6 want: ^3.1.0
688 silly placeDep ROOT shebang-command@2.0.0 OK for: cross-spawn@7.0.6 want: ^2.0.0
689 silly placeDep ROOT which@2.0.2 OK for: cross-spawn@7.0.6 want: ^2.0.1
690 silly fetch manifest shebang-regex@^3.0.0
691 silly packumentCache full:https://registry.npmjs.org/shebang-regex cache-miss
692 silly fetch manifest isexe@^2.0.0
693 silly packumentCache full:https://registry.npmjs.org/isexe cache-miss
694 http fetch GET 200 https://registry.npmjs.org/isexe 149ms (cache miss)
695 silly packumentCache full:https://registry.npmjs.org/isexe set size:undefined disposed:false
696 http fetch GET 200 https://registry.npmjs.org/shebang-regex 182ms (cache miss)
697 silly packumentCache full:https://registry.npmjs.org/shebang-regex set size:undefined disposed:false
698 silly placeDep ROOT type-fest@5.5.0 OK for: dot-prop@10.1.0 want: ^5.0.0
699 silly fetch manifest tagged-tag@^1.0.0
700 silly packumentCache full:https://registry.npmjs.org/tagged-tag cache-miss
701 http fetch GET 200 https://registry.npmjs.org/tagged-tag 148ms (cache miss)
702 silly packumentCache full:https://registry.npmjs.org/tagged-tag set size:undefined disposed:false
703 silly placeDep ROOT fast-string-width@3.0.2 OK for: fast-wrap-ansi@0.2.0 want: ^3.0.2
704 silly fetch manifest fast-string-truncated-width@^3.0.2
705 silly packumentCache full:https://registry.npmjs.org/fast-string-truncated-width cache-miss
706 http fetch GET 200 https://registry.npmjs.org/fast-string-truncated-width 395ms (cache miss)
707 silly packumentCache full:https://registry.npmjs.org/fast-string-truncated-width set size:undefined disposed:false
708 silly placeDep ROOT fast-string-truncated-width@3.0.3 OK for: fast-string-width@3.0.2 want: ^3.0.2
709 silly placeDep ROOT is-unicode-supported@2.1.0 OK for: figures@6.1.0 want: ^2.0.0
710 silly placeDep ROOT execa@8.0.1 OK for: fullname@5.0.0 want: ^8.0.1
711 silly placeDep ROOT filter-obj@5.1.0 OK for: fullname@5.0.0 want: ^5.1.0
712 silly placeDep ROOT mem@5.1.1 OK for: fullname@5.0.0 want: ^5.1.0
713 silly placeDep ROOT p-any@4.0.0 OK for: fullname@5.0.0 want: ^4.0.0
714 silly placeDep ROOT passwd-user@4.0.0 OK for: fullname@5.0.0 want: ^4.0.0
715 silly placeDep ROOT rc@1.2.8 OK for: fullname@5.0.0 want: ^1.2.8
716 silly fetch manifest onetime@^6.0.0
717 silly packumentCache full:https://registry.npmjs.org/onetime cache-miss
718 silly fetch manifest is-stream@^3.0.0
719 silly packumentCache full:https://registry.npmjs.org/is-stream cache-miss
720 silly fetch manifest get-stream@^8.0.1
721 silly packumentCache full:https://registry.npmjs.org/get-stream cache-miss
722 silly fetch manifest merge-stream@^2.0.0
723 silly packumentCache full:https://registry.npmjs.org/merge-stream cache-miss
724 silly fetch manifest npm-run-path@^5.1.0
725 silly packumentCache full:https://registry.npmjs.org/npm-run-path cache-miss
726 silly fetch manifest human-signals@^5.0.0
727 silly packumentCache full:https://registry.npmjs.org/human-signals cache-miss
728 silly fetch manifest strip-final-newline@^3.0.0
729 silly packumentCache full:https://registry.npmjs.org/strip-final-newline cache-miss
730 http fetch GET 200 https://registry.npmjs.org/merge-stream 153ms (cache miss)
731 silly packumentCache full:https://registry.npmjs.org/merge-stream set size:undefined disposed:false
732 silly fetch manifest map-age-cleaner@^0.1.3
733 silly packumentCache full:https://registry.npmjs.org/map-age-cleaner cache-miss
734 http fetch GET 200 https://registry.npmjs.org/onetime 159ms (cache miss)
735 silly packumentCache full:https://registry.npmjs.org/onetime set size:undefined disposed:false
736 silly fetch manifest mimic-fn@^2.1.0
737 silly packumentCache full:https://registry.npmjs.org/mimic-fn cache-miss
738 http fetch GET 200 https://registry.npmjs.org/is-stream 164ms (cache miss)
739 silly packumentCache full:https://registry.npmjs.org/is-stream set size:undefined disposed:false
740 silly fetch manifest p-is-promise@^2.1.0
741 silly packumentCache full:https://registry.npmjs.org/p-is-promise cache-miss
742 http fetch GET 200 https://registry.npmjs.org/human-signals 167ms (cache miss)
743 silly packumentCache full:https://registry.npmjs.org/human-signals set size:undefined disposed:false
744 silly fetch manifest p-cancelable@^3.0.0
745 silly packumentCache full:https://registry.npmjs.org/p-cancelable cache-miss
746 http fetch GET 200 https://registry.npmjs.org/get-stream 188ms (cache miss)
747 silly packumentCache full:https://registry.npmjs.org/get-stream set size:undefined disposed:false
748 silly fetch manifest p-some@^6.0.0
749 silly packumentCache full:https://registry.npmjs.org/p-some cache-miss
750 http fetch GET 200 https://registry.npmjs.org/strip-final-newline 196ms (cache miss)
751 silly packumentCache full:https://registry.npmjs.org/strip-final-newline set size:undefined disposed:false
752 silly fetch manifest execa@^5.1.1
753 silly packumentCache full:https://registry.npmjs.org/execa cache-hit
754 silly fetch manifest ini@~1.3.0
755 silly packumentCache full:https://registry.npmjs.org/ini cache-miss
756 http fetch GET 200 https://registry.npmjs.org/mimic-fn 146ms (cache miss)
757 silly packumentCache full:https://registry.npmjs.org/mimic-fn set size:undefined disposed:false
758 silly fetch manifest minimist@^1.2.0
759 silly packumentCache full:https://registry.npmjs.org/minimist cache-miss
760 http fetch GET 200 https://registry.npmjs.org/map-age-cleaner 160ms (cache miss)
761 silly packumentCache full:https://registry.npmjs.org/map-age-cleaner set size:undefined disposed:false
762 silly fetch manifest deep-extend@^0.6.0
763 silly packumentCache full:https://registry.npmjs.org/deep-extend cache-miss
764 http fetch GET 200 https://registry.npmjs.org/p-is-promise 154ms (cache miss)
765 silly packumentCache full:https://registry.npmjs.org/p-is-promise set size:undefined disposed:false
766 silly fetch manifest strip-json-comments@~2.0.1
767 silly packumentCache full:https://registry.npmjs.org/strip-json-comments cache-miss
768 http fetch GET 200 https://registry.npmjs.org/p-cancelable 156ms (cache miss)
769 silly packumentCache full:https://registry.npmjs.org/p-cancelable set size:undefined disposed:false
770 http fetch GET 200 https://registry.npmjs.org/npm-run-path 354ms (cache miss)
771 silly packumentCache full:https://registry.npmjs.org/npm-run-path set size:undefined disposed:false
772 http fetch GET 200 https://registry.npmjs.org/ini 190ms (cache revalidated)
773 silly packumentCache full:https://registry.npmjs.org/ini set size:57019 disposed:false
774 http fetch GET 200 https://registry.npmjs.org/minimist 153ms (cache miss)
775 silly packumentCache full:https://registry.npmjs.org/minimist set size:undefined disposed:false
776 http fetch GET 200 https://registry.npmjs.org/strip-json-comments 149ms (cache revalidated)
777 silly packumentCache full:https://registry.npmjs.org/strip-json-comments set size:43569 disposed:false
778 http fetch GET 200 https://registry.npmjs.org/deep-extend 160ms (cache revalidated)
779 silly packumentCache full:https://registry.npmjs.org/deep-extend set size:34472 disposed:false
780 http fetch GET 200 https://registry.npmjs.org/p-some 442ms (cache miss)
781 silly packumentCache full:https://registry.npmjs.org/p-some set size:undefined disposed:false
782 silly placeDep ROOT get-stream@8.0.1 OK for: execa@8.0.1 want: ^8.0.1
783 silly placeDep ROOT human-signals@5.0.0 OK for: execa@8.0.1 want: ^5.0.0
784 silly placeDep ROOT is-stream@3.0.0 OK for: execa@8.0.1 want: ^3.0.0
785 silly placeDep ROOT merge-stream@2.0.0 OK for: execa@8.0.1 want: ^2.0.0
786 silly placeDep ROOT npm-run-path@5.3.0 OK for: execa@8.0.1 want: ^5.1.0
787 silly placeDep ROOT onetime@6.0.0 OK for: execa@8.0.1 want: ^6.0.0
788 silly placeDep ROOT strip-final-newline@3.0.0 OK for: execa@8.0.1 want: ^3.0.0
789 silly fetch manifest path-key@^4.0.0
790 silly packumentCache full:https://registry.npmjs.org/path-key cache-miss
791 silly fetch manifest mimic-fn@^4.0.0
792 silly packumentCache full:https://registry.npmjs.org/mimic-fn cache-miss
793 http cache https://registry.npmjs.org/mimic-fn 5ms (cache hit)
794 silly packumentCache full:https://registry.npmjs.org/mimic-fn set size:22257 disposed:false
795 http cache https://registry.npmjs.org/path-key 6ms (cache hit)
796 silly packumentCache full:https://registry.npmjs.org/path-key set size:16975 disposed:false
797 silly placeDep ROOT boolean@3.2.0 OK for: global-agent@3.0.0 want: ^3.0.1
798 silly placeDep ROOT es6-error@4.1.1 OK for: global-agent@3.0.0 want: ^4.1.1
799 silly placeDep ROOT matcher@3.0.0 OK for: global-agent@3.0.0 want: ^3.0.0
800 silly placeDep ROOT roarr@2.15.4 OK for: global-agent@3.0.0 want: ^2.15.3
801 silly placeDep ROOT semver@7.7.4 OK for: global-agent@3.0.0 want: ^7.3.2
802 silly placeDep ROOT serialize-error@7.0.1 OK for: global-agent@3.0.0 want: ^7.0.1
803 silly fetch manifest escape-string-regexp@^4.0.0
804 silly packumentCache full:https://registry.npmjs.org/escape-string-regexp cache-miss
805 silly fetch manifest globalthis@^1.0.1
806 silly packumentCache full:https://registry.npmjs.org/globalthis cache-miss
807 silly fetch manifest sprintf-js@^1.1.2
808 silly packumentCache full:https://registry.npmjs.org/sprintf-js cache-miss
809 silly fetch manifest detect-node@^2.0.4
810 silly packumentCache full:https://registry.npmjs.org/detect-node cache-miss
811 silly fetch manifest semver-compare@^1.0.0
812 silly packumentCache full:https://registry.npmjs.org/semver-compare cache-miss
813 silly fetch manifest json-stringify-safe@^5.0.1
814 silly packumentCache full:https://registry.npmjs.org/json-stringify-safe cache-miss
815 silly fetch manifest type-fest@^0.13.1
816 silly packumentCache full:https://registry.npmjs.org/type-fest cache-hit
817 http fetch GET 200 https://registry.npmjs.org/detect-node 154ms (cache miss)
818 silly packumentCache full:https://registry.npmjs.org/detect-node set size:undefined disposed:false
819 http fetch GET 200 https://registry.npmjs.org/semver-compare 154ms (cache miss)
820 silly packumentCache full:https://registry.npmjs.org/semver-compare set size:undefined disposed:false
821 http fetch GET 200 https://registry.npmjs.org/json-stringify-safe 156ms (cache miss)
822 silly packumentCache full:https://registry.npmjs.org/json-stringify-safe set size:undefined disposed:false
823 http fetch GET 200 https://registry.npmjs.org/escape-string-regexp 159ms (cache miss)
824 silly packumentCache full:https://registry.npmjs.org/escape-string-regexp set size:undefined disposed:false
825 http fetch GET 200 https://registry.npmjs.org/sprintf-js 198ms (cache miss)
826 silly packumentCache full:https://registry.npmjs.org/sprintf-js set size:undefined disposed:false
827 http fetch GET 200 https://registry.npmjs.org/globalthis 199ms (cache miss)
828 silly packumentCache full:https://registry.npmjs.org/globalthis set size:undefined disposed:false
829 silly placeDep ROOT decamelize@6.0.1 OK for: humanize-string@3.1.0 want: ^6.0.0
830 silly placeDep ROOT safer-buffer@2.1.2 OK for: iconv-lite@0.7.2 want: >= 2.1.2 < 3.0.0
831 silly placeDep ROOT run-async@4.0.6 OK for: inquirer@13.3.2 want: ^4.0.6
832 silly placeDep ROOT rxjs@7.8.2 OK for: inquirer@13.3.2 want: ^7.8.2
833 silly fetch manifest tslib@^2.1.0
834 silly packumentCache full:https://registry.npmjs.org/tslib cache-miss
835 http fetch GET 200 https://registry.npmjs.org/tslib 206ms (cache miss)
836 silly packumentCache full:https://registry.npmjs.org/tslib set size:undefined disposed:false
837 silly placeDep ROOT yoctocolors@2.1.2 OK for: log-symbols@7.0.1 want: ^2.1.1
838 silly placeDep ROOT escape-string-regexp@4.0.0 OK for: matcher@3.0.0 want: ^4.0.0
839 silly placeDep ROOT map-age-cleaner@0.1.3 OK for: mem@5.1.1 want: ^0.1.3
840 silly placeDep ROOT mimic-fn@2.1.0 OK for: mem@5.1.1 want: ^2.1.0
841 silly placeDep ROOT p-is-promise@2.1.0 OK for: mem@5.1.1 want: ^2.1.0
842 silly fetch manifest p-defer@^1.0.0
843 silly packumentCache full:https://registry.npmjs.org/p-defer cache-miss
844 http fetch GET 200 https://registry.npmjs.org/p-defer 215ms (cache miss)
845 silly packumentCache full:https://registry.npmjs.org/p-defer set size:undefined disposed:false
846 silly placeDep ROOT p-defer@1.0.0 OK for: map-age-cleaner@0.1.3 want: ^1.0.0
847 silly placeDep ROOT ky@1.14.3 OK for: npm-keyword@8.0.0 want: ^1.2.1
848 silly placeDep ROOT registry-url@6.0.1 OK for: npm-keyword@8.0.0 want: ^6.0.1
849 silly placeDep node_modules/npm-run-path path-key@4.0.0 OK for: npm-run-path@5.3.0 want: ^4.0.0
850 silly placeDep node_modules/onetime mimic-fn@4.0.0 OK for: onetime@6.0.0 want: ^4.0.0
851 silly placeDep ROOT default-browser@5.5.0 OK for: open@11.0.0 want: ^5.4.0
852 silly placeDep ROOT define-lazy-prop@3.0.0 OK for: open@11.0.0 want: ^3.0.0
853 silly placeDep ROOT is-in-ssh@1.0.0 OK for: open@11.0.0 want: ^1.0.0
854 silly placeDep ROOT is-inside-container@1.0.0 OK for: open@11.0.0 want: ^1.0.0
855 silly placeDep ROOT powershell-utils@0.1.0 OK for: open@11.0.0 want: ^0.1.0
856 silly placeDep ROOT wsl-utils@0.3.1 OK for: open@11.0.0 want: ^0.3.0
857 silly fetch manifest bundle-name@^4.1.0
858 silly packumentCache full:https://registry.npmjs.org/bundle-name cache-miss
859 silly fetch manifest default-browser-id@^5.0.0
860 silly packumentCache full:https://registry.npmjs.org/default-browser-id cache-miss
861 silly fetch manifest is-docker@^3.0.0
862 silly packumentCache full:https://registry.npmjs.org/is-docker cache-miss
863 silly fetch manifest is-wsl@^3.1.0
864 silly packumentCache full:https://registry.npmjs.org/is-wsl cache-miss
865 http fetch GET 200 https://registry.npmjs.org/default-browser-id 151ms (cache miss)
866 silly packumentCache full:https://registry.npmjs.org/default-browser-id set size:undefined disposed:false
867 http fetch GET 200 https://registry.npmjs.org/bundle-name 152ms (cache miss)
868 silly packumentCache full:https://registry.npmjs.org/bundle-name set size:undefined disposed:false
869 http fetch GET 200 https://registry.npmjs.org/is-wsl 187ms (cache miss)
870 silly packumentCache full:https://registry.npmjs.org/is-wsl set size:undefined disposed:false
871 http fetch GET 200 https://registry.npmjs.org/is-docker 376ms (cache miss)
872 silly packumentCache full:https://registry.npmjs.org/is-docker set size:undefined disposed:false
873 silly placeDep ROOT bundle-name@4.1.0 OK for: default-browser@5.5.0 want: ^4.1.0
874 silly placeDep ROOT default-browser-id@5.0.1 OK for: default-browser@5.5.0 want: ^5.0.0
875 silly fetch manifest run-applescript@^7.0.0
876 silly packumentCache full:https://registry.npmjs.org/run-applescript cache-miss
877 http fetch GET 200 https://registry.npmjs.org/run-applescript 383ms (cache miss)
878 silly packumentCache full:https://registry.npmjs.org/run-applescript set size:undefined disposed:false
879 silly placeDep ROOT run-applescript@7.1.0 OK for: bundle-name@4.1.0 want: ^7.0.0
880 silly placeDep ROOT is-docker@3.0.0 OK for: is-inside-container@1.0.0 want: ^3.0.0
881 silly placeDep ROOT cli-cursor@5.0.0 OK for: ora@9.3.0 want: ^5.0.0
882 silly placeDep ROOT cli-spinners@3.4.0 OK for: ora@9.3.0 want: ^3.2.0
883 silly placeDep ROOT is-interactive@2.0.0 OK for: ora@9.3.0 want: ^2.0.0
884 silly placeDep ROOT stdin-discarder@0.3.1 OK for: ora@9.3.0 want: ^0.3.1
885 silly placeDep ROOT string-width@8.2.0 OK for: ora@9.3.0 want: ^8.1.0
886 silly fetch manifest restore-cursor@^5.0.0
887 silly packumentCache full:https://registry.npmjs.org/restore-cursor cache-miss
888 silly fetch manifest get-east-asian-width@^1.5.0
889 silly packumentCache full:https://registry.npmjs.org/get-east-asian-width cache-miss
890 silly fetch manifest strip-ansi@^7.1.2
891 silly packumentCache full:https://registry.npmjs.org/strip-ansi cache-miss
892 http cache https://registry.npmjs.org/strip-ansi 5ms (cache hit)
893 silly packumentCache full:https://registry.npmjs.org/strip-ansi set size:44998 disposed:false
894 http fetch GET 200 https://registry.npmjs.org/get-east-asian-width 147ms (cache miss)
895 silly packumentCache full:https://registry.npmjs.org/get-east-asian-width set size:undefined disposed:false
896 http fetch GET 200 https://registry.npmjs.org/restore-cursor 215ms (cache miss)
897 silly packumentCache full:https://registry.npmjs.org/restore-cursor set size:undefined disposed:false
898 silly placeDep ROOT restore-cursor@5.1.0 OK for: cli-cursor@5.0.0 want: ^5.0.0
899 silly fetch manifest onetime@^7.0.0
900 silly packumentCache full:https://registry.npmjs.org/onetime cache-miss
901 http cache https://registry.npmjs.org/onetime 6ms (cache hit)
902 silly packumentCache full:https://registry.npmjs.org/onetime set size:32314 disposed:false
903 silly placeDep ROOT p-cancelable@3.0.0 OK for: p-any@4.0.0 want: ^3.0.0
904 silly placeDep ROOT p-some@6.0.0 OK for: p-any@4.0.0 want: ^6.0.0
905 silly fetch manifest aggregate-error@^4.0.0
906 silly packumentCache full:https://registry.npmjs.org/aggregate-error cache-miss
907 http fetch GET 200 https://registry.npmjs.org/aggregate-error 145ms (cache miss)
908 silly packumentCache full:https://registry.npmjs.org/aggregate-error set size:undefined disposed:false
909 silly placeDep ROOT eventemitter3@5.0.4 OK for: p-queue@9.1.0 want: ^5.0.1
910 silly placeDep ROOT p-timeout@7.0.1 OK for: p-queue@9.1.0 want: ^7.0.0
911 silly placeDep ROOT aggregate-error@4.0.1 OK for: p-some@6.0.0 want: ^4.0.0
912 silly fetch manifest clean-stack@^4.0.0
913 silly packumentCache full:https://registry.npmjs.org/clean-stack cache-miss
914 silly fetch manifest indent-string@^5.0.0
915 silly packumentCache full:https://registry.npmjs.org/indent-string cache-miss
916 http fetch GET 200 https://registry.npmjs.org/clean-stack 154ms (cache miss)
917 silly packumentCache full:https://registry.npmjs.org/clean-stack set size:undefined disposed:false
918 http fetch GET 200 https://registry.npmjs.org/indent-string 264ms (cache revalidated)
919 silly packumentCache full:https://registry.npmjs.org/indent-string set size:28547 disposed:false
920 silly placeDep ROOT clean-stack@4.2.0 OK for: aggregate-error@4.0.1 want: ^4.0.0
921 silly placeDep ROOT indent-string@5.0.0 OK for: aggregate-error@4.0.1 want: ^5.0.0
922 silly fetch manifest escape-string-regexp@5.0.0
923 silly packumentCache full:https://registry.npmjs.org/escape-string-regexp cache-miss
924 http cache https://registry.npmjs.org/escape-string-regexp 3ms (cache hit)
925 silly packumentCache full:https://registry.npmjs.org/escape-string-regexp set size:22244 disposed:false
926 silly placeDep node_modules/clean-stack escape-string-regexp@5.0.0 OK for: clean-stack@4.2.0 want: 5.0.0
927 silly placeDep ROOT registry-auth-token@5.1.1 OK for: package-json@10.0.1 want: ^5.0.2
928 silly fetch manifest @pnpm/npm-conf@^3.0.2
929 silly packumentCache full:https://registry.npmjs.org/@pnpm%2fnpm-conf cache-miss
930 http fetch GET 200 https://registry.npmjs.org/@pnpm%2fnpm-conf 164ms (cache miss)
931 silly packumentCache full:https://registry.npmjs.org/@pnpm%2fnpm-conf set size:undefined disposed:false
932 silly placeDep ROOT execall@3.0.0 OK for: parse-help@2.0.0 want: ^3.0.0
933 silly fetch manifest clone-regexp@^3.0.0
934 silly packumentCache full:https://registry.npmjs.org/clone-regexp cache-miss
935 http fetch GET 200 https://registry.npmjs.org/clone-regexp 351ms (cache miss)
936 silly packumentCache full:https://registry.npmjs.org/clone-regexp set size:undefined disposed:false
937 silly placeDep ROOT clone-regexp@3.0.0 OK for: execall@3.0.0 want: ^3.0.0
938 silly fetch manifest is-regexp@^3.0.0
939 silly packumentCache full:https://registry.npmjs.org/is-regexp cache-miss
940 http fetch GET 200 https://registry.npmjs.org/is-regexp 157ms (cache miss)
941 silly packumentCache full:https://registry.npmjs.org/is-regexp set size:undefined disposed:false
942 silly placeDep ROOT is-regexp@3.1.0 OK for: clone-regexp@3.0.0 want: ^3.0.0
943 silly placeDep node_modules/passwd-user execa@5.1.1 OK for: passwd-user@4.0.0 want: ^5.1.1
944 silly fetch manifest onetime@^5.1.2
945 silly packumentCache full:https://registry.npmjs.org/onetime cache-hit
946 silly fetch manifest is-stream@^2.0.0
947 silly packumentCache full:https://registry.npmjs.org/is-stream cache-miss
948 silly fetch manifest get-stream@^6.0.0
949 silly packumentCache full:https://registry.npmjs.org/get-stream cache-miss
950 silly fetch manifest signal-exit@^3.0.3
951 silly packumentCache full:https://registry.npmjs.org/signal-exit cache-hit
952 silly fetch manifest npm-run-path@^4.0.1
953 silly packumentCache full:https://registry.npmjs.org/npm-run-path cache-miss
954 silly fetch manifest human-signals@^2.1.0
955 silly packumentCache full:https://registry.npmjs.org/human-signals cache-miss
956 silly fetch manifest strip-final-newline@^2.0.0
957 silly packumentCache full:https://registry.npmjs.org/strip-final-newline cache-miss
958 http cache https://registry.npmjs.org/is-stream 13ms (cache hit)
959 silly packumentCache full:https://registry.npmjs.org/is-stream set size:18582 disposed:false
960 http cache https://registry.npmjs.org/npm-run-path 14ms (cache hit)
961 silly packumentCache full:https://registry.npmjs.org/npm-run-path set size:33596 disposed:false
962 http cache https://registry.npmjs.org/get-stream 16ms (cache hit)
963 silly packumentCache full:https://registry.npmjs.org/get-stream set size:57536 disposed:false
964 http cache https://registry.npmjs.org/human-signals 17ms (cache hit)
965 silly packumentCache full:https://registry.npmjs.org/human-signals set size:47322 disposed:false
966 http cache https://registry.npmjs.org/strip-final-newline 20ms (cache hit)
967 silly packumentCache full:https://registry.npmjs.org/strip-final-newline set size:9328 disposed:false
968 silly placeDep ROOT deep-extend@0.6.0 OK for: rc@1.2.8 want: ^0.6.0
969 silly placeDep ROOT ini@1.3.8 OK for: rc@1.2.8 want: ~1.3.0
970 silly placeDep ROOT minimist@1.2.8 OK for: rc@1.2.8 want: ^1.2.0
971 silly placeDep ROOT strip-json-comments@2.0.1 OK for: rc@1.2.8 want: ~2.0.1
972 silly placeDep ROOT find-up-simple@1.0.1 OK for: read-package-up@12.0.0 want: ^1.0.1
973 silly placeDep ROOT read-pkg@10.1.0 OK for: read-package-up@12.0.0 want: ^10.0.0
974 silly fetch manifest @types/normalize-package-data@^2.4.4
975 silly packumentCache full:https://registry.npmjs.org/@types%2fnormalize-package-data cache-miss
976 silly fetch manifest normalize-package-data@^8.0.0
977 silly packumentCache full:https://registry.npmjs.org/normalize-package-data cache-miss
978 silly fetch manifest parse-json@^8.3.0
979 silly packumentCache full:https://registry.npmjs.org/parse-json cache-miss
980 silly fetch manifest unicorn-magic@^0.4.0
981 silly packumentCache full:https://registry.npmjs.org/unicorn-magic cache-miss
982 http fetch GET 200 https://registry.npmjs.org/parse-json 155ms (cache miss)
983 silly packumentCache full:https://registry.npmjs.org/parse-json set size:undefined disposed:false
984 http fetch GET 200 https://registry.npmjs.org/normalize-package-data 167ms (cache miss)
985 silly packumentCache full:https://registry.npmjs.org/normalize-package-data set size:undefined disposed:false
986 http fetch GET 200 https://registry.npmjs.org/@types%2fnormalize-package-data 191ms (cache miss)
987 silly packumentCache full:https://registry.npmjs.org/@types%2fnormalize-package-data set size:undefined disposed:false
988 http fetch GET 200 https://registry.npmjs.org/unicorn-magic 192ms (cache miss)
989 silly packumentCache full:https://registry.npmjs.org/unicorn-magic set size:undefined disposed:false
990 silly placeDep ROOT @types/normalize-package-data@2.4.4 OK for: read-pkg@10.1.0 want: ^2.4.4
991 silly placeDep ROOT normalize-package-data@8.0.0 OK for: read-pkg@10.1.0 want: ^8.0.0
992 silly placeDep ROOT parse-json@8.3.0 OK for: read-pkg@10.1.0 want: ^8.3.0
993 silly placeDep ROOT unicorn-magic@0.4.0 OK for: read-pkg@10.1.0 want: ^0.4.0
994 silly fetch manifest hosted-git-info@^9.0.0
995 silly packumentCache full:https://registry.npmjs.org/hosted-git-info cache-miss
996 silly fetch manifest validate-npm-package-license@^3.0.4
997 silly packumentCache full:https://registry.npmjs.org/validate-npm-package-license cache-miss
998 silly fetch manifest @babel/code-frame@^7.26.2
999 silly packumentCache full:https://registry.npmjs.org/@babel%2fcode-frame cache-miss
1000 silly fetch manifest index-to-position@^1.1.0
1001 silly packumentCache full:https://registry.npmjs.org/index-to-position cache-miss
1002 silly fetch manifest type-fest@^4.39.1
1003 silly packumentCache full:https://registry.npmjs.org/type-fest cache-hit
1004 http fetch GET 200 https://registry.npmjs.org/hosted-git-info 181ms (cache miss)
1005 silly packumentCache full:https://registry.npmjs.org/hosted-git-info set size:undefined disposed:false
1006 http fetch GET 200 https://registry.npmjs.org/@babel%2fcode-frame 197ms (cache miss)
1007 silly packumentCache full:https://registry.npmjs.org/@babel%2fcode-frame set size:undefined disposed:false
1008 http fetch GET 200 https://registry.npmjs.org/validate-npm-package-license 203ms (cache miss)
1009 silly packumentCache full:https://registry.npmjs.org/validate-npm-package-license set size:undefined disposed:false
1010 http fetch GET 200 https://registry.npmjs.org/index-to-position 642ms (cache miss)
1011 silly packumentCache full:https://registry.npmjs.org/index-to-position set size:undefined disposed:false
1012 silly placeDep ROOT hosted-git-info@9.0.2 OK for: normalize-package-data@8.0.0 want: ^9.0.0
1013 silly placeDep ROOT validate-npm-package-license@3.0.4 OK for: normalize-package-data@8.0.0 want: ^3.0.4
1014 silly fetch manifest lru-cache@^11.1.0
1015 silly packumentCache full:https://registry.npmjs.org/lru-cache cache-miss
1016 silly fetch manifest spdx-correct@^3.0.0
1017 silly packumentCache full:https://registry.npmjs.org/spdx-correct cache-miss
1018 silly fetch manifest spdx-expression-parse@^3.0.0
1019 silly packumentCache full:https://registry.npmjs.org/spdx-expression-parse cache-miss
1020 http fetch GET 200 https://registry.npmjs.org/spdx-correct 154ms (cache miss)
1021 silly packumentCache full:https://registry.npmjs.org/spdx-correct set size:undefined disposed:false
1022 http fetch GET 200 https://registry.npmjs.org/lru-cache 191ms (cache revalidated)
1023 silly packumentCache full:https://registry.npmjs.org/lru-cache set size:416454 disposed:false
1024 http fetch GET 200 https://registry.npmjs.org/spdx-expression-parse 386ms (cache miss)
1025 silly packumentCache full:https://registry.npmjs.org/spdx-expression-parse set size:undefined disposed:false
1026 silly placeDep ROOT lru-cache@11.2.7 OK for: hosted-git-info@9.0.2 want: ^11.1.0
1027 silly placeDep ROOT @babel/code-frame@7.29.0 OK for: parse-json@8.3.0 want: ^7.26.2
1028 silly placeDep ROOT index-to-position@1.2.0 OK for: parse-json@8.3.0 want: ^1.1.0
1029 silly placeDep node_modules/parse-json type-fest@4.41.0 OK for: parse-json@8.3.0 want: ^4.39.1
1030 silly fetch manifest js-tokens@^4.0.0
1031 silly packumentCache full:https://registry.npmjs.org/js-tokens cache-miss
1032 silly fetch manifest picocolors@^1.1.1
1033 silly packumentCache full:https://registry.npmjs.org/picocolors cache-miss
1034 silly fetch manifest @babel/helper-validator-identifier@^7.28.5
1035 silly packumentCache full:https://registry.npmjs.org/@babel%2fhelper-validator-identifier cache-miss
1036 http fetch GET 200 https://registry.npmjs.org/picocolors 157ms (cache miss)
1037 silly packumentCache full:https://registry.npmjs.org/picocolors set size:undefined disposed:false
1038 http fetch GET 200 https://registry.npmjs.org/@babel%2fhelper-validator-identifier 164ms (cache miss)
1039 silly packumentCache full:https://registry.npmjs.org/@babel%2fhelper-validator-identifier set size:undefined disposed:false
1040 http fetch GET 200 https://registry.npmjs.org/js-tokens 229ms (cache revalidated)
1041 silly packumentCache full:https://registry.npmjs.org/js-tokens set size:41947 disposed:false
1042 silly placeDep ROOT @babel/helper-validator-identifier@7.28.5 OK for: @babel/code-frame@7.29.0 want: ^7.28.5
1043 silly placeDep ROOT js-tokens@4.0.0 OK for: @babel/code-frame@7.29.0 want: ^4.0.0
1044 silly placeDep ROOT picocolors@1.1.1 OK for: @babel/code-frame@7.29.0 want: ^1.1.1
1045 silly placeDep ROOT @pnpm/npm-conf@3.0.2 OK for: registry-auth-token@5.1.1 want: ^3.0.2
1046 silly fetch manifest @pnpm/config.env-replace@^1.1.0
1047 silly packumentCache full:https://registry.npmjs.org/@pnpm%2fconfig.env-replace cache-miss
1048 silly fetch manifest @pnpm/network.ca-file@^1.0.1
1049 silly packumentCache full:https://registry.npmjs.org/@pnpm%2fnetwork.ca-file cache-miss
1050 silly fetch manifest config-chain@^1.1.11
1051 silly packumentCache full:https://registry.npmjs.org/config-chain cache-miss
1052 http fetch GET 200 https://registry.npmjs.org/@pnpm%2fnetwork.ca-file 162ms (cache miss)
1053 silly packumentCache full:https://registry.npmjs.org/@pnpm%2fnetwork.ca-file set size:undefined disposed:false
1054 http fetch GET 200 https://registry.npmjs.org/@pnpm%2fconfig.env-replace 166ms (cache miss)
1055 silly packumentCache full:https://registry.npmjs.org/@pnpm%2fconfig.env-replace set size:undefined disposed:false
1056 http fetch GET 200 https://registry.npmjs.org/config-chain 277ms (cache miss)
1057 silly packumentCache full:https://registry.npmjs.org/config-chain set size:undefined disposed:false
1058 silly placeDep ROOT @pnpm/config.env-replace@1.1.0 OK for: @pnpm/npm-conf@3.0.2 want: ^1.1.0
1059 silly placeDep ROOT @pnpm/network.ca-file@1.0.2 OK for: @pnpm/npm-conf@3.0.2 want: ^1.0.1
1060 silly placeDep ROOT config-chain@1.1.13 OK for: @pnpm/npm-conf@3.0.2 want: ^1.1.11
1061 silly fetch manifest graceful-fs@4.2.10
1062 silly packumentCache full:https://registry.npmjs.org/graceful-fs cache-miss
1063 silly fetch manifest proto-list@~1.2.1
1064 silly packumentCache full:https://registry.npmjs.org/proto-list cache-miss
1065 http cache https://registry.npmjs.org/graceful-fs 6ms (cache hit)
1066 silly packumentCache full:https://registry.npmjs.org/graceful-fs set size:124285 disposed:false
1067 http fetch GET 200 https://registry.npmjs.org/proto-list 181ms (cache miss)
1068 silly packumentCache full:https://registry.npmjs.org/proto-list set size:undefined disposed:false
1069 silly placeDep node_modules/@pnpm/network.ca-file graceful-fs@4.2.10 OK for: @pnpm/network.ca-file@1.0.2 want: 4.2.10
1070 silly placeDep ROOT proto-list@1.2.4 OK for: config-chain@1.1.13 want: ~1.2.1
1071 silly placeDep node_modules/restore-cursor onetime@7.0.0 OK for: restore-cursor@5.1.0 want: ^7.0.0
1072 silly fetch manifest mimic-function@^5.0.0
1073 silly packumentCache full:https://registry.npmjs.org/mimic-function cache-miss
1074 http fetch GET 200 https://registry.npmjs.org/mimic-function 142ms (cache miss)
1075 silly packumentCache full:https://registry.npmjs.org/mimic-function set size:undefined disposed:false
1076 silly placeDep ROOT detect-node@2.1.0 OK for: roarr@2.15.4 want: ^2.0.4
1077 silly placeDep ROOT globalthis@1.0.4 OK for: roarr@2.15.4 want: ^1.0.1
1078 silly placeDep ROOT json-stringify-safe@5.0.1 OK for: roarr@2.15.4 want: ^5.0.1
1079 silly placeDep ROOT semver-compare@1.0.0 OK for: roarr@2.15.4 want: ^1.0.0
1080 silly placeDep ROOT sprintf-js@1.1.3 OK for: roarr@2.15.4 want: ^1.1.2
1081 silly fetch manifest define-properties@^1.2.1
1082 silly packumentCache full:https://registry.npmjs.org/define-properties cache-miss
1083 silly fetch manifest gopd@^1.0.1
1084 silly packumentCache full:https://registry.npmjs.org/gopd cache-miss
1085 http fetch GET 200 https://registry.npmjs.org/define-properties 149ms (cache miss)
1086 silly packumentCache full:https://registry.npmjs.org/define-properties set size:undefined disposed:false
1087 http fetch GET 200 https://registry.npmjs.org/gopd 181ms (cache miss)
1088 silly packumentCache full:https://registry.npmjs.org/gopd set size:undefined disposed:false
1089 silly placeDep ROOT define-properties@1.2.1 OK for: globalthis@1.0.4 want: ^1.2.1
1090 silly placeDep ROOT gopd@1.2.0 OK for: globalthis@1.0.4 want: ^1.0.1
1091 silly fetch manifest define-data-property@^1.0.1
1092 silly packumentCache full:https://registry.npmjs.org/define-data-property cache-miss
1093 silly fetch manifest has-property-descriptors@^1.0.0
1094 silly packumentCache full:https://registry.npmjs.org/has-property-descriptors cache-miss
1095 silly fetch manifest object-keys@^1.1.1
1096 silly packumentCache full:https://registry.npmjs.org/object-keys cache-miss
1097 http fetch GET 200 https://registry.npmjs.org/define-data-property 146ms (cache miss)
1098 silly packumentCache full:https://registry.npmjs.org/define-data-property set size:undefined disposed:false
1099 http fetch GET 200 https://registry.npmjs.org/has-property-descriptors 148ms (cache miss)
1100 silly packumentCache full:https://registry.npmjs.org/has-property-descriptors set size:undefined disposed:false
1101 http fetch GET 200 https://registry.npmjs.org/object-keys 189ms (cache miss)
1102 silly packumentCache full:https://registry.npmjs.org/object-keys set size:undefined disposed:false
1103 silly placeDep ROOT define-data-property@1.1.4 OK for: define-properties@1.2.1 want: ^1.0.1
1104 silly placeDep ROOT has-property-descriptors@1.0.2 OK for: define-properties@1.2.1 want: ^1.0.0
1105 silly placeDep ROOT object-keys@1.1.1 OK for: define-properties@1.2.1 want: ^1.1.1
1106 silly fetch manifest es-define-property@^1.0.0
1107 silly packumentCache full:https://registry.npmjs.org/es-define-property cache-miss
1108 silly fetch manifest es-errors@^1.3.0
1109 silly packumentCache full:https://registry.npmjs.org/es-errors cache-miss
1110 silly fetch manifest es-define-property@^1.0.0
1111 silly packumentCache full:https://registry.npmjs.org/es-define-property cache-miss
1112 http fetch GET 200 https://registry.npmjs.org/es-define-property 149ms (cache miss)
1113 silly packumentCache full:https://registry.npmjs.org/es-define-property set size:undefined disposed:false
1114 http fetch GET 200 https://registry.npmjs.org/es-errors 151ms (cache miss)
1115 silly packumentCache full:https://registry.npmjs.org/es-errors set size:undefined disposed:false
1116 http fetch GET 200 https://registry.npmjs.org/es-define-property 173ms (cache miss)
1117 silly packumentCache full:https://registry.npmjs.org/es-define-property set size:undefined disposed:false
1118 silly placeDep ROOT es-define-property@1.0.1 OK for: define-data-property@1.1.4 want: ^1.0.0
1119 silly placeDep ROOT es-errors@1.3.0 OK for: define-data-property@1.1.4 want: ^1.3.0
1120 silly placeDep ROOT downgrade-root@2.0.0 OK for: root-check@2.0.0 want: ^2.0.0
1121 silly placeDep ROOT sudo-block@4.0.0 OK for: root-check@2.0.0 want: ^4.0.0
1122 silly fetch manifest default-uid@^2.0.0
1123 silly packumentCache full:https://registry.npmjs.org/default-uid cache-miss
1124 silly fetch manifest is-root@^3.0.0
1125 silly packumentCache full:https://registry.npmjs.org/is-root cache-miss
1126 silly fetch manifest chalk@^4.1.1
1127 silly packumentCache full:https://registry.npmjs.org/chalk cache-miss
1128 silly fetch manifest is-docker@^2.2.1
1129 silly packumentCache full:https://registry.npmjs.org/is-docker cache-miss
1130 silly fetch manifest is-root@^3.0.0
1131 silly packumentCache full:https://registry.npmjs.org/is-root cache-miss
1132 http cache https://registry.npmjs.org/is-docker 8ms (cache hit)
1133 silly packumentCache full:https://registry.npmjs.org/is-docker set size:23690 disposed:false
1134 http cache https://registry.npmjs.org/chalk 10ms (cache hit)
1135 silly packumentCache full:https://registry.npmjs.org/chalk set size:117861 disposed:false
1136 http fetch GET 200 https://registry.npmjs.org/is-root 151ms (cache miss)
1137 silly packumentCache full:https://registry.npmjs.org/is-root set size:undefined disposed:false
1138 http fetch GET 200 https://registry.npmjs.org/is-root 153ms (cache miss)
1139 silly packumentCache full:https://registry.npmjs.org/is-root set size:undefined disposed:false
1140 http fetch GET 200 https://registry.npmjs.org/default-uid 406ms (cache miss)
1141 silly packumentCache full:https://registry.npmjs.org/default-uid set size:undefined disposed:false
1142 silly placeDep ROOT default-uid@2.0.0 OK for: downgrade-root@2.0.0 want: ^2.0.0
1143 silly placeDep ROOT is-root@3.0.0 OK for: downgrade-root@2.0.0 want: ^3.0.0
1144 silly placeDep ROOT tslib@2.8.1 OK for: rxjs@7.8.2 want: ^2.1.0
1145 silly placeDep node_modules/serialize-error type-fest@0.13.1 OK for: serialize-error@7.0.1 want: ^0.13.1
1146 silly placeDep ROOT shebang-regex@3.0.0 OK for: shebang-command@2.0.0 want: ^3.0.0
1147 silly placeDep ROOT get-east-asian-width@1.5.0 OK for: string-width@8.2.0 want: ^1.5.0
1148 silly placeDep ROOT strip-ansi@7.2.0 OK for: string-width@8.2.0 want: ^7.1.2
1149 silly fetch manifest ansi-regex@^6.2.2
1150 silly packumentCache full:https://registry.npmjs.org/ansi-regex cache-hit
1151 silly placeDep ROOT ansi-regex@6.2.2 OK for: strip-ansi@7.2.0 want: ^6.2.2
1152 silly placeDep ROOT stubborn-utils@1.0.2 OK for: stubborn-fs@2.0.0 want: ^1.0.1
1153 silly placeDep node_modules/sudo-block chalk@4.1.2 OK for: sudo-block@4.0.0 want: ^4.1.1
1154 silly placeDep node_modules/sudo-block is-docker@2.2.1 OK for: sudo-block@4.0.0 want: ^2.2.1
1155 silly fetch manifest ansi-styles@^4.1.0
1156 silly packumentCache full:https://registry.npmjs.org/ansi-styles cache-hit
1157 silly fetch manifest supports-color@^7.1.0
1158 silly packumentCache full:https://registry.npmjs.org/supports-color cache-miss
1159 http cache https://registry.npmjs.org/supports-color 46ms (cache hit)
1160 silly packumentCache full:https://registry.npmjs.org/supports-color set size:118680 disposed:false
1161 silly placeDep ROOT tagged-tag@1.0.0 OK for: type-fest@5.5.0 want: ^1.0.0
1162 silly placeDep ROOT boxen@8.0.1 OK for: update-notifier@7.3.1 want: ^8.0.1
1163 silly placeDep node_modules/update-notifier configstore@7.1.0 OK for: update-notifier@7.3.1 want: ^7.0.0
1164 silly placeDep ROOT is-in-ci@1.0.0 OK for: update-notifier@7.3.1 want: ^1.0.0
1165 silly placeDep ROOT is-installed-globally@1.0.0 OK for: update-notifier@7.3.1 want: ^1.0.0
1166 silly placeDep ROOT is-npm@6.1.0 OK for: update-notifier@7.3.1 want: ^6.0.0
1167 silly placeDep ROOT latest-version@9.0.0 OK for: update-notifier@7.3.1 want: ^9.0.0
1168 silly placeDep ROOT pupa@3.3.0 OK for: update-notifier@7.3.1 want: ^3.1.0
1169 silly fetch manifest ansi-align@^3.0.1
1170 silly packumentCache full:https://registry.npmjs.org/ansi-align cache-miss
1171 silly fetch manifest camelcase@^8.0.0
1172 silly packumentCache full:https://registry.npmjs.org/camelcase cache-miss
1173 silly fetch manifest string-width@^7.2.0
1174 silly packumentCache full:https://registry.npmjs.org/string-width cache-hit
1175 silly fetch manifest type-fest@^4.21.0
1176 silly packumentCache full:https://registry.npmjs.org/type-fest cache-hit
1177 silly fetch manifest widest-line@^5.0.0
1178 silly packumentCache full:https://registry.npmjs.org/widest-line cache-miss
1179 silly fetch manifest wrap-ansi@^9.0.0
1180 silly packumentCache full:https://registry.npmjs.org/wrap-ansi cache-miss
1181 silly fetch manifest dot-prop@^9.0.0
1182 silly packumentCache full:https://registry.npmjs.org/dot-prop cache-miss
1183 silly fetch manifest global-directory@^4.0.1
1184 silly packumentCache full:https://registry.npmjs.org/global-directory cache-miss
1185 silly fetch manifest is-path-inside@^4.0.0
1186 silly packumentCache full:https://registry.npmjs.org/is-path-inside cache-miss
1187 http cache https://registry.npmjs.org/wrap-ansi 14ms (cache hit)
1188 silly packumentCache full:https://registry.npmjs.org/wrap-ansi set size:55299 disposed:false
1189 silly fetch manifest escape-goat@^4.0.0
1190 silly packumentCache full:https://registry.npmjs.org/escape-goat cache-miss
1191 http cache https://registry.npmjs.org/dot-prop 14ms (cache hit)
1192 silly packumentCache full:https://registry.npmjs.org/dot-prop set size:74769 disposed:false
1193 http fetch GET 200 https://registry.npmjs.org/is-path-inside 154ms (cache miss)
1194 silly packumentCache full:https://registry.npmjs.org/is-path-inside set size:undefined disposed:false
1195 http fetch GET 200 https://registry.npmjs.org/widest-line 161ms (cache miss)
1196 silly packumentCache full:https://registry.npmjs.org/widest-line set size:undefined disposed:false
1197 http fetch GET 200 https://registry.npmjs.org/camelcase 164ms (cache miss)
1198 silly packumentCache full:https://registry.npmjs.org/camelcase set size:undefined disposed:false
1199 http fetch GET 200 https://registry.npmjs.org/escape-goat 150ms (cache miss)
1200 silly packumentCache full:https://registry.npmjs.org/escape-goat set size:undefined disposed:false
1201 http fetch GET 200 https://registry.npmjs.org/global-directory 393ms (cache miss)
1202 silly packumentCache full:https://registry.npmjs.org/global-directory set size:undefined disposed:false
1203 http fetch GET 200 https://registry.npmjs.org/ansi-align 489ms (cache miss)
1204 silly packumentCache full:https://registry.npmjs.org/ansi-align set size:undefined disposed:false
1205 silly placeDep ROOT ansi-align@3.0.1 OK for: boxen@8.0.1 want: ^3.0.1
1206 silly placeDep ROOT camelcase@8.0.0 OK for: boxen@8.0.1 want: ^8.0.0
1207 silly placeDep ROOT cli-boxes@3.0.0 OK for: boxen@8.0.1 want: ^3.0.0
1208 silly placeDep node_modules/boxen string-width@7.2.0 OK for: boxen@8.0.1 want: ^7.2.0
1209 silly placeDep node_modules/boxen type-fest@4.41.0 OK for: boxen@8.0.1 want: ^4.21.0
1210 silly placeDep ROOT widest-line@5.0.0 OK for: boxen@8.0.1 want: ^5.0.0
1211 silly placeDep ROOT wrap-ansi@9.0.2 OK for: boxen@8.0.1 want: ^9.0.0
1212 silly fetch manifest string-width@^4.1.0
1213 silly packumentCache full:https://registry.npmjs.org/string-width cache-hit
1214 silly fetch manifest emoji-regex@^10.3.0
1215 silly packumentCache full:https://registry.npmjs.org/emoji-regex cache-miss
1216 silly fetch manifest string-width@^7.0.0
1217 silly packumentCache full:https://registry.npmjs.org/string-width cache-hit
1218 silly fetch manifest string-width@^7.0.0
1219 silly packumentCache full:https://registry.npmjs.org/string-width cache-hit
1220 http fetch GET 200 https://registry.npmjs.org/emoji-regex 414ms (cache miss)
1221 silly packumentCache full:https://registry.npmjs.org/emoji-regex set size:undefined disposed:false
1222 silly placeDep node_modules/ansi-align string-width@4.2.3 OK for: ansi-align@3.0.1 want: ^4.1.0
1223 silly fetch manifest strip-ansi@^6.0.1
1224 silly packumentCache full:https://registry.npmjs.org/strip-ansi cache-hit
1225 silly fetch manifest emoji-regex@^8.0.0
1226 silly packumentCache full:https://registry.npmjs.org/emoji-regex cache-miss
1227 silly fetch manifest is-fullwidth-code-point@^3.0.0
1228 silly packumentCache full:https://registry.npmjs.org/is-fullwidth-code-point cache-miss
1229 http cache https://registry.npmjs.org/emoji-regex 5ms (cache hit)
1230 silly packumentCache full:https://registry.npmjs.org/emoji-regex set size:89088 disposed:false
1231 http fetch GET 200 https://registry.npmjs.org/is-fullwidth-code-point 149ms (cache miss)
1232 silly packumentCache full:https://registry.npmjs.org/is-fullwidth-code-point set size:undefined disposed:false
1233 silly placeDep ROOT global-directory@4.0.1 OK for: is-installed-globally@1.0.0 want: ^4.0.1
1234 silly placeDep ROOT is-path-inside@4.0.0 OK for: is-installed-globally@1.0.0 want: ^4.0.0
1235 silly fetch manifest ini@4.1.1
1236 silly packumentCache full:https://registry.npmjs.org/ini cache-hit
1237 silly placeDep node_modules/global-directory ini@4.1.1 OK for: global-directory@4.0.1 want: 4.1.1
1238 silly placeDep ROOT escape-goat@4.0.0 OK for: pupa@3.3.0 want: ^4.0.0
1239 silly placeDep ROOT spdx-correct@3.2.0 OK for: validate-npm-package-license@3.0.4 want: ^3.0.0
1240 silly placeDep ROOT spdx-expression-parse@3.0.1 OK for: validate-npm-package-license@3.0.4 want: ^3.0.0
1241 silly fetch manifest spdx-license-ids@^3.0.0
1242 silly packumentCache full:https://registry.npmjs.org/spdx-license-ids cache-miss
1243 silly fetch manifest spdx-exceptions@^2.1.0
1244 silly packumentCache full:https://registry.npmjs.org/spdx-exceptions cache-miss
1245 silly fetch manifest spdx-license-ids@^3.0.0
1246 silly packumentCache full:https://registry.npmjs.org/spdx-license-ids cache-miss
1247 http fetch GET 200 https://registry.npmjs.org/spdx-exceptions 184ms (cache miss)
1248 silly packumentCache full:https://registry.npmjs.org/spdx-exceptions set size:undefined disposed:false
1249 http fetch GET 200 https://registry.npmjs.org/spdx-license-ids 186ms (cache miss)
1250 silly packumentCache full:https://registry.npmjs.org/spdx-license-ids set size:undefined disposed:false
1251 http fetch GET 200 https://registry.npmjs.org/spdx-license-ids 188ms (cache miss)
1252 silly packumentCache full:https://registry.npmjs.org/spdx-license-ids set size:undefined disposed:false
1253 silly placeDep ROOT spdx-license-ids@3.0.23 OK for: spdx-correct@3.2.0 want: ^3.0.0
1254 silly placeDep ROOT spdx-exceptions@2.5.0 OK for: spdx-expression-parse@3.0.1 want: ^2.1.0
1255 silly placeDep ROOT isexe@2.0.0 OK for: which@2.0.2 want: ^2.0.0
1256 silly placeDep node_modules/widest-line string-width@7.2.0 OK for: widest-line@5.0.0 want: ^7.0.0
1257 silly placeDep ROOT ansi-styles@6.2.3 OK for: wrap-ansi@9.0.2 want: ^6.2.1
1258 silly placeDep node_modules/wrap-ansi string-width@7.2.0 OK for: wrap-ansi@9.0.2 want: ^7.0.0
1259 silly placeDep ROOT is-wsl@3.1.1 OK for: wsl-utils@0.3.1 want: ^3.1.0
1260 silly placeDep ROOT supports-color@9.4.0 OK for: yeoman-character@2.0.0 want: ^9.4.0
1261 silly placeDep ROOT binary-version-check@6.1.0 OK for: yeoman-doctor@6.0.0 want: ^6.1.0
1262 silly placeDep ROOT twig@1.17.1 OK for: yeoman-doctor@6.0.0 want: ^1.17.1
1263 silly fetch manifest binary-version@^7.1.0
1264 silly packumentCache full:https://registry.npmjs.org/binary-version cache-miss
1265 silly fetch manifest semver-truncate@^3.0.0
1266 silly packumentCache full:https://registry.npmjs.org/semver-truncate cache-miss
1267 silly fetch manifest walk@2.3.x
1268 silly packumentCache full:https://registry.npmjs.org/walk cache-miss
1269 silly fetch manifest locutus@^2.0.11
1270 silly packumentCache full:https://registry.npmjs.org/locutus cache-miss
1271 silly fetch manifest minimatch@3.0.x
1272 silly packumentCache full:https://registry.npmjs.org/minimatch cache-miss
1273 silly fetch manifest @babel/runtime@^7.8.4
1274 silly packumentCache full:https://registry.npmjs.org/@babel%2fruntime cache-miss
1275 http fetch GET 200 https://registry.npmjs.org/locutus 237ms (cache miss)
1276 silly packumentCache full:https://registry.npmjs.org/locutus set size:undefined disposed:false
1277 http fetch GET 200 https://registry.npmjs.org/@babel%2fruntime 248ms (cache revalidated)
1278 silly packumentCache full:https://registry.npmjs.org/@babel%2fruntime set size:3372292 disposed:false
1279 http fetch GET 200 https://registry.npmjs.org/minimatch 285ms (cache miss)
1280 silly packumentCache full:https://registry.npmjs.org/minimatch set size:undefined disposed:false
1281 http fetch GET 200 https://registry.npmjs.org/binary-version 478ms (cache miss)
1282 silly packumentCache full:https://registry.npmjs.org/binary-version set size:undefined disposed:false
1283 http fetch GET 200 https://registry.npmjs.org/semver-truncate 479ms (cache miss)
1284 silly packumentCache full:https://registry.npmjs.org/semver-truncate set size:undefined disposed:false
1285 http fetch GET 200 https://registry.npmjs.org/walk 932ms (cache miss)
1286 silly packumentCache full:https://registry.npmjs.org/walk set size:undefined disposed:false
1287 silly placeDep ROOT binary-version@7.1.0 OK for: binary-version-check@6.1.0 want: ^7.1.0
1288 silly placeDep ROOT semver-truncate@3.0.0 OK for: binary-version-check@6.1.0 want: ^3.0.0
1289 silly fetch manifest find-versions@^6.0.0
1290 silly packumentCache full:https://registry.npmjs.org/find-versions cache-miss
1291 http fetch GET 200 https://registry.npmjs.org/find-versions 196ms (cache miss)
1292 silly packumentCache full:https://registry.npmjs.org/find-versions set size:undefined disposed:false
1293 silly placeDep ROOT find-versions@6.0.0 OK for: binary-version@7.1.0 want: ^6.0.0
1294 silly fetch manifest semver-regex@^4.0.5
1295 silly packumentCache full:https://registry.npmjs.org/semver-regex cache-miss
1296 silly fetch manifest super-regex@^1.0.0
1297 silly packumentCache full:https://registry.npmjs.org/super-regex cache-miss
1298 http fetch GET 200 https://registry.npmjs.org/semver-regex 387ms (cache miss)
1299 silly packumentCache full:https://registry.npmjs.org/semver-regex set size:undefined disposed:false
1300 http fetch GET 200 https://registry.npmjs.org/super-regex 388ms (cache miss)
1301 silly packumentCache full:https://registry.npmjs.org/super-regex set size:undefined disposed:false
1302 silly placeDep ROOT semver-regex@4.0.5 OK for: find-versions@6.0.0 want: ^4.0.5
1303 silly placeDep ROOT super-regex@1.1.0 OK for: find-versions@6.0.0 want: ^1.0.0
1304 silly fetch manifest function-timeout@^1.0.1
1305 silly packumentCache full:https://registry.npmjs.org/function-timeout cache-miss
1306 silly fetch manifest make-asynchronous@^1.0.1
1307 silly packumentCache full:https://registry.npmjs.org/make-asynchronous cache-miss
1308 silly fetch manifest time-span@^5.1.0
1309 silly packumentCache full:https://registry.npmjs.org/time-span cache-miss
1310 http fetch GET 200 https://registry.npmjs.org/function-timeout 150ms (cache miss)
1311 silly packumentCache full:https://registry.npmjs.org/function-timeout set size:undefined disposed:false
1312 http fetch GET 200 https://registry.npmjs.org/make-asynchronous 427ms (cache miss)
1313 silly packumentCache full:https://registry.npmjs.org/make-asynchronous set size:undefined disposed:false
1314 http fetch GET 200 https://registry.npmjs.org/time-span 656ms (cache miss)
1315 silly packumentCache full:https://registry.npmjs.org/time-span set size:undefined disposed:false
1316 silly placeDep ROOT function-timeout@1.0.2 OK for: super-regex@1.1.0 want: ^1.0.1
1317 silly placeDep ROOT make-asynchronous@1.1.0 OK for: super-regex@1.1.0 want: ^1.0.1
1318 silly placeDep ROOT time-span@5.1.0 OK for: super-regex@1.1.0 want: ^5.1.0
1319 silly fetch manifest p-event@^6.0.0
1320 silly packumentCache full:https://registry.npmjs.org/p-event cache-miss
1321 silly fetch manifest type-fest@^4.6.0
1322 silly packumentCache full:https://registry.npmjs.org/type-fest cache-hit
1323 silly fetch manifest web-worker@^1.5.0
1324 silly packumentCache full:https://registry.npmjs.org/web-worker cache-miss
1325 silly fetch manifest convert-hrtime@^5.0.0
1326 silly packumentCache full:https://registry.npmjs.org/convert-hrtime cache-miss
1327 http fetch GET 200 https://registry.npmjs.org/convert-hrtime 154ms (cache miss)
1328 silly packumentCache full:https://registry.npmjs.org/convert-hrtime set size:undefined disposed:false
1329 http fetch GET 200 https://registry.npmjs.org/web-worker 156ms (cache miss)
1330 silly packumentCache full:https://registry.npmjs.org/web-worker set size:undefined disposed:false
1331 http fetch GET 200 https://registry.npmjs.org/p-event 383ms (cache miss)
1332 silly packumentCache full:https://registry.npmjs.org/p-event set size:undefined disposed:false
1333 silly placeDep ROOT p-event@6.0.1 OK for: make-asynchronous@1.1.0 want: ^6.0.0
1334 silly placeDep node_modules/make-asynchronous type-fest@4.41.0 OK for: make-asynchronous@1.1.0 want: ^4.6.0
1335 silly placeDep ROOT web-worker@1.5.0 OK for: make-asynchronous@1.1.0 want: ^1.5.0
1336 silly fetch manifest p-timeout@^6.1.2
1337 silly packumentCache full:https://registry.npmjs.org/p-timeout cache-miss
1338 http cache https://registry.npmjs.org/p-timeout 5ms (cache hit)
1339 silly packumentCache full:https://registry.npmjs.org/p-timeout set size:60739 disposed:false
1340 silly placeDep node_modules/p-event p-timeout@6.1.4 OK for: p-event@6.0.1 want: ^6.1.2
1341 silly placeDep ROOT convert-hrtime@5.0.0 OK for: time-span@5.1.0 want: ^5.0.0
1342 silly placeDep ROOT @babel/runtime@7.29.2 OK for: twig@1.17.1 want: ^7.8.4
1343 silly placeDep ROOT locutus@2.0.39 OK for: twig@1.17.1 want: ^2.0.11
1344 silly placeDep ROOT minimatch@3.0.8 OK for: twig@1.17.1 want: 3.0.x
1345 silly placeDep ROOT walk@2.3.15 OK for: twig@1.17.1 want: 2.3.x
1346 silly fetch manifest brace-expansion@^1.1.7
1347 silly packumentCache full:https://registry.npmjs.org/brace-expansion cache-miss
1348 silly fetch manifest foreachasync@^3.0.0
1349 silly packumentCache full:https://registry.npmjs.org/foreachasync cache-miss
1350 http fetch GET 200 https://registry.npmjs.org/foreachasync 157ms (cache miss)
1351 silly packumentCache full:https://registry.npmjs.org/foreachasync set size:undefined disposed:false
1352 http fetch GET 200 https://registry.npmjs.org/brace-expansion 161ms (cache miss)
1353 silly packumentCache full:https://registry.npmjs.org/brace-expansion set size:undefined disposed:false
1354 silly placeDep ROOT brace-expansion@1.1.12 OK for: minimatch@3.0.8 want: ^1.1.7
1355 silly fetch manifest concat-map@0.0.1
1356 silly packumentCache full:https://registry.npmjs.org/concat-map cache-miss
1357 silly fetch manifest balanced-match@^1.0.0
1358 silly packumentCache full:https://registry.npmjs.org/balanced-match cache-miss
1359 http fetch GET 200 https://registry.npmjs.org/balanced-match 181ms (cache miss)
1360 silly packumentCache full:https://registry.npmjs.org/balanced-match set size:undefined disposed:false
1361 http fetch GET 200 https://registry.npmjs.org/concat-map 200ms (cache miss)
1362 silly packumentCache full:https://registry.npmjs.org/concat-map set size:undefined disposed:false
1363 silly placeDep ROOT balanced-match@1.0.2 OK for: brace-expansion@1.1.12 want: ^1.0.0
1364 silly placeDep ROOT concat-map@0.0.1 OK for: brace-expansion@1.1.12 want: 0.0.1
1365 silly placeDep ROOT foreachasync@3.0.0 OK for: walk@2.3.15 want: ^3.0.0
1366 silly fetch manifest @types/node@>=20.14.8
1367 silly packumentCache full:https://registry.npmjs.org/@types%2fnode cache-miss
1368 http cache https://registry.npmjs.org/@types%2fnode 43ms (cache hit)
1369 silly packumentCache full:https://registry.npmjs.org/@types%2fnode set size:10939971 disposed:false
1370 silly fetch manifest @types/node@>=18.19.44
1371 silly packumentCache full:https://registry.npmjs.org/@types%2fnode cache-miss
1372 http cache https://registry.npmjs.org/@types%2fnode 39ms (cache hit)
1373 silly packumentCache full:https://registry.npmjs.org/@types%2fnode set size:10939971 disposed:false
1374 silly fetch manifest @types/node@>=20
1375 silly packumentCache full:https://registry.npmjs.org/@types%2fnode cache-miss
1376 http cache https://registry.npmjs.org/@types%2fnode 40ms (cache hit)
1377 silly packumentCache full:https://registry.npmjs.org/@types%2fnode set size:10939971 disposed:false
1378 silly placeDep ROOT @yeoman/conflicter@4.0.1 OK for: yeoman-environment@6.0.0 want: ^4.0.1
1379 silly placeDep ROOT mem-fs@4.1.4 OK for: @yeoman/conflicter@4.0.1 want: ^4.0.0
1380 silly placeDep ROOT @yeoman/namespace@1.0.1 OK for: yeoman-environment@6.0.0 want: ^1.0.1
1381 silly placeDep ROOT @yeoman/transform@2.1.0 OK for: yeoman-environment@6.0.0 want: ^2.1.0
1382 silly placeDep ROOT arrify@3.0.0 OK for: yeoman-environment@6.0.0 want: ^3.0.0
1383 silly placeDep ROOT commander@14.0.3 OK for: yeoman-environment@6.0.0 want: ^14.0.3
1384 silly placeDep ROOT debug@4.4.3 OK for: yeoman-environment@6.0.0 want: ^4.4.3
1385 silly placeDep node_modules/yeoman-environment execa@9.6.1 OK for: yeoman-environment@6.0.0 want: ^9.6.1
1386 silly placeDep ROOT fly-import@1.0.0 OK for: yeoman-environment@6.0.0 want: ^1.0.0
1387 silly placeDep ROOT globby@16.1.1 OK for: yeoman-environment@6.0.0 want: ^16.1.1
1388 silly placeDep ROOT grouped-queue@2.1.0 OK for: yeoman-environment@6.0.0 want: ^2.1.0
1389 silly placeDep ROOT locate-path@8.0.0 OK for: yeoman-environment@6.0.0 want: ^8.0.0
1390 silly placeDep ROOT lodash-es@4.17.23 OK for: yeoman-environment@6.0.0 want: ^4.17.23
1391 silly placeDep ROOT mem-fs-editor@12.0.3 OK for: yeoman-environment@6.0.0 want: ^12.0.2
1392 silly placeDep ROOT slash@5.1.0 OK for: yeoman-environment@6.0.0 want: ^5.1.0
1393 silly placeDep ROOT untildify@6.0.0 OK for: yeoman-environment@6.0.0 want: ^6.0.0
1394 silly placeDep ROOT which-package-manager@1.0.1 OK for: yeoman-environment@6.0.0 want: ^1.0.1
1395 silly fetch manifest binary-extensions@^3.1.0
1396 silly packumentCache full:https://registry.npmjs.org/binary-extensions cache-miss
1397 silly fetch manifest cli-table@^0.3.11
1398 silly packumentCache full:https://registry.npmjs.org/cli-table cache-miss
1399 silly fetch manifest dateformat@^5.0.3
1400 silly packumentCache full:https://registry.npmjs.org/dateformat cache-miss
1401 silly fetch manifest diff@^8.0.3
1402 silly packumentCache full:https://registry.npmjs.org/diff cache-miss
1403 silly fetch manifest isbinaryfile@^5.0.4
1404 silly packumentCache full:https://registry.npmjs.org/isbinaryfile cache-miss
1405 silly fetch manifest minimatch@^10.2.4
1406 silly packumentCache full:https://registry.npmjs.org/minimatch cache-miss
1407 silly fetch manifest p-transform@^5.0.1
1408 silly packumentCache full:https://registry.npmjs.org/p-transform cache-miss
1409 http cache https://registry.npmjs.org/minimatch 11ms (cache hit)
1410 silly packumentCache full:https://registry.npmjs.org/minimatch set size:352359 disposed:false
1411 silly fetch manifest pretty-bytes@^7.1.0
1412 silly packumentCache full:https://registry.npmjs.org/pretty-bytes cache-miss
1413 http fetch GET 200 https://registry.npmjs.org/binary-extensions 191ms (cache miss)
1414 silly packumentCache full:https://registry.npmjs.org/binary-extensions set size:undefined disposed:false
1415 silly fetch manifest textextensions@^6.11.0
1416 silly packumentCache full:https://registry.npmjs.org/textextensions cache-miss
1417 http fetch GET 200 https://registry.npmjs.org/diff 196ms (cache miss)
1418 silly packumentCache full:https://registry.npmjs.org/diff set size:undefined disposed:false
1419 silly fetch manifest @types/vinyl@^2.0.12
1420 silly packumentCache full:https://registry.npmjs.org/@types%2fvinyl cache-miss
1421 http fetch GET 200 https://registry.npmjs.org/cli-table 216ms (cache miss)
1422 silly packumentCache full:https://registry.npmjs.org/cli-table set size:undefined disposed:false
1423 silly fetch manifest vinyl@^3.0.1
1424 silly packumentCache full:https://registry.npmjs.org/vinyl cache-miss
1425 http fetch GET 200 https://registry.npmjs.org/isbinaryfile 233ms (cache miss)
1426 silly packumentCache full:https://registry.npmjs.org/isbinaryfile set size:undefined disposed:false
1427 silly fetch manifest vinyl-file@^5.0.0
1428 silly packumentCache full:https://registry.npmjs.org/vinyl-file cache-miss
1429 http fetch GET 200 https://registry.npmjs.org/dateformat 266ms (cache miss)
1430 silly packumentCache full:https://registry.npmjs.org/dateformat set size:undefined disposed:false
1431 silly fetch manifest minimatch@^9.0.0
1432 silly packumentCache full:https://registry.npmjs.org/minimatch cache-hit
1433 silly fetch manifest ms@^2.1.3
1434 silly packumentCache full:https://registry.npmjs.org/ms cache-miss
1435 http fetch GET 200 https://registry.npmjs.org/pretty-bytes 332ms (cache miss)
1436 silly packumentCache full:https://registry.npmjs.org/pretty-bytes set size:undefined disposed:false
1437 silly fetch manifest @sindresorhus/merge-streams@^4.0.0
1438 silly packumentCache full:https://registry.npmjs.org/@sindresorhus%2fmerge-streams cache-miss
1439 http fetch GET 200 https://registry.npmjs.org/vinyl 177ms (cache miss)
1440 silly packumentCache full:https://registry.npmjs.org/vinyl set size:undefined disposed:false
1441 silly fetch manifest get-stream@^9.0.0
1442 silly packumentCache full:https://registry.npmjs.org/get-stream cache-hit
1443 silly fetch manifest human-signals@^8.0.1
1444 silly packumentCache full:https://registry.npmjs.org/human-signals cache-hit
1445 silly fetch manifest is-plain-obj@^4.1.0
1446 silly packumentCache full:https://registry.npmjs.org/is-plain-obj cache-miss
1447 http fetch GET 200 https://registry.npmjs.org/p-transform 459ms (cache miss)
1448 silly packumentCache full:https://registry.npmjs.org/p-transform set size:undefined disposed:false
1449 silly fetch manifest is-stream@^4.0.1
1450 silly packumentCache full:https://registry.npmjs.org/is-stream cache-hit
1451 silly fetch manifest npm-run-path@^6.0.0
1452 silly packumentCache full:https://registry.npmjs.org/npm-run-path cache-hit
1453 silly fetch manifest pretty-ms@^9.2.0
1454 silly packumentCache full:https://registry.npmjs.org/pretty-ms cache-miss
1455 http fetch GET 200 https://registry.npmjs.org/ms 218ms (cache miss)
1456 silly packumentCache full:https://registry.npmjs.org/ms set size:undefined disposed:false
1457 silly fetch manifest strip-final-newline@^4.0.0
1458 silly packumentCache full:https://registry.npmjs.org/strip-final-newline cache-hit
1459 silly fetch manifest @npmcli/arborist@^9.1.3
1460 silly packumentCache full:https://registry.npmjs.org/@npmcli%2farborist cache-miss
1461 http fetch GET 200 https://registry.npmjs.org/vinyl-file 278ms (cache miss)
1462 silly packumentCache full:https://registry.npmjs.org/vinyl-file set size:undefined disposed:false
1463 silly fetch manifest env-paths@^3.0.0
1464 silly packumentCache full:https://registry.npmjs.org/env-paths cache-miss
1465 http fetch GET 200 https://registry.npmjs.org/is-plain-obj 150ms (cache miss)
1466 silly packumentCache full:https://registry.npmjs.org/is-plain-obj set size:undefined disposed:false
1467 silly fetch manifest registry-url@^7.2.0
1468 silly packumentCache full:https://registry.npmjs.org/registry-url cache-miss
1469 http cache https://registry.npmjs.org/registry-url 6ms (cache hit)
1470 silly packumentCache full:https://registry.npmjs.org/registry-url set size:35136 disposed:false
1471 silly fetch manifest @sindresorhus/merge-streams@^4.0.0
1472 silly packumentCache full:https://registry.npmjs.org/@sindresorhus%2fmerge-streams cache-miss
1473 http fetch GET 200 https://registry.npmjs.org/@types%2fvinyl 368ms (cache miss)
1474 silly packumentCache full:https://registry.npmjs.org/@types%2fvinyl set size:undefined disposed:false
1475 silly fetch manifest fast-glob@^3.3.3
1476 silly packumentCache full:https://registry.npmjs.org/fast-glob cache-miss
1477 http fetch GET 200 https://registry.npmjs.org/@sindresorhus%2fmerge-streams 227ms (cache miss)
1478 silly packumentCache full:https://registry.npmjs.org/@sindresorhus%2fmerge-streams set size:undefined disposed:false
1479 silly fetch manifest ignore@^7.0.5
1480 silly packumentCache full:https://registry.npmjs.org/ignore cache-miss
1481 http fetch GET 200 https://registry.npmjs.org/pretty-ms 251ms (cache miss)
1482 silly packumentCache full:https://registry.npmjs.org/pretty-ms set size:undefined disposed:false
1483 silly fetch manifest p-locate@^6.0.0
1484 silly packumentCache full:https://registry.npmjs.org/p-locate cache-miss
1485 http fetch GET 200 https://registry.npmjs.org/env-paths 206ms (cache miss)
1486 silly packumentCache full:https://registry.npmjs.org/env-paths set size:undefined disposed:false
1487 silly fetch manifest @types/ejs@^3.1.5
1488 silly packumentCache full:https://registry.npmjs.org/@types%2fejs cache-miss
1489 http fetch GET 200 https://registry.npmjs.org/@sindresorhus%2fmerge-streams 182ms (cache miss)
1490 silly packumentCache full:https://registry.npmjs.org/@sindresorhus%2fmerge-streams set size:undefined disposed:false
1491 silly fetch manifest @types/picomatch@^4.0.2
1492 silly packumentCache full:https://registry.npmjs.org/@types%2fpicomatch cache-miss
1493 http fetch GET 200 https://registry.npmjs.org/textextensions 549ms (cache miss)
1494 silly packumentCache full:https://registry.npmjs.org/textextensions set size:undefined disposed:false
1495 silly fetch manifest binaryextensions@^6.11.0
1496 silly packumentCache full:https://registry.npmjs.org/binaryextensions cache-miss
1497 http fetch GET 200 https://registry.npmjs.org/fast-glob 194ms (cache miss)
1498 silly packumentCache full:https://registry.npmjs.org/fast-glob set size:undefined disposed:false
1499 silly fetch manifest commondir@^1.0.1
1500 silly packumentCache full:https://registry.npmjs.org/commondir cache-miss
1501 http fetch GET 200 https://registry.npmjs.org/@types%2fejs 172ms (cache miss)
1502 silly packumentCache full:https://registry.npmjs.org/@types%2fejs set size:undefined disposed:false
1503 silly fetch manifest ejs@^4.0.1
1504 silly packumentCache full:https://registry.npmjs.org/ejs cache-miss
1505 http fetch GET 200 https://registry.npmjs.org/p-locate 192ms (cache miss)
1506 silly packumentCache full:https://registry.npmjs.org/p-locate set size:undefined disposed:false
1507 silly fetch manifest isbinaryfile@5.0.7
1508 silly packumentCache full:https://registry.npmjs.org/isbinaryfile cache-miss
1509 http fetch GET 200 https://registry.npmjs.org/commondir 147ms (cache miss)
1510 silly packumentCache full:https://registry.npmjs.org/commondir set size:undefined disposed:false
1511 silly fetch manifest multimatch@^8.0.0
1512 silly packumentCache full:https://registry.npmjs.org/multimatch cache-miss
1513 http cache https://registry.npmjs.org/isbinaryfile 9ms (cache hit)
1514 silly packumentCache full:https://registry.npmjs.org/isbinaryfile set size:84537 disposed:false
1515 silly fetch manifest normalize-path@^3.0.0
1516 silly packumentCache full:https://registry.npmjs.org/normalize-path cache-miss
1517 http fetch GET 200 https://registry.npmjs.org/normalize-path 178ms (cache miss)
1518 silly packumentCache full:https://registry.npmjs.org/normalize-path set size:undefined disposed:false
1519 silly fetch manifest tinyglobby@^0.2.15
1520 silly packumentCache full:https://registry.npmjs.org/tinyglobby cache-miss
1521 http fetch GET 200 https://registry.npmjs.org/ejs 207ms (cache miss)
1522 silly packumentCache full:https://registry.npmjs.org/ejs set size:undefined disposed:false
1523 silly fetch manifest find-up@^7.0.0
1524 silly packumentCache full:https://registry.npmjs.org/find-up cache-miss
1525 http fetch GET 200 https://registry.npmjs.org/multimatch 199ms (cache miss)
1526 silly packumentCache full:https://registry.npmjs.org/multimatch set size:undefined disposed:false
1527 silly fetch manifest micromatch@^4.0.8
1528 silly packumentCache full:https://registry.npmjs.org/micromatch cache-miss
1529 http fetch GET 200 https://registry.npmjs.org/tinyglobby 145ms (cache miss)
1530 silly packumentCache full:https://registry.npmjs.org/tinyglobby set size:undefined disposed:false
1531 http fetch GET 200 https://registry.npmjs.org/ignore 676ms (cache miss)
1532 silly packumentCache full:https://registry.npmjs.org/ignore set size:undefined disposed:false
1533 http fetch GET 200 https://registry.npmjs.org/find-up 156ms (cache miss)
1534 silly packumentCache full:https://registry.npmjs.org/find-up set size:undefined disposed:false
1535 http fetch GET 200 https://registry.npmjs.org/micromatch 202ms (cache miss)
1536 silly packumentCache full:https://registry.npmjs.org/micromatch set size:undefined disposed:false
1537 http fetch GET 200 https://registry.npmjs.org/@npmcli%2farborist 901ms (cache miss)
1538 silly packumentCache full:https://registry.npmjs.org/@npmcli%2farborist set size:undefined disposed:false
1539 http fetch GET 200 https://registry.npmjs.org/binaryextensions 843ms (cache miss)
1540 silly packumentCache full:https://registry.npmjs.org/binaryextensions set size:undefined disposed:false
1541 http fetch GET 200 https://registry.npmjs.org/@types%2fpicomatch 891ms (cache miss)
1542 silly packumentCache full:https://registry.npmjs.org/@types%2fpicomatch set size:undefined disposed:false
1543 silly placeDep ROOT binary-extensions@3.1.0 OK for: @yeoman/conflicter@4.0.1 want: ^3.1.0
1544 silly placeDep ROOT cli-table@0.3.11 OK for: @yeoman/conflicter@4.0.1 want: ^0.3.11
1545 silly placeDep ROOT dateformat@5.0.3 OK for: @yeoman/conflicter@4.0.1 want: ^5.0.3
1546 silly placeDep ROOT diff@8.0.3 OK for: @yeoman/conflicter@4.0.1 want: ^8.0.3
1547 silly placeDep ROOT isbinaryfile@5.0.7 OK for: @yeoman/conflicter@4.0.1 want: ^5.0.4
1548 silly placeDep node_modules/@yeoman/conflicter minimatch@10.2.4 OK for: @yeoman/conflicter@4.0.1 want: ^10.2.4
1549 silly placeDep ROOT p-transform@5.0.1 OK for: @yeoman/conflicter@4.0.1 want: ^5.0.1
1550 silly placeDep ROOT pretty-bytes@7.1.0 OK for: @yeoman/conflicter@4.0.1 want: ^7.1.0
1551 silly placeDep ROOT textextensions@6.11.0 OK for: @yeoman/conflicter@4.0.1 want: ^6.11.0
1552 silly fetch manifest colors@1.0.3
1553 silly packumentCache full:https://registry.npmjs.org/colors cache-miss
1554 silly fetch manifest brace-expansion@^5.0.2
1555 silly packumentCache full:https://registry.npmjs.org/brace-expansion cache-miss
1556 silly fetch manifest p-queue@^8.0.1
1557 silly packumentCache full:https://registry.npmjs.org/p-queue cache-miss
1558 silly fetch manifest editions@^6.21.0
1559 silly packumentCache full:https://registry.npmjs.org/editions cache-miss
1560 http cache https://registry.npmjs.org/brace-expansion 7ms (cache hit)
1561 silly packumentCache full:https://registry.npmjs.org/brace-expansion set size:55744 disposed:false
1562 http cache https://registry.npmjs.org/p-queue 9ms (cache hit)
1563 silly packumentCache full:https://registry.npmjs.org/p-queue set size:167834 disposed:false
1564 http fetch GET 200 https://registry.npmjs.org/colors 242ms (cache miss)
1565 silly packumentCache full:https://registry.npmjs.org/colors set size:undefined disposed:false
1566 http fetch GET 200 https://registry.npmjs.org/editions 1148ms (cache miss)
1567 silly packumentCache full:https://registry.npmjs.org/editions set size:undefined disposed:false
1568 silly placeDep node_modules/@yeoman/transform minimatch@9.0.9 OK for: @yeoman/transform@2.1.0 want: ^9.0.0
1569 silly fetch manifest brace-expansion@^2.0.2
1570 silly packumentCache full:https://registry.npmjs.org/brace-expansion cache-hit
1571 silly placeDep ROOT colors@1.0.3 OK for: cli-table@0.3.11 want: 1.0.3
1572 silly placeDep ROOT ms@2.1.3 OK for: debug@4.4.3 want: ^2.1.3
1573 silly placeDep ROOT @npmcli/arborist@9.4.2 OK for: fly-import@1.0.0 want: ^9.1.3
1574 silly placeDep ROOT env-paths@3.0.0 OK for: fly-import@1.0.0 want: ^3.0.0
1575 silly placeDep node_modules/fly-import registry-url@7.2.0 OK for: fly-import@1.0.0 want: ^7.2.0
1576 silly fetch manifest nopt@^9.0.0
1577 silly packumentCache full:https://registry.npmjs.org/nopt cache-miss
1578 silly fetch manifest ssri@^13.0.0
1579 silly packumentCache full:https://registry.npmjs.org/ssri cache-miss
1580 silly fetch manifest pacote@^21.0.2
1581 silly packumentCache full:https://registry.npmjs.org/pacote cache-miss
1582 silly fetch manifest proggy@^4.0.0
1583 silly packumentCache full:https://registry.npmjs.org/proggy cache-miss
1584 silly fetch manifest cacache@^20.0.1
1585 silly packumentCache full:https://registry.npmjs.org/cacache cache-miss
1586 silly fetch manifest proc-log@^6.0.0
1587 silly packumentCache full:https://registry.npmjs.org/proc-log cache-miss
1588 silly fetch manifest bin-links@^6.0.0
1589 silly packumentCache full:https://registry.npmjs.org/bin-links cache-miss
1590 http fetch GET 200 https://registry.npmjs.org/bin-links 181ms (cache miss)
1591 silly packumentCache full:https://registry.npmjs.org/bin-links set size:undefined disposed:false
1592 silly fetch manifest minimatch@^10.0.3
1593 silly packumentCache full:https://registry.npmjs.org/minimatch cache-hit
1594 silly fetch manifest treeverse@^3.0.0
1595 silly packumentCache full:https://registry.npmjs.org/treeverse cache-miss
1596 http fetch GET 200 https://registry.npmjs.org/nopt 189ms (cache miss)
1597 silly packumentCache full:https://registry.npmjs.org/nopt set size:undefined disposed:false
1598 silly fetch manifest @npmcli/fs@^5.0.0
1599 silly packumentCache full:https://registry.npmjs.org/@npmcli%2ffs cache-miss
1600 http fetch GET 200 https://registry.npmjs.org/proc-log 192ms (cache miss)
1601 silly packumentCache full:https://registry.npmjs.org/proc-log set size:undefined disposed:false
1602 silly fetch manifest walk-up-path@^4.0.0
1603 silly packumentCache full:https://registry.npmjs.org/walk-up-path cache-miss
1604 http fetch GET 200 https://registry.npmjs.org/cacache 213ms (cache miss)
1605 silly packumentCache full:https://registry.npmjs.org/cacache set size:undefined disposed:false
1606 silly fetch manifest @npmcli/query@^5.0.0
1607 silly packumentCache full:https://registry.npmjs.org/@npmcli%2fquery cache-miss
1608 http fetch GET 200 https://registry.npmjs.org/ssri 232ms (cache miss)
1609 silly packumentCache full:https://registry.npmjs.org/ssri set size:undefined disposed:false
1610 silly fetch manifest @npmcli/redact@^4.0.0
1611 silly packumentCache full:https://registry.npmjs.org/@npmcli%2fredact cache-miss
1612 http fetch GET 200 https://registry.npmjs.org/@npmcli%2ffs 178ms (cache miss)
1613 silly packumentCache full:https://registry.npmjs.org/@npmcli%2ffs set size:undefined disposed:false
1614 silly fetch manifest npm-package-arg@^13.0.0
1615 silly packumentCache full:https://registry.npmjs.org/npm-package-arg cache-miss
1616 http fetch GET 200 https://registry.npmjs.org/proggy 372ms (cache miss)
1617 silly packumentCache full:https://registry.npmjs.org/proggy set size:undefined disposed:false
1618 silly fetch manifest @npmcli/node-gyp@^5.0.0
1619 silly packumentCache full:https://registry.npmjs.org/@npmcli%2fnode-gyp cache-miss
1620 http fetch GET 200 https://registry.npmjs.org/@npmcli%2fredact 270ms (cache miss)
1621 silly packumentCache full:https://registry.npmjs.org/@npmcli%2fredact set size:undefined disposed:false
1622 silly fetch manifest npm-pick-manifest@^11.0.1
1623 silly packumentCache full:https://registry.npmjs.org/npm-pick-manifest cache-miss
1624 http fetch GET 200 https://registry.npmjs.org/@npmcli%2fquery 288ms (cache miss)
1625 silly packumentCache full:https://registry.npmjs.org/@npmcli%2fquery set size:undefined disposed:false
1626 silly fetch manifest @gar/promise-retry@^1.0.0
1627 silly packumentCache full:https://registry.npmjs.org/@gar%2fpromise-retry cache-miss
1628 http fetch GET 200 https://registry.npmjs.org/treeverse 356ms (cache miss)
1629 silly packumentCache full:https://registry.npmjs.org/treeverse set size:undefined disposed:false
1630 silly fetch manifest @npmcli/run-script@^10.0.0
1631 silly packumentCache full:https://registry.npmjs.org/@npmcli%2frun-script cache-miss
1632 http fetch GET 200 https://registry.npmjs.org/npm-package-arg 179ms (cache miss)
1633 silly packumentCache full:https://registry.npmjs.org/npm-package-arg set size:undefined disposed:false
1634 silly fetch manifest npm-install-checks@^8.0.0
1635 silly packumentCache full:https://registry.npmjs.org/npm-install-checks cache-miss
1636 http fetch GET 200 https://registry.npmjs.org/npm-install-checks 161ms (cache miss)
1637 silly packumentCache full:https://registry.npmjs.org/npm-install-checks set size:undefined disposed:false
1638 silly fetch manifest npm-registry-fetch@^19.0.0
1639 silly packumentCache full:https://registry.npmjs.org/npm-registry-fetch cache-miss
1640 http fetch GET 200 https://registry.npmjs.org/@gar%2fpromise-retry 234ms (cache miss)
1641 silly packumentCache full:https://registry.npmjs.org/@gar%2fpromise-retry set size:undefined disposed:false
1642 silly fetch manifest promise-call-limit@^3.0.1
1643 silly packumentCache full:https://registry.npmjs.org/promise-call-limit cache-miss
1644 http fetch GET 200 https://registry.npmjs.org/@npmcli%2frun-script 222ms (cache miss)
1645 silly packumentCache full:https://registry.npmjs.org/@npmcli%2frun-script set size:undefined disposed:false
1646 silly fetch manifest json-stringify-nice@^1.1.4
1647 silly packumentCache full:https://registry.npmjs.org/json-stringify-nice cache-miss
1648 http fetch GET 200 https://registry.npmjs.org/@npmcli%2fnode-gyp 407ms (cache miss)
1649 silly packumentCache full:https://registry.npmjs.org/@npmcli%2fnode-gyp set size:undefined disposed:false
1650 silly fetch manifest parse-conflict-json@^5.0.1
1651 silly packumentCache full:https://registry.npmjs.org/parse-conflict-json cache-miss
1652 http fetch GET 200 https://registry.npmjs.org/walk-up-path 686ms (cache miss)
1653 silly packumentCache full:https://registry.npmjs.org/walk-up-path set size:undefined disposed:false
1654 silly fetch manifest @npmcli/package-json@^7.0.0
1655 silly packumentCache full:https://registry.npmjs.org/@npmcli%2fpackage-json cache-miss
1656 http fetch GET 200 https://registry.npmjs.org/npm-registry-fetch 179ms (cache miss)
1657 silly packumentCache full:https://registry.npmjs.org/npm-registry-fetch set size:undefined disposed:false
1658 silly fetch manifest common-ancestor-path@^2.0.0
1659 silly packumentCache full:https://registry.npmjs.org/common-ancestor-path cache-miss
1660 http fetch GET 200 https://registry.npmjs.org/promise-call-limit 157ms (cache miss)
1661 silly packumentCache full:https://registry.npmjs.org/promise-call-limit set size:undefined disposed:false
1662 silly fetch manifest @npmcli/map-workspaces@^5.0.0
1663 silly packumentCache full:https://registry.npmjs.org/@npmcli%2fmap-workspaces cache-miss
1664 http fetch GET 200 https://registry.npmjs.org/npm-pick-manifest 406ms (cache miss)
1665 silly packumentCache full:https://registry.npmjs.org/npm-pick-manifest set size:undefined disposed:false
1666 silly fetch manifest promise-all-reject-late@^1.0.0
1667 silly packumentCache full:https://registry.npmjs.org/promise-all-reject-late cache-miss
1668 http fetch GET 200 https://registry.npmjs.org/pacote 1019ms (cache miss)
1669 silly packumentCache full:https://registry.npmjs.org/pacote set size:undefined disposed:false
1670 silly fetch manifest @npmcli/name-from-folder@^4.0.0
1671 silly packumentCache full:https://registry.npmjs.org/@npmcli%2fname-from-folder cache-miss
1672 http fetch GET 200 https://registry.npmjs.org/common-ancestor-path 159ms (cache miss)
1673 silly packumentCache full:https://registry.npmjs.org/common-ancestor-path set size:undefined disposed:false
1674 silly fetch manifest @npmcli/metavuln-calculator@^9.0.2
1675 silly packumentCache full:https://registry.npmjs.org/@npmcli%2fmetavuln-calculator cache-miss
1676 http fetch GET 200 https://registry.npmjs.org/promise-all-reject-late 149ms (cache miss)
1677 silly packumentCache full:https://registry.npmjs.org/promise-all-reject-late set size:undefined disposed:false
1678 silly fetch manifest @isaacs/string-locale-compare@^1.1.0
1679 silly packumentCache full:https://registry.npmjs.org/@isaacs%2fstring-locale-compare cache-miss
1680 http fetch GET 200 https://registry.npmjs.org/json-stringify-nice 321ms (cache miss)
1681 silly packumentCache full:https://registry.npmjs.org/json-stringify-nice set size:undefined disposed:false
1682 silly fetch manifest @npmcli/installed-package-contents@^4.0.0
1683 silly packumentCache full:https://registry.npmjs.org/@npmcli%2finstalled-package-contents cache-miss
1684 http fetch GET 200 https://registry.npmjs.org/parse-conflict-json 433ms (cache miss)
1685 silly packumentCache full:https://registry.npmjs.org/parse-conflict-json set size:undefined disposed:false
1686 silly fetch manifest ini@^5.0.0
1687 silly packumentCache full:https://registry.npmjs.org/ini cache-hit
1688 http fetch GET 200 https://registry.npmjs.org/@npmcli%2fmetavuln-calculator 165ms (cache miss)
1689 silly packumentCache full:https://registry.npmjs.org/@npmcli%2fmetavuln-calculator set size:undefined disposed:false
1690 http fetch GET 200 https://registry.npmjs.org/@npmcli%2finstalled-package-contents 183ms (cache miss)
1691 silly packumentCache full:https://registry.npmjs.org/@npmcli%2finstalled-package-contents set size:undefined disposed:false
1692 http fetch GET 200 https://registry.npmjs.org/@isaacs%2fstring-locale-compare 362ms (cache miss)
1693 silly packumentCache full:https://registry.npmjs.org/@isaacs%2fstring-locale-compare set size:undefined disposed:false
1694 http fetch GET 200 https://registry.npmjs.org/@npmcli%2fmap-workspaces 662ms (cache miss)
1695 silly packumentCache full:https://registry.npmjs.org/@npmcli%2fmap-workspaces set size:undefined disposed:false
1696 http fetch GET 200 https://registry.npmjs.org/@npmcli%2fname-from-folder 602ms (cache miss)
1697 silly packumentCache full:https://registry.npmjs.org/@npmcli%2fname-from-folder set size:undefined disposed:false
1698 http fetch GET 200 https://registry.npmjs.org/@npmcli%2fpackage-json 948ms (cache miss)
1699 silly packumentCache full:https://registry.npmjs.org/@npmcli%2fpackage-json set size:undefined disposed:false
1700 silly placeDep ROOT @gar/promise-retry@1.0.3 OK for: @npmcli/arborist@9.4.2 want: ^1.0.0
1701 silly placeDep ROOT @isaacs/string-locale-compare@1.1.0 OK for: @npmcli/arborist@9.4.2 want: ^1.1.0
1702 silly placeDep ROOT @npmcli/fs@5.0.0 OK for: @npmcli/arborist@9.4.2 want: ^5.0.0
1703 silly placeDep ROOT @npmcli/installed-package-contents@4.0.0 OK for: @npmcli/arborist@9.4.2 want: ^4.0.0
1704 silly placeDep ROOT @npmcli/map-workspaces@5.0.3 OK for: @npmcli/arborist@9.4.2 want: ^5.0.0
1705 silly placeDep ROOT @npmcli/metavuln-calculator@9.0.3 OK for: @npmcli/arborist@9.4.2 want: ^9.0.2
1706 silly placeDep ROOT @npmcli/name-from-folder@4.0.0 OK for: @npmcli/arborist@9.4.2 want: ^4.0.0
1707 silly placeDep ROOT @npmcli/node-gyp@5.0.0 OK for: @npmcli/arborist@9.4.2 want: ^5.0.0
1708 silly placeDep ROOT @npmcli/package-json@7.0.5 OK for: @npmcli/arborist@9.4.2 want: ^7.0.0
1709 silly placeDep ROOT @npmcli/query@5.0.0 OK for: @npmcli/arborist@9.4.2 want: ^5.0.0
1710 silly placeDep ROOT @npmcli/redact@4.0.0 OK for: @npmcli/arborist@9.4.2 want: ^4.0.0
1711 silly placeDep ROOT @npmcli/run-script@10.0.4 OK for: @npmcli/arborist@9.4.2 want: ^10.0.0
1712 silly placeDep ROOT bin-links@6.0.0 OK for: @npmcli/arborist@9.4.2 want: ^6.0.0
1713 silly placeDep ROOT cacache@20.0.4 OK for: @npmcli/arborist@9.4.2 want: ^20.0.1
1714 silly placeDep ROOT common-ancestor-path@2.0.0 OK for: @npmcli/arborist@9.4.2 want: ^2.0.0
1715 silly placeDep ROOT json-stringify-nice@1.1.4 OK for: @npmcli/arborist@9.4.2 want: ^1.1.4
1716 silly placeDep node_modules/@npmcli/arborist minimatch@10.2.4 OK for: @npmcli/arborist@9.4.2 want: ^10.0.3
1717 silly placeDep ROOT nopt@9.0.0 OK for: @npmcli/arborist@9.4.2 want: ^9.0.0
1718 silly placeDep ROOT npm-install-checks@8.0.0 OK for: @npmcli/arborist@9.4.2 want: ^8.0.0
1719 silly placeDep ROOT npm-package-arg@13.0.2 OK for: @npmcli/arborist@9.4.2 want: ^13.0.0
1720 silly placeDep ROOT npm-pick-manifest@11.0.3 OK for: @npmcli/arborist@9.4.2 want: ^11.0.1
1721 silly placeDep ROOT npm-registry-fetch@19.1.1 OK for: @npmcli/arborist@9.4.2 want: ^19.0.0
1722 silly placeDep ROOT pacote@21.5.0 OK for: @npmcli/arborist@9.4.2 want: ^21.0.2
1723 silly placeDep ROOT parse-conflict-json@5.0.1 OK for: @npmcli/arborist@9.4.2 want: ^5.0.1
1724 silly placeDep ROOT proc-log@6.1.0 OK for: @npmcli/arborist@9.4.2 want: ^6.0.0
1725 silly placeDep ROOT proggy@4.0.0 OK for: @npmcli/arborist@9.4.2 want: ^4.0.0
1726 silly placeDep ROOT promise-all-reject-late@1.0.1 OK for: @npmcli/arborist@9.4.2 want: ^1.0.0
1727 silly placeDep ROOT promise-call-limit@3.0.2 OK for: @npmcli/arborist@9.4.2 want: ^3.0.1
1728 silly placeDep ROOT ssri@13.0.1 OK for: @npmcli/arborist@9.4.2 want: ^13.0.0
1729 silly placeDep ROOT treeverse@3.0.0 OK for: @npmcli/arborist@9.4.2 want: ^3.0.0
1730 silly placeDep ROOT walk-up-path@4.0.0 OK for: @npmcli/arborist@9.4.2 want: ^4.0.0
1731 silly fetch manifest npm-bundled@^5.0.0
1732 silly packumentCache full:https://registry.npmjs.org/npm-bundled cache-miss
1733 silly fetch manifest npm-normalize-package-bin@^5.0.0
1734 silly packumentCache full:https://registry.npmjs.org/npm-normalize-package-bin cache-miss
1735 silly fetch manifest glob@^13.0.0
1736 silly packumentCache full:https://registry.npmjs.org/glob cache-miss
1737 silly fetch manifest cacache@^20.0.0
1738 silly packumentCache full:https://registry.npmjs.org/cacache cache-miss
1739 silly fetch manifest json-parse-even-better-errors@^5.0.0
1740 silly packumentCache full:https://registry.npmjs.org/json-parse-even-better-errors cache-miss
1741 silly fetch manifest pacote@^21.0.0
1742 silly packumentCache full:https://registry.npmjs.org/pacote cache-miss
1743 silly fetch manifest @npmcli/git@^7.0.0
1744 silly packumentCache full:https://registry.npmjs.org/@npmcli%2fgit cache-miss
1745 http cache https://registry.npmjs.org/cacache 16ms (cache hit)
1746 silly packumentCache full:https://registry.npmjs.org/cacache set size:382784 disposed:false
1747 silly fetch manifest glob@^13.0.0
1748 silly packumentCache full:https://registry.npmjs.org/glob cache-miss
1749 http cache https://registry.npmjs.org/pacote 20ms (cache hit)
1750 silly packumentCache full:https://registry.npmjs.org/pacote set size:760652 disposed:false
1751 silly fetch manifest json-parse-even-better-errors@^5.0.0
1752 silly packumentCache full:https://registry.npmjs.org/json-parse-even-better-errors cache-miss
1753 http fetch GET 200 https://registry.npmjs.org/npm-bundled 208ms (cache miss)
1754 silly packumentCache full:https://registry.npmjs.org/npm-bundled set size:undefined disposed:false
1755 silly fetch manifest spdx-expression-parse@^4.0.0
1756 silly packumentCache full:https://registry.npmjs.org/spdx-expression-parse cache-miss
1757 http cache https://registry.npmjs.org/spdx-expression-parse 5ms (cache hit)
1758 silly packumentCache full:https://registry.npmjs.org/spdx-expression-parse set size:29500 disposed:false
1759 silly fetch manifest postcss-selector-parser@^7.0.0
1760 silly packumentCache full:https://registry.npmjs.org/postcss-selector-parser cache-miss
1761 http fetch GET 200 https://registry.npmjs.org/npm-normalize-package-bin 245ms (cache miss)
1762 silly packumentCache full:https://registry.npmjs.org/npm-normalize-package-bin set size:undefined disposed:false
1763 silly fetch manifest @npmcli/promise-spawn@^9.0.0
1764 silly packumentCache full:https://registry.npmjs.org/@npmcli%2fpromise-spawn cache-miss
1765 http fetch GET 200 https://registry.npmjs.org/json-parse-even-better-errors 221ms (cache miss)
1766 silly packumentCache full:https://registry.npmjs.org/json-parse-even-better-errors set size:undefined disposed:false
1767 silly fetch manifest node-gyp@^12.1.0
1768 silly packumentCache full:https://registry.npmjs.org/node-gyp cache-miss
1769 http fetch GET 200 https://registry.npmjs.org/json-parse-even-better-errors 254ms (cache miss)
1770 silly packumentCache full:https://registry.npmjs.org/json-parse-even-better-errors set size:undefined disposed:false
1771 silly fetch manifest cmd-shim@^8.0.0
1772 silly packumentCache full:https://registry.npmjs.org/cmd-shim cache-miss
1773 http fetch GET 200 https://registry.npmjs.org/@npmcli%2fgit 260ms (cache miss)
1774 silly packumentCache full:https://registry.npmjs.org/@npmcli%2fgit set size:undefined disposed:false
1775 silly fetch manifest read-cmd-shim@^6.0.0
1776 silly packumentCache full:https://registry.npmjs.org/read-cmd-shim cache-miss
1777 http fetch GET 200 https://registry.npmjs.org/glob 270ms (cache miss)
1778 silly packumentCache full:https://registry.npmjs.org/glob set size:undefined disposed:false
1779 silly fetch manifest write-file-atomic@^7.0.0
1780 silly packumentCache full:https://registry.npmjs.org/write-file-atomic cache-miss
1781 http fetch GET 200 https://registry.npmjs.org/read-cmd-shim 152ms (cache miss)
1782 silly packumentCache full:https://registry.npmjs.org/read-cmd-shim set size:undefined disposed:false
1783 silly fetch manifest fs-minipass@^3.0.0
1784 silly packumentCache full:https://registry.npmjs.org/fs-minipass cache-miss
1785 http fetch GET 200 https://registry.npmjs.org/postcss-selector-parser 223ms (cache miss)
1786 silly packumentCache full:https://registry.npmjs.org/postcss-selector-parser set size:undefined disposed:false
1787 silly fetch manifest minipass@^7.0.3
1788 silly packumentCache full:https://registry.npmjs.org/minipass cache-miss
1789 http fetch GET 200 https://registry.npmjs.org/node-gyp 251ms (cache miss)
1790 silly packumentCache full:https://registry.npmjs.org/node-gyp set size:undefined disposed:false
1791 silly fetch manifest minipass-collect@^2.0.1
1792 silly packumentCache full:https://registry.npmjs.org/minipass-collect cache-miss
1793 http fetch GET 200 https://registry.npmjs.org/write-file-atomic 303ms (cache miss)
1794 silly packumentCache full:https://registry.npmjs.org/write-file-atomic set size:undefined disposed:false
1795 silly fetch manifest minipass-flush@^1.0.5
1796 silly packumentCache full:https://registry.npmjs.org/minipass-flush cache-miss
1797 http fetch GET 200 https://registry.npmjs.org/glob 577ms (cache miss)
1798 silly packumentCache full:https://registry.npmjs.org/glob set size:undefined disposed:false
1799 silly fetch manifest minipass-pipeline@^1.2.4
1800 silly packumentCache full:https://registry.npmjs.org/minipass-pipeline cache-miss
1801 http fetch GET 200 https://registry.npmjs.org/@npmcli%2fpromise-spawn 360ms (cache miss)
1802 silly packumentCache full:https://registry.npmjs.org/@npmcli%2fpromise-spawn set size:undefined disposed:false
1803 silly fetch manifest p-map@^7.0.2
1804 silly packumentCache full:https://registry.npmjs.org/p-map cache-miss
1805 http fetch GET 200 https://registry.npmjs.org/cmd-shim 352ms (cache miss)
1806 silly packumentCache full:https://registry.npmjs.org/cmd-shim set size:undefined disposed:false
1807 silly fetch manifest abbrev@^4.0.0
1808 silly packumentCache full:https://registry.npmjs.org/abbrev cache-miss
1809 http fetch GET 200 https://registry.npmjs.org/minipass 245ms (cache miss)
1810 silly packumentCache full:https://registry.npmjs.org/minipass set size:undefined disposed:false
1811 silly fetch manifest validate-npm-package-name@^7.0.0
1812 silly packumentCache full:https://registry.npmjs.org/validate-npm-package-name cache-miss
1813 http fetch GET 200 https://registry.npmjs.org/fs-minipass 275ms (cache miss)
1814 silly packumentCache full:https://registry.npmjs.org/fs-minipass set size:undefined disposed:false
1815 silly fetch manifest jsonparse@^1.3.1
1816 silly packumentCache full:https://registry.npmjs.org/jsonparse cache-miss
1817 http fetch GET 200 https://registry.npmjs.org/minipass-collect 212ms (cache miss)
1818 silly packumentCache full:https://registry.npmjs.org/minipass-collect set size:undefined disposed:false
1819 silly fetch manifest make-fetch-happen@^15.0.0
1820 silly packumentCache full:https://registry.npmjs.org/make-fetch-happen cache-miss
1821 http fetch GET 200 https://registry.npmjs.org/minipass-flush 204ms (cache miss)
1822 silly packumentCache full:https://registry.npmjs.org/minipass-flush set size:undefined disposed:false
1823 silly fetch manifest minipass@^7.0.2
1824 silly packumentCache full:https://registry.npmjs.org/minipass cache-miss
1825 http cache https://registry.npmjs.org/minipass 5ms (cache hit)
1826 silly packumentCache full:https://registry.npmjs.org/minipass set size:276925 disposed:false
1827 silly fetch manifest minipass-fetch@^5.0.0
1828 silly packumentCache full:https://registry.npmjs.org/minipass-fetch cache-miss
1829 http fetch GET 200 https://registry.npmjs.org/minipass-pipeline 244ms (cache miss)
1830 silly packumentCache full:https://registry.npmjs.org/minipass-pipeline set size:undefined disposed:false
1831 silly fetch manifest minizlib@^3.0.1
1832 silly packumentCache full:https://registry.npmjs.org/minizlib cache-miss
1833 http fetch GET 200 https://registry.npmjs.org/p-map 250ms (cache miss)
1834 silly packumentCache full:https://registry.npmjs.org/p-map set size:undefined disposed:false
1835 silly fetch manifest npm-packlist@^10.0.1
1836 silly packumentCache full:https://registry.npmjs.org/npm-packlist cache-miss
1837 http fetch GET 200 https://registry.npmjs.org/jsonparse 152ms (cache miss)
1838 silly packumentCache full:https://registry.npmjs.org/jsonparse set size:undefined disposed:false
1839 silly fetch manifest sigstore@^4.0.0
1840 silly packumentCache full:https://registry.npmjs.org/sigstore cache-miss
1841 http fetch GET 200 https://registry.npmjs.org/validate-npm-package-name 183ms (cache miss)
1842 silly packumentCache full:https://registry.npmjs.org/validate-npm-package-name set size:undefined disposed:false
1843 silly fetch manifest tar@^7.4.3
1844 silly packumentCache full:https://registry.npmjs.org/tar cache-miss
1845 http fetch GET 200 https://registry.npmjs.org/make-fetch-happen 189ms (cache miss)
1846 silly packumentCache full:https://registry.npmjs.org/make-fetch-happen set size:undefined disposed:false
1847 silly fetch manifest just-diff@^6.0.0
1848 silly packumentCache full:https://registry.npmjs.org/just-diff cache-miss
1849 http fetch GET 200 https://registry.npmjs.org/abbrev 309ms (cache miss)
1850 silly packumentCache full:https://registry.npmjs.org/abbrev set size:undefined disposed:false
1851 silly fetch manifest just-diff-apply@^5.2.0
1852 silly packumentCache full:https://registry.npmjs.org/just-diff-apply cache-miss
1853 http fetch GET 200 https://registry.npmjs.org/minizlib 160ms (cache miss)
1854 silly packumentCache full:https://registry.npmjs.org/minizlib set size:undefined disposed:false
1855 http fetch GET 200 https://registry.npmjs.org/minipass-fetch 215ms (cache miss)
1856 silly packumentCache full:https://registry.npmjs.org/minipass-fetch set size:undefined disposed:false
1857 http fetch GET 200 https://registry.npmjs.org/sigstore 156ms (cache miss)
1858 silly packumentCache full:https://registry.npmjs.org/sigstore set size:undefined disposed:false
1859 http fetch GET 200 https://registry.npmjs.org/npm-packlist 173ms (cache miss)
1860 silly packumentCache full:https://registry.npmjs.org/npm-packlist set size:undefined disposed:false
1861 http fetch GET 200 https://registry.npmjs.org/just-diff 158ms (cache miss)
1862 silly packumentCache full:https://registry.npmjs.org/just-diff set size:undefined disposed:false
1863 http fetch GET 200 https://registry.npmjs.org/tar 330ms (cache miss)
1864 silly packumentCache full:https://registry.npmjs.org/tar set size:undefined disposed:false
1865 http fetch GET 200 https://registry.npmjs.org/just-diff-apply 708ms (cache miss)
1866 silly packumentCache full:https://registry.npmjs.org/just-diff-apply set size:undefined disposed:false
1867 silly placeDep ROOT npm-bundled@5.0.0 OK for: @npmcli/installed-package-contents@4.0.0 want: ^5.0.0
1868 silly placeDep ROOT npm-normalize-package-bin@5.0.0 OK for: @npmcli/installed-package-contents@4.0.0 want: ^5.0.0
1869 silly placeDep ROOT glob@13.0.6 OK for: @npmcli/map-workspaces@5.0.3 want: ^13.0.0
1870 silly placeDep node_modules/@npmcli/map-workspaces minimatch@10.2.4 OK for: @npmcli/map-workspaces@5.0.3 want: ^10.0.3
1871 silly fetch manifest minimatch@^10.2.2
1872 silly packumentCache full:https://registry.npmjs.org/minimatch cache-hit
1873 silly fetch manifest minipass@^7.1.3
1874 silly packumentCache full:https://registry.npmjs.org/minipass cache-hit
1875 silly fetch manifest path-scurry@^2.0.2
1876 silly packumentCache full:https://registry.npmjs.org/path-scurry cache-miss
1877 http fetch GET 200 https://registry.npmjs.org/path-scurry 172ms (cache miss)
1878 silly packumentCache full:https://registry.npmjs.org/path-scurry set size:undefined disposed:false
1879 silly placeDep ROOT json-parse-even-better-errors@5.0.0 OK for: @npmcli/metavuln-calculator@9.0.3 want: ^5.0.0
1880 silly placeDep ROOT @npmcli/git@7.0.2 OK for: @npmcli/package-json@7.0.5 want: ^7.0.0
1881 silly placeDep node_modules/@npmcli/package-json spdx-expression-parse@4.0.0 OK for: @npmcli/package-json@7.0.5 want: ^4.0.0
1882 silly fetch manifest ini@^6.0.0
1883 silly packumentCache full:https://registry.npmjs.org/ini cache-hit
1884 silly fetch manifest which@^6.0.0
1885 silly packumentCache full:https://registry.npmjs.org/which cache-miss
1886 http cache https://registry.npmjs.org/which 41ms (cache hit)
1887 silly packumentCache full:https://registry.npmjs.org/which set size:67805 disposed:false
1888 silly placeDep ROOT @npmcli/promise-spawn@9.0.1 OK for: @npmcli/git@7.0.2 want: ^9.0.0
1889 silly placeDep node_modules/@npmcli/git ini@6.0.0 OK for: @npmcli/git@7.0.2 want: ^6.0.0
1890 silly placeDep node_modules/@npmcli/git which@6.0.1 OK for: @npmcli/git@7.0.2 want: ^6.0.0
1891 silly fetch manifest isexe@^4.0.0
1892 silly packumentCache full:https://registry.npmjs.org/isexe cache-miss
1893 http cache https://registry.npmjs.org/isexe 4ms (cache hit)
1894 silly packumentCache full:https://registry.npmjs.org/isexe set size:31756 disposed:false
1895 silly placeDep node_modules/@npmcli/promise-spawn which@6.0.1 OK for: @npmcli/promise-spawn@9.0.1 want: ^6.0.0
1896 silly placeDep ROOT postcss-selector-parser@7.1.1 OK for: @npmcli/query@5.0.0 want: ^7.0.0
1897 silly fetch manifest cssesc@^3.0.0
1898 silly packumentCache full:https://registry.npmjs.org/cssesc cache-miss
1899 silly fetch manifest util-deprecate@^1.0.2
1900 silly packumentCache full:https://registry.npmjs.org/util-deprecate cache-miss
1901 http fetch GET 200 https://registry.npmjs.org/util-deprecate 143ms (cache revalidated)
1902 silly packumentCache full:https://registry.npmjs.org/util-deprecate set size:6674 disposed:false
1903 http fetch GET 200 https://registry.npmjs.org/cssesc 218ms (cache miss)
1904 silly packumentCache full:https://registry.npmjs.org/cssesc set size:undefined disposed:false
1905 silly placeDep ROOT node-gyp@12.2.0 OK for: @npmcli/run-script@10.0.4 want: ^12.1.0
1906 silly fetch manifest env-paths@^2.2.0
1907 silly packumentCache full:https://registry.npmjs.org/env-paths cache-miss
1908 silly fetch manifest exponential-backoff@^3.1.1
1909 silly packumentCache full:https://registry.npmjs.org/exponential-backoff cache-miss
1910 silly fetch manifest tar@^7.5.4
1911 silly packumentCache full:https://registry.npmjs.org/tar cache-miss
1912 silly fetch manifest tinyglobby@^0.2.12
1913 silly packumentCache full:https://registry.npmjs.org/tinyglobby cache-miss
1914 http cache https://registry.npmjs.org/tinyglobby 7ms (cache hit)
1915 silly packumentCache full:https://registry.npmjs.org/tinyglobby set size:49812 disposed:false
1916 http cache https://registry.npmjs.org/tar 10ms (cache hit)
1917 silly packumentCache full:https://registry.npmjs.org/tar set size:517342 disposed:false
1918 http cache https://registry.npmjs.org/env-paths 18ms (cache hit)
1919 silly packumentCache full:https://registry.npmjs.org/env-paths set size:26913 disposed:false
1920 http fetch GET 200 https://registry.npmjs.org/exponential-backoff 188ms (cache miss)
1921 silly packumentCache full:https://registry.npmjs.org/exponential-backoff set size:undefined disposed:false
1922 silly placeDep ROOT cmd-shim@8.0.0 OK for: bin-links@6.0.0 want: ^8.0.0
1923 silly placeDep ROOT read-cmd-shim@6.0.0 OK for: bin-links@6.0.0 want: ^6.0.0
1924 silly placeDep ROOT write-file-atomic@7.0.1 OK for: bin-links@6.0.0 want: ^7.0.0
1925 silly placeDep ROOT fs-minipass@3.0.3 OK for: cacache@20.0.4 want: ^3.0.0
1926 silly placeDep ROOT minipass@7.1.3 OK for: cacache@20.0.4 want: ^7.0.3
1927 silly placeDep ROOT minipass-collect@2.0.1 OK for: cacache@20.0.4 want: ^2.0.1
1928 silly placeDep ROOT minipass-flush@1.0.5 OK for: cacache@20.0.4 want: ^1.0.5
1929 silly placeDep ROOT minipass-pipeline@1.2.4 OK for: cacache@20.0.4 want: ^1.2.4
1930 silly placeDep ROOT p-map@7.0.4 OK for: cacache@20.0.4 want: ^7.0.2
1931 silly fetch manifest minipass@^3.0.0
1932 silly packumentCache full:https://registry.npmjs.org/minipass cache-hit
1933 silly fetch manifest minipass@^3.0.0
1934 silly packumentCache full:https://registry.npmjs.org/minipass cache-hit
1935 silly placeDep node_modules/glob minimatch@10.2.4 OK for: glob@13.0.6 want: ^10.2.2
1936 silly placeDep ROOT path-scurry@2.0.2 OK for: glob@13.0.6 want: ^2.0.2
1937 silly placeDep ROOT @sindresorhus/merge-streams@4.0.0 OK for: globby@16.1.1 want: ^4.0.0
1938 silly placeDep ROOT fast-glob@3.3.3 OK for: globby@16.1.1 want: ^3.3.3
1939 silly placeDep ROOT ignore@7.0.5 OK for: globby@16.1.1 want: ^7.0.5
1940 silly fetch manifest @nodelib/fs.stat@^2.0.2
1941 silly packumentCache full:https://registry.npmjs.org/@nodelib%2ffs.stat cache-miss
1942 silly fetch manifest @nodelib/fs.walk@^1.2.3
1943 silly packumentCache full:https://registry.npmjs.org/@nodelib%2ffs.walk cache-miss
1944 silly fetch manifest glob-parent@^5.1.2
1945 silly packumentCache full:https://registry.npmjs.org/glob-parent cache-miss
1946 silly fetch manifest merge2@^1.3.0
1947 silly packumentCache full:https://registry.npmjs.org/merge2 cache-miss
1948 http fetch GET 200 https://registry.npmjs.org/merge2 159ms (cache miss)
1949 silly packumentCache full:https://registry.npmjs.org/merge2 set size:undefined disposed:false
1950 http fetch GET 200 https://registry.npmjs.org/@nodelib%2ffs.stat 167ms (cache miss)
1951 silly packumentCache full:https://registry.npmjs.org/@nodelib%2ffs.stat set size:undefined disposed:false
1952 http fetch GET 200 https://registry.npmjs.org/@nodelib%2ffs.walk 242ms (cache miss)
1953 silly packumentCache full:https://registry.npmjs.org/@nodelib%2ffs.walk set size:undefined disposed:false
1954 http fetch GET 200 https://registry.npmjs.org/glob-parent 243ms (cache miss)
1955 silly packumentCache full:https://registry.npmjs.org/glob-parent set size:undefined disposed:false
1956 silly placeDep ROOT @nodelib/fs.stat@2.0.5 OK for: fast-glob@3.3.3 want: ^2.0.2
1957 silly placeDep ROOT @nodelib/fs.walk@1.2.8 OK for: fast-glob@3.3.3 want: ^1.2.3
1958 silly placeDep ROOT glob-parent@5.1.2 OK for: fast-glob@3.3.3 want: ^5.1.2
1959 silly placeDep ROOT merge2@1.4.1 OK for: fast-glob@3.3.3 want: ^1.3.0
1960 silly placeDep ROOT micromatch@4.0.8 OK for: fast-glob@3.3.3 want: ^4.0.8
1961 silly fetch manifest fastq@^1.6.0
1962 silly packumentCache full:https://registry.npmjs.org/fastq cache-miss
1963 silly fetch manifest @nodelib/fs.scandir@2.1.5
1964 silly packumentCache full:https://registry.npmjs.org/@nodelib%2ffs.scandir cache-miss
1965 silly fetch manifest is-glob@^4.0.1
1966 silly packumentCache full:https://registry.npmjs.org/is-glob cache-miss
1967 silly fetch manifest braces@^3.0.3
1968 silly packumentCache full:https://registry.npmjs.org/braces cache-miss
1969 silly fetch manifest picomatch@^2.3.1
1970 silly packumentCache full:https://registry.npmjs.org/picomatch cache-miss
1971 http fetch GET 200 https://registry.npmjs.org/picomatch 223ms (cache revalidated)
1972 silly packumentCache full:https://registry.npmjs.org/picomatch set size:118818 disposed:false
1973 http fetch GET 200 https://registry.npmjs.org/is-glob 236ms (cache miss)
1974 silly packumentCache full:https://registry.npmjs.org/is-glob set size:undefined disposed:false
1975 http fetch GET 200 https://registry.npmjs.org/fastq 244ms (cache miss)
1976 silly packumentCache full:https://registry.npmjs.org/fastq set size:undefined disposed:false
1977 http fetch GET 200 https://registry.npmjs.org/braces 244ms (cache miss)
1978 silly packumentCache full:https://registry.npmjs.org/braces set size:undefined disposed:false
1979 http fetch GET 200 https://registry.npmjs.org/@nodelib%2ffs.scandir 297ms (cache miss)
1980 silly packumentCache full:https://registry.npmjs.org/@nodelib%2ffs.scandir set size:undefined disposed:false
1981 silly placeDep ROOT @nodelib/fs.scandir@2.1.5 OK for: @nodelib/fs.walk@1.2.8 want: 2.1.5
1982 silly placeDep ROOT fastq@1.20.1 OK for: @nodelib/fs.walk@1.2.8 want: ^1.6.0
1983 silly fetch manifest run-parallel@^1.1.9
1984 silly packumentCache full:https://registry.npmjs.org/run-parallel cache-miss
1985 silly fetch manifest reusify@^1.0.4
1986 silly packumentCache full:https://registry.npmjs.org/reusify cache-miss
1987 http fetch GET 200 https://registry.npmjs.org/reusify 193ms (cache miss)
1988 silly packumentCache full:https://registry.npmjs.org/reusify set size:undefined disposed:false
1989 http fetch GET 200 https://registry.npmjs.org/run-parallel 195ms (cache miss)
1990 silly packumentCache full:https://registry.npmjs.org/run-parallel set size:undefined disposed:false
1991 silly placeDep ROOT run-parallel@1.2.0 OK for: @nodelib/fs.scandir@2.1.5 want: ^1.1.9
1992 silly fetch manifest queue-microtask@^1.2.2
1993 silly packumentCache full:https://registry.npmjs.org/queue-microtask cache-miss
1994 http fetch GET 200 https://registry.npmjs.org/queue-microtask 166ms (cache miss)
1995 silly packumentCache full:https://registry.npmjs.org/queue-microtask set size:undefined disposed:false
1996 silly placeDep ROOT reusify@1.1.0 OK for: fastq@1.20.1 want: ^1.0.4
1997 silly placeDep ROOT is-glob@4.0.3 OK for: glob-parent@5.1.2 want: ^4.0.1
1998 silly fetch manifest is-extglob@^2.1.1
1999 silly packumentCache full:https://registry.npmjs.org/is-extglob cache-miss
2000 http fetch GET 200 https://registry.npmjs.org/is-extglob 251ms (cache miss)
2001 silly packumentCache full:https://registry.npmjs.org/is-extglob set size:undefined disposed:false
2002 silly placeDep ROOT is-extglob@2.1.1 OK for: is-glob@4.0.3 want: ^2.1.1
2003 silly placeDep ROOT p-locate@6.0.0 OK for: locate-path@8.0.0 want: ^6.0.0
2004 silly fetch manifest p-limit@^4.0.0
2005 silly packumentCache full:https://registry.npmjs.org/p-limit cache-miss
2006 http fetch GET 200 https://registry.npmjs.org/p-limit 217ms (cache miss)
2007 silly packumentCache full:https://registry.npmjs.org/p-limit set size:undefined disposed:false
2008 silly placeDep ROOT @types/vinyl@2.0.12 OK for: mem-fs@4.1.4 want: ^2.0.12
2009 silly placeDep ROOT vinyl@3.0.1 OK for: mem-fs@4.1.4 want: ^3.0.1
2010 silly placeDep ROOT vinyl-file@5.0.0 OK for: mem-fs@4.1.4 want: ^5.0.0
2011 silly fetch manifest @types/expect@^1.20.4
2012 silly packumentCache full:https://registry.npmjs.org/@types%2fexpect cache-miss
2013 silly fetch manifest teex@^1.0.1
2014 silly packumentCache full:https://registry.npmjs.org/teex cache-miss
2015 silly fetch manifest clone@^2.1.2
2016 silly packumentCache full:https://registry.npmjs.org/clone cache-miss
2017 silly fetch manifest replace-ext@^2.0.0
2018 silly packumentCache full:https://registry.npmjs.org/replace-ext cache-miss
2019 silly fetch manifest remove-trailing-separator@^1.1.0
2020 silly packumentCache full:https://registry.npmjs.org/remove-trailing-separator cache-miss
2021 silly fetch manifest strip-bom-buf@^3.0.1
2022 silly packumentCache full:https://registry.npmjs.org/strip-bom-buf cache-miss
2023 silly fetch manifest strip-bom-stream@^5.0.0
2024 silly packumentCache full:https://registry.npmjs.org/strip-bom-stream cache-miss
2025 http fetch GET 200 https://registry.npmjs.org/remove-trailing-separator 162ms (cache miss)
2026 silly packumentCache full:https://registry.npmjs.org/remove-trailing-separator set size:undefined disposed:false
2027 http fetch GET 200 https://registry.npmjs.org/strip-bom-stream 162ms (cache miss)
2028 silly packumentCache full:https://registry.npmjs.org/strip-bom-stream set size:undefined disposed:false
2029 http fetch GET 200 https://registry.npmjs.org/strip-bom-buf 165ms (cache miss)
2030 silly packumentCache full:https://registry.npmjs.org/strip-bom-buf set size:undefined disposed:false
2031 http fetch GET 200 https://registry.npmjs.org/teex 196ms (cache miss)
2032 silly packumentCache full:https://registry.npmjs.org/teex set size:undefined disposed:false
2033 http fetch GET 200 https://registry.npmjs.org/clone 197ms (cache miss)
2034 silly packumentCache full:https://registry.npmjs.org/clone set size:undefined disposed:false
2035 http fetch GET 200 https://registry.npmjs.org/@types%2fexpect 361ms (cache miss)
2036 silly packumentCache full:https://registry.npmjs.org/@types%2fexpect set size:undefined disposed:false
2037 http fetch GET 200 https://registry.npmjs.org/replace-ext 375ms (cache miss)
2038 silly packumentCache full:https://registry.npmjs.org/replace-ext set size:undefined disposed:false
2039 silly placeDep ROOT @types/expect@1.20.4 OK for: @types/vinyl@2.0.12 want: ^1.20.4
2040 silly placeDep ROOT @types/ejs@3.1.5 OK for: mem-fs-editor@12.0.3 want: ^3.1.5
2041 silly placeDep ROOT @types/picomatch@4.0.2 OK for: mem-fs-editor@12.0.3 want: ^4.0.2
2042 silly placeDep ROOT binaryextensions@6.11.0 OK for: mem-fs-editor@12.0.3 want: ^6.11.0
2043 silly placeDep ROOT commondir@1.0.1 OK for: mem-fs-editor@12.0.3 want: ^1.0.1
2044 silly placeDep ROOT ejs@4.0.1 OK for: mem-fs-editor@12.0.3 want: ^4.0.1
2045 silly placeDep node_modules/mem-fs-editor minimatch@10.2.4 OK for: mem-fs-editor@12.0.3 want: ^10.2.4
2046 silly placeDep ROOT multimatch@8.0.0 OK for: mem-fs-editor@12.0.3 want: ^8.0.0
2047 silly placeDep ROOT normalize-path@3.0.0 OK for: mem-fs-editor@12.0.3 want: ^3.0.0
2048 silly placeDep ROOT tinyglobby@0.2.15 OK for: mem-fs-editor@12.0.3 want: ^0.2.15
2049 silly fetch manifest jake@^10.9.1
2050 silly packumentCache full:https://registry.npmjs.org/jake cache-miss
2051 silly fetch manifest array-differ@^4.0.0
2052 silly packumentCache full:https://registry.npmjs.org/array-differ cache-miss
2053 silly fetch manifest array-union@^3.0.1
2054 silly packumentCache full:https://registry.npmjs.org/array-union cache-miss
2055 silly fetch manifest fdir@^6.5.0
2056 silly packumentCache full:https://registry.npmjs.org/fdir cache-miss
2057 silly fetch manifest picomatch@^4.0.3
2058 silly packumentCache full:https://registry.npmjs.org/picomatch cache-hit
2059 http fetch GET 200 https://registry.npmjs.org/array-union 144ms (cache miss)
2060 silly packumentCache full:https://registry.npmjs.org/array-union set size:undefined disposed:false
2061 http fetch GET 200 https://registry.npmjs.org/fdir 279ms (cache miss)
2062 silly packumentCache full:https://registry.npmjs.org/fdir set size:undefined disposed:false
2063 http fetch GET 200 https://registry.npmjs.org/jake 287ms (cache miss)
2064 silly packumentCache full:https://registry.npmjs.org/jake set size:undefined disposed:false
2065 http fetch GET 200 https://registry.npmjs.org/array-differ 355ms (cache miss)
2066 silly packumentCache full:https://registry.npmjs.org/array-differ set size:undefined disposed:false
2067 silly placeDep ROOT editions@6.22.0 OK for: binaryextensions@6.11.0 want: ^6.21.0
2068 silly fetch manifest version-range@^4.15.0
2069 silly packumentCache full:https://registry.npmjs.org/version-range cache-miss
2070 http fetch GET 200 https://registry.npmjs.org/version-range 762ms (cache miss)
2071 silly packumentCache full:https://registry.npmjs.org/version-range set size:undefined disposed:false
2072 silly placeDep ROOT version-range@4.15.0 OK for: editions@6.22.0 want: ^4.15.0
2073 silly placeDep ROOT jake@10.9.4 OK for: ejs@4.0.1 want: ^10.9.1
2074 silly fetch manifest async@^3.2.6
2075 silly packumentCache full:https://registry.npmjs.org/async cache-miss
2076 silly fetch manifest filelist@^1.0.4
2077 silly packumentCache full:https://registry.npmjs.org/filelist cache-miss
2078 http fetch GET 200 https://registry.npmjs.org/async 171ms (cache miss)
2079 silly packumentCache full:https://registry.npmjs.org/async set size:undefined disposed:false
2080 http fetch GET 200 https://registry.npmjs.org/filelist 208ms (cache miss)
2081 silly packumentCache full:https://registry.npmjs.org/filelist set size:undefined disposed:false
2082 silly placeDep ROOT async@3.2.6 OK for: jake@10.9.4 want: ^3.2.6
2083 silly placeDep ROOT filelist@1.0.6 OK for: jake@10.9.4 want: ^1.0.4
2084 silly fetch manifest minimatch@^5.0.1
2085 silly packumentCache full:https://registry.npmjs.org/minimatch cache-hit
2086 silly placeDep node_modules/filelist minimatch@5.1.9 OK for: filelist@1.0.6 want: ^5.0.1
2087 silly fetch manifest brace-expansion@^2.0.1
2088 silly packumentCache full:https://registry.npmjs.org/brace-expansion cache-hit
2089 silly placeDep ROOT braces@3.0.3 OK for: micromatch@4.0.8 want: ^3.0.3
2090 silly placeDep ROOT picomatch@2.3.1 OK for: micromatch@4.0.8 want: ^2.3.1
2091 silly fetch manifest fill-range@^7.1.1
2092 silly packumentCache full:https://registry.npmjs.org/fill-range cache-miss
2093 http fetch GET 200 https://registry.npmjs.org/fill-range 154ms (cache miss)
2094 silly packumentCache full:https://registry.npmjs.org/fill-range set size:undefined disposed:false
2095 silly placeDep ROOT fill-range@7.1.1 OK for: braces@3.0.3 want: ^7.1.1
2096 silly fetch manifest to-regex-range@^5.0.1
2097 silly packumentCache full:https://registry.npmjs.org/to-regex-range cache-miss
2098 http fetch GET 200 https://registry.npmjs.org/to-regex-range 208ms (cache miss)
2099 silly packumentCache full:https://registry.npmjs.org/to-regex-range set size:undefined disposed:false
2100 silly placeDep ROOT to-regex-range@5.0.1 OK for: fill-range@7.1.1 want: ^5.0.1
2101 silly fetch manifest is-number@^7.0.0
2102 silly packumentCache full:https://registry.npmjs.org/is-number cache-miss
2103 http fetch GET 200 https://registry.npmjs.org/is-number 147ms (cache miss)
2104 silly packumentCache full:https://registry.npmjs.org/is-number set size:undefined disposed:false
2105 silly placeDep node_modules/minipass-flush minipass@3.3.6 OK for: minipass-flush@1.0.5 want: ^3.0.0
2106 silly fetch manifest yallist@^4.0.0
2107 silly packumentCache full:https://registry.npmjs.org/yallist cache-miss
2108 http fetch GET 200 https://registry.npmjs.org/yallist 166ms (cache miss)
2109 silly packumentCache full:https://registry.npmjs.org/yallist set size:undefined disposed:false
2110 silly placeDep node_modules/minipass-pipeline minipass@3.3.6 OK for: minipass-pipeline@1.2.4 want: ^3.0.0
2111 silly placeDep ROOT array-differ@4.0.0 OK for: multimatch@8.0.0 want: ^4.0.0
2112 silly placeDep ROOT array-union@3.0.1 OK for: multimatch@8.0.0 want: ^3.0.1
2113 silly placeDep node_modules/multimatch minimatch@10.2.4 OK for: multimatch@8.0.0 want: ^10.2.2
2114 silly placeDep node_modules/node-gyp env-paths@2.2.1 OK for: node-gyp@12.2.0 want: ^2.2.0
2115 silly placeDep ROOT exponential-backoff@3.1.3 OK for: node-gyp@12.2.0 want: ^3.1.1
2116 silly placeDep ROOT make-fetch-happen@15.0.5 OK for: node-gyp@12.2.0 want: ^15.0.0
2117 silly placeDep ROOT tar@7.5.11 OK for: node-gyp@12.2.0 want: ^7.5.4
2118 silly placeDep node_modules/node-gyp which@6.0.1 OK for: node-gyp@12.2.0 want: ^6.0.0
2119 silly fetch manifest @npmcli/agent@^4.0.0
2120 silly packumentCache full:https://registry.npmjs.org/@npmcli%2fagent cache-miss
2121 silly fetch manifest http-cache-semantics@^4.1.1
2122 silly packumentCache full:https://registry.npmjs.org/http-cache-semantics cache-miss
2123 silly fetch manifest negotiator@^1.0.0
2124 silly packumentCache full:https://registry.npmjs.org/negotiator cache-miss
2125 silly fetch manifest @isaacs/fs-minipass@^4.0.0
2126 silly packumentCache full:https://registry.npmjs.org/@isaacs%2ffs-minipass cache-miss
2127 silly fetch manifest chownr@^3.0.0
2128 silly packumentCache full:https://registry.npmjs.org/chownr cache-miss
2129 silly fetch manifest minizlib@^3.1.0
2130 silly packumentCache full:https://registry.npmjs.org/minizlib cache-miss
2131 silly fetch manifest yallist@^5.0.0
2132 silly packumentCache full:https://registry.npmjs.org/yallist cache-miss
2133 http cache https://registry.npmjs.org/yallist 8ms (cache hit)
2134 silly packumentCache full:https://registry.npmjs.org/yallist set size:34610 disposed:false
2135 http cache https://registry.npmjs.org/minizlib 10ms (cache hit)
2136 silly packumentCache full:https://registry.npmjs.org/minizlib set size:62862 disposed:false
2137 http fetch GET 200 https://registry.npmjs.org/@isaacs%2ffs-minipass 158ms (cache miss)
2138 silly packumentCache full:https://registry.npmjs.org/@isaacs%2ffs-minipass set size:undefined disposed:false
2139 http fetch GET 200 https://registry.npmjs.org/http-cache-semantics 161ms (cache miss)
2140 silly packumentCache full:https://registry.npmjs.org/http-cache-semantics set size:undefined disposed:false
2141 http fetch GET 200 https://registry.npmjs.org/chownr 204ms (cache revalidated)
2142 silly packumentCache full:https://registry.npmjs.org/chownr set size:22157 disposed:false
2143 http fetch GET 200 https://registry.npmjs.org/@npmcli%2fagent 214ms (cache miss)
2144 silly packumentCache full:https://registry.npmjs.org/@npmcli%2fagent set size:undefined disposed:false
2145 http fetch GET 200 https://registry.npmjs.org/negotiator 221ms (cache miss)
2146 silly packumentCache full:https://registry.npmjs.org/negotiator set size:undefined disposed:false
2147 silly placeDep ROOT @npmcli/agent@4.0.0 OK for: make-fetch-happen@15.0.5 want: ^4.0.0
2148 silly placeDep ROOT http-cache-semantics@4.2.0 OK for: make-fetch-happen@15.0.5 want: ^4.1.1
2149 silly placeDep ROOT minipass-fetch@5.0.2 OK for: make-fetch-happen@15.0.5 want: ^5.0.0
2150 silly placeDep ROOT negotiator@1.0.0 OK for: make-fetch-happen@15.0.5 want: ^1.0.0
2151 silly fetch manifest agent-base@^7.1.0
2152 silly packumentCache full:https://registry.npmjs.org/agent-base cache-miss
2153 silly fetch manifest http-proxy-agent@^7.0.0
2154 silly packumentCache full:https://registry.npmjs.org/http-proxy-agent cache-miss
2155 silly fetch manifest https-proxy-agent@^7.0.1
2156 silly packumentCache full:https://registry.npmjs.org/https-proxy-agent cache-miss
2157 silly fetch manifest socks-proxy-agent@^8.0.3
2158 silly packumentCache full:https://registry.npmjs.org/socks-proxy-agent cache-miss
2159 silly fetch manifest minipass-sized@^2.0.0
2160 silly packumentCache full:https://registry.npmjs.org/minipass-sized cache-miss
2161 http fetch GET 200 https://registry.npmjs.org/http-proxy-agent 166ms (cache miss)
2162 silly packumentCache full:https://registry.npmjs.org/http-proxy-agent set size:undefined disposed:false
2163 http fetch GET 200 https://registry.npmjs.org/agent-base 169ms (cache miss)
2164 silly packumentCache full:https://registry.npmjs.org/agent-base set size:undefined disposed:false
2165 http fetch GET 200 https://registry.npmjs.org/socks-proxy-agent 174ms (cache miss)
2166 silly packumentCache full:https://registry.npmjs.org/socks-proxy-agent set size:undefined disposed:false
2167 http fetch GET 200 https://registry.npmjs.org/minipass-sized 252ms (cache miss)
2168 silly packumentCache full:https://registry.npmjs.org/minipass-sized set size:undefined disposed:false
2169 http fetch GET 200 https://registry.npmjs.org/https-proxy-agent 287ms (cache miss)
2170 silly packumentCache full:https://registry.npmjs.org/https-proxy-agent set size:undefined disposed:false
2171 silly placeDep ROOT agent-base@7.1.4 OK for: @npmcli/agent@4.0.0 want: ^7.1.0
2172 silly placeDep ROOT http-proxy-agent@7.0.2 OK for: @npmcli/agent@4.0.0 want: ^7.0.0
2173 silly placeDep ROOT https-proxy-agent@7.0.6 OK for: @npmcli/agent@4.0.0 want: ^7.0.1
2174 silly placeDep ROOT socks-proxy-agent@8.0.5 OK for: @npmcli/agent@4.0.0 want: ^8.0.3
2175 silly fetch manifest socks@^2.8.3
2176 silly packumentCache full:https://registry.npmjs.org/socks cache-miss
2177 http fetch GET 200 https://registry.npmjs.org/socks 199ms (cache miss)
2178 silly packumentCache full:https://registry.npmjs.org/socks set size:undefined disposed:false
2179 silly placeDep ROOT minipass-sized@2.0.0 OK for: minipass-fetch@5.0.2 want: ^2.0.0
2180 silly placeDep ROOT minizlib@3.1.0 OK for: minipass-fetch@5.0.2 want: ^3.0.1
2181 silly placeDep ROOT abbrev@4.0.0 OK for: nopt@9.0.0 want: ^4.0.0
2182 silly placeDep ROOT validate-npm-package-name@7.0.2 OK for: npm-package-arg@13.0.2 want: ^7.0.0
2183 silly placeDep ROOT jsonparse@1.3.1 OK for: npm-registry-fetch@19.1.1 want: ^1.3.1
2184 silly placeDep ROOT p-limit@4.0.0 OK for: p-locate@6.0.0 want: ^4.0.0
2185 silly fetch manifest yocto-queue@^1.0.0
2186 silly packumentCache full:https://registry.npmjs.org/yocto-queue cache-miss
2187 http fetch GET 200 https://registry.npmjs.org/yocto-queue 200ms (cache miss)
2188 silly packumentCache full:https://registry.npmjs.org/yocto-queue set size:undefined disposed:false
2189 silly placeDep ROOT yocto-queue@1.2.2 OK for: p-limit@4.0.0 want: ^1.0.0
2190 silly placeDep node_modules/p-transform p-queue@8.1.1 OK for: p-transform@5.0.1 want: ^8.0.1
2191 silly placeDep ROOT npm-packlist@10.0.4 OK for: pacote@21.5.0 want: ^10.0.1
2192 silly placeDep ROOT sigstore@4.1.0 OK for: pacote@21.5.0 want: ^4.0.0
2193 silly fetch manifest ignore-walk@^8.0.0
2194 silly packumentCache full:https://registry.npmjs.org/ignore-walk cache-miss
2195 silly fetch manifest @sigstore/bundle@^4.0.0
2196 silly packumentCache full:https://registry.npmjs.org/@sigstore%2fbundle cache-miss
2197 silly fetch manifest @sigstore/core@^3.1.0
2198 silly packumentCache full:https://registry.npmjs.org/@sigstore%2fcore cache-miss
2199 silly fetch manifest @sigstore/protobuf-specs@^0.5.0
2200 silly packumentCache full:https://registry.npmjs.org/@sigstore%2fprotobuf-specs cache-miss
2201 silly fetch manifest @sigstore/sign@^4.1.0
2202 silly packumentCache full:https://registry.npmjs.org/@sigstore%2fsign cache-miss
2203 silly fetch manifest @sigstore/tuf@^4.0.1
2204 silly packumentCache full:https://registry.npmjs.org/@sigstore%2ftuf cache-miss
2205 silly fetch manifest @sigstore/verify@^3.1.0
2206 silly packumentCache full:https://registry.npmjs.org/@sigstore%2fverify cache-miss
2207 http fetch GET 200 https://registry.npmjs.org/@sigstore%2fprotobuf-specs 221ms (cache miss)
2208 silly packumentCache full:https://registry.npmjs.org/@sigstore%2fprotobuf-specs set size:undefined disposed:false
2209 http fetch GET 200 https://registry.npmjs.org/@sigstore%2fverify 223ms (cache miss)
2210 silly packumentCache full:https://registry.npmjs.org/@sigstore%2fverify set size:undefined disposed:false
2211 http fetch GET 200 https://registry.npmjs.org/@sigstore%2ftuf 225ms (cache miss)
2212 silly packumentCache full:https://registry.npmjs.org/@sigstore%2ftuf set size:undefined disposed:false
2213 http fetch GET 200 https://registry.npmjs.org/@sigstore%2fbundle 275ms (cache miss)
2214 silly packumentCache full:https://registry.npmjs.org/@sigstore%2fbundle set size:undefined disposed:false
2215 http fetch GET 200 https://registry.npmjs.org/@sigstore%2fcore 275ms (cache miss)
2216 silly packumentCache full:https://registry.npmjs.org/@sigstore%2fcore set size:undefined disposed:false
2217 http fetch GET 200 https://registry.npmjs.org/@sigstore%2fsign 276ms (cache miss)
2218 silly packumentCache full:https://registry.npmjs.org/@sigstore%2fsign set size:undefined disposed:false
2219 http fetch GET 200 https://registry.npmjs.org/ignore-walk 279ms (cache miss)
2220 silly packumentCache full:https://registry.npmjs.org/ignore-walk set size:undefined disposed:false
2221 silly placeDep ROOT ignore-walk@8.0.0 OK for: npm-packlist@10.0.4 want: ^8.0.0
2222 silly placeDep node_modules/ignore-walk minimatch@10.2.4 OK for: ignore-walk@8.0.0 want: ^10.0.3
2223 silly placeDep ROOT just-diff@6.0.2 OK for: parse-conflict-json@5.0.1 want: ^6.0.0
2224 silly placeDep ROOT just-diff-apply@5.5.0 OK for: parse-conflict-json@5.0.1 want: ^5.2.0
2225 silly placeDep ROOT cssesc@3.0.0 OK for: postcss-selector-parser@7.1.1 want: ^3.0.0
2226 silly placeDep ROOT util-deprecate@1.0.2 OK for: postcss-selector-parser@7.1.1 want: ^1.0.2
2227 silly placeDep ROOT queue-microtask@1.2.3 OK for: run-parallel@1.2.0 want: ^1.2.2
2228 silly placeDep ROOT @sigstore/bundle@4.0.0 OK for: sigstore@4.1.0 want: ^4.0.0
2229 silly placeDep ROOT @sigstore/core@3.2.0 OK for: sigstore@4.1.0 want: ^3.1.0
2230 silly placeDep ROOT @sigstore/protobuf-specs@0.5.0 OK for: sigstore@4.1.0 want: ^0.5.0
2231 silly placeDep ROOT @sigstore/sign@4.1.1 OK for: sigstore@4.1.0 want: ^4.1.0
2232 silly placeDep ROOT @sigstore/tuf@4.0.2 OK for: sigstore@4.1.0 want: ^4.0.1
2233 silly placeDep ROOT @sigstore/verify@3.1.0 OK for: sigstore@4.1.0 want: ^3.1.0
2234 silly fetch manifest tuf-js@^4.1.0
2235 silly packumentCache full:https://registry.npmjs.org/tuf-js cache-miss
2236 http fetch GET 200 https://registry.npmjs.org/tuf-js 196ms (cache miss)
2237 silly packumentCache full:https://registry.npmjs.org/tuf-js set size:undefined disposed:false
2238 silly placeDep ROOT tuf-js@4.1.0 OK for: @sigstore/tuf@4.0.2 want: ^4.1.0
2239 silly fetch manifest @tufjs/models@4.1.0
2240 silly packumentCache full:https://registry.npmjs.org/@tufjs%2fmodels cache-miss
2241 http fetch GET 200 https://registry.npmjs.org/@tufjs%2fmodels 278ms (cache miss)
2242 silly packumentCache full:https://registry.npmjs.org/@tufjs%2fmodels set size:undefined disposed:false
2243 silly placeDep ROOT socks@2.8.7 OK for: socks-proxy-agent@8.0.5 want: ^2.8.3
2244 silly fetch manifest ip-address@^10.0.1
2245 silly packumentCache full:https://registry.npmjs.org/ip-address cache-miss
2246 silly fetch manifest smart-buffer@^4.2.0
2247 silly packumentCache full:https://registry.npmjs.org/smart-buffer cache-miss
2248 http fetch GET 200 https://registry.npmjs.org/smart-buffer 152ms (cache miss)
2249 silly packumentCache full:https://registry.npmjs.org/smart-buffer set size:undefined disposed:false
2250 http fetch GET 200 https://registry.npmjs.org/ip-address 306ms (cache miss)
2251 silly packumentCache full:https://registry.npmjs.org/ip-address set size:undefined disposed:false
2252 silly placeDep ROOT ip-address@10.1.0 OK for: socks@2.8.7 want: ^10.0.1
2253 silly placeDep ROOT smart-buffer@4.2.0 OK for: socks@2.8.7 want: ^4.2.0
2254 silly placeDep ROOT @isaacs/fs-minipass@4.0.1 OK for: tar@7.5.11 want: ^4.0.0
2255 silly placeDep ROOT chownr@3.0.0 OK for: tar@7.5.11 want: ^3.0.0
2256 silly placeDep ROOT yallist@5.0.0 OK for: tar@7.5.11 want: ^5.0.0
2257 silly placeDep node_modules/tinyglobby fdir@6.5.0 OK for: tinyglobby@0.2.15 want: ^6.5.0
2258 silly placeDep node_modules/tinyglobby picomatch@4.0.3 OK for: fdir@6.5.0 want: ^3 || ^4
2259 silly placeDep ROOT is-number@7.0.0 OK for: to-regex-range@5.0.1 want: ^7.0.0
2260 silly placeDep ROOT @tufjs/models@4.1.0 OK for: tuf-js@4.1.0 want: 4.1.0
2261 silly fetch manifest @tufjs/canonical-json@2.0.0
2262 silly packumentCache full:https://registry.npmjs.org/@tufjs%2fcanonical-json cache-miss
2263 silly fetch manifest minimatch@^10.1.1
2264 silly packumentCache full:https://registry.npmjs.org/minimatch cache-hit
2265 http fetch GET 200 https://registry.npmjs.org/@tufjs%2fcanonical-json 157ms (cache miss)
2266 silly packumentCache full:https://registry.npmjs.org/@tufjs%2fcanonical-json set size:undefined disposed:false
2267 silly placeDep ROOT @tufjs/canonical-json@2.0.0 OK for: @tufjs/models@4.1.0 want: 2.0.0
2268 silly placeDep node_modules/@tufjs/models minimatch@10.2.4 OK for: @tufjs/models@4.1.0 want: ^10.1.1
2269 silly placeDep ROOT clone@2.1.2 OK for: vinyl@3.0.1 want: ^2.1.2
2270 silly placeDep ROOT remove-trailing-separator@1.1.0 OK for: vinyl@3.0.1 want: ^1.1.0
2271 silly placeDep ROOT replace-ext@2.0.0 OK for: vinyl@3.0.1 want: ^2.0.0
2272 silly placeDep ROOT teex@1.0.1 OK for: vinyl@3.0.1 want: ^1.0.1
2273 silly fetch manifest streamx@^2.12.5
2274 silly packumentCache full:https://registry.npmjs.org/streamx cache-miss
2275 http fetch GET 200 https://registry.npmjs.org/streamx 197ms (cache miss)
2276 silly packumentCache full:https://registry.npmjs.org/streamx set size:undefined disposed:false
2277 silly placeDep ROOT streamx@2.25.0 OK for: teex@1.0.1 want: ^2.12.5
2278 silly fetch manifest events-universal@^1.0.0
2279 silly packumentCache full:https://registry.npmjs.org/events-universal cache-miss
2280 silly fetch manifest fast-fifo@^1.3.2
2281 silly packumentCache full:https://registry.npmjs.org/fast-fifo cache-miss
2282 silly fetch manifest text-decoder@^1.1.0
2283 silly packumentCache full:https://registry.npmjs.org/text-decoder cache-miss
2284 http fetch GET 200 https://registry.npmjs.org/events-universal 166ms (cache miss)
2285 silly packumentCache full:https://registry.npmjs.org/events-universal set size:undefined disposed:false
2286 http fetch GET 200 https://registry.npmjs.org/text-decoder 183ms (cache miss)
2287 silly packumentCache full:https://registry.npmjs.org/text-decoder set size:undefined disposed:false
2288 http fetch GET 200 https://registry.npmjs.org/fast-fifo 190ms (cache miss)
2289 silly packumentCache full:https://registry.npmjs.org/fast-fifo set size:undefined disposed:false
2290 silly placeDep ROOT events-universal@1.0.1 OK for: streamx@2.25.0 want: ^1.0.0
2291 silly placeDep ROOT fast-fifo@1.3.2 OK for: streamx@2.25.0 want: ^1.3.2
2292 silly placeDep ROOT text-decoder@1.2.7 OK for: streamx@2.25.0 want: ^1.1.0
2293 silly fetch manifest bare-events@^2.7.0
2294 silly packumentCache full:https://registry.npmjs.org/bare-events cache-miss
2295 silly fetch manifest b4a@^1.6.4
2296 silly packumentCache full:https://registry.npmjs.org/b4a cache-miss
2297 http fetch GET 200 https://registry.npmjs.org/bare-events 149ms (cache miss)
2298 silly packumentCache full:https://registry.npmjs.org/bare-events set size:undefined disposed:false
2299 http fetch GET 200 https://registry.npmjs.org/b4a 257ms (cache miss)
2300 silly packumentCache full:https://registry.npmjs.org/b4a set size:undefined disposed:false
2301 silly fetch manifest bare-abort-controller@*
2302 silly packumentCache full:https://registry.npmjs.org/bare-abort-controller cache-miss
2303 http fetch GET 200 https://registry.npmjs.org/bare-abort-controller 150ms (cache miss)
2304 silly packumentCache full:https://registry.npmjs.org/bare-abort-controller set size:undefined disposed:false
2305 silly placeDep ROOT bare-events@2.8.2 OK for: events-universal@1.0.1 want: ^2.7.0
2306 silly fetch manifest react-native-b4a@*
2307 silly packumentCache full:https://registry.npmjs.org/react-native-b4a cache-miss
2308 http fetch GET 200 https://registry.npmjs.org/react-native-b4a 217ms (cache miss)
2309 silly packumentCache full:https://registry.npmjs.org/react-native-b4a set size:undefined disposed:false
2310 silly fetch manifest react@*
2311 silly packumentCache full:https://registry.npmjs.org/react cache-miss
2312 http fetch GET 200 https://registry.npmjs.org/react 635ms (cache updated)
2313 silly packumentCache full:https://registry.npmjs.org/react set size:undefined disposed:false
2314 silly fetch manifest react-native@*
2315 silly packumentCache full:https://registry.npmjs.org/react-native cache-miss
2316 http fetch GET 200 https://registry.npmjs.org/react-native 1250ms (cache miss)
2317 silly packumentCache full:https://registry.npmjs.org/react-native set size:undefined disposed:false
2318 silly fetch manifest @types/react@^19.1.1
2319 silly packumentCache full:https://registry.npmjs.org/@types%2freact cache-miss
2320 http fetch GET 200 https://registry.npmjs.org/@types%2freact 246ms (cache revalidated)
2321 silly packumentCache full:https://registry.npmjs.org/@types%2freact set size:2588986 disposed:false
2322 silly placeDep ROOT b4a@1.8.0 OK for: text-decoder@1.2.7 want: ^1.6.4
2323 silly placeDep ROOT strip-bom-buf@3.0.1 OK for: vinyl-file@5.0.0 want: ^3.0.1
2324 silly placeDep ROOT strip-bom-stream@5.0.0 OK for: vinyl-file@5.0.0 want: ^5.0.0
2325 silly fetch manifest is-utf8@^0.2.1
2326 silly packumentCache full:https://registry.npmjs.org/is-utf8 cache-miss
2327 silly fetch manifest first-chunk-stream@^5.0.0
2328 silly packumentCache full:https://registry.npmjs.org/first-chunk-stream cache-miss
2329 http fetch GET 200 https://registry.npmjs.org/is-utf8 396ms (cache miss)
2330 silly packumentCache full:https://registry.npmjs.org/is-utf8 set size:undefined disposed:false
2331 http fetch GET 200 https://registry.npmjs.org/first-chunk-stream 489ms (cache miss)
2332 silly packumentCache full:https://registry.npmjs.org/first-chunk-stream set size:undefined disposed:false
2333 silly placeDep ROOT is-utf8@0.2.1 OK for: strip-bom-buf@3.0.1 want: ^0.2.1
2334 silly placeDep ROOT first-chunk-stream@5.0.0 OK for: strip-bom-stream@5.0.0 want: ^5.0.0
2335 silly placeDep ROOT find-up@7.0.0 OK for: which-package-manager@1.0.1 want: ^7.0.0
2336 silly fetch manifest locate-path@^7.2.0
2337 silly packumentCache full:https://registry.npmjs.org/locate-path cache-miss
2338 silly fetch manifest path-exists@^5.0.0
2339 silly packumentCache full:https://registry.npmjs.org/path-exists cache-miss
2340 silly fetch manifest unicorn-magic@^0.1.0
2341 silly packumentCache full:https://registry.npmjs.org/unicorn-magic cache-miss
2342 http cache https://registry.npmjs.org/unicorn-magic 6ms (cache hit)
2343 silly packumentCache full:https://registry.npmjs.org/unicorn-magic set size:9139 disposed:false
2344 http cache https://registry.npmjs.org/locate-path 7ms (cache hit)
2345 silly packumentCache full:https://registry.npmjs.org/locate-path set size:31329 disposed:false
2346 http fetch GET 200 https://registry.npmjs.org/path-exists 149ms (cache miss)
2347 silly packumentCache full:https://registry.npmjs.org/path-exists set size:undefined disposed:false
2348 silly placeDep node_modules/find-up locate-path@7.2.0 OK for: find-up@7.0.0 want: ^7.2.0
2349 silly placeDep ROOT path-exists@5.0.0 OK for: find-up@7.0.0 want: ^5.0.0
2350 silly placeDep node_modules/find-up unicorn-magic@0.1.0 OK for: find-up@7.0.0 want: ^0.1.0
2351 silly placeDep node_modules/yosay meow@12.1.1 OK for: yosay@3.0.0 want: ^12.1.1
2352 silly placeDep ROOT pad-component@0.0.1 OK for: yosay@3.0.0 want: 0.0.1
2353 silly placeDep node_modules/yosay string-width@6.1.0 OK for: yosay@3.0.0 want: ^6.1.0
2354 silly placeDep node_modules/yosay wrap-ansi@8.1.0 OK for: yosay@3.0.0 want: ^8.1.0
2355 silly fetch manifest emoji-regex@^10.2.1
2356 silly packumentCache full:https://registry.npmjs.org/emoji-regex cache-hit
2357 silly fetch manifest eastasianwidth@^0.2.0
2358 silly packumentCache full:https://registry.npmjs.org/eastasianwidth cache-miss
2359 silly fetch manifest string-width@^5.0.1
2360 silly packumentCache full:https://registry.npmjs.org/string-width cache-hit
2361 http fetch GET 200 https://registry.npmjs.org/eastasianwidth 142ms (cache miss)
2362 silly packumentCache full:https://registry.npmjs.org/eastasianwidth set size:undefined disposed:false
2363 silly placeDep node_modules/@npmcli/arborist brace-expansion@5.0.4 OK for: minimatch@10.2.4 want: ^5.0.2
2364 silly fetch manifest balanced-match@^4.0.2
2365 silly packumentCache full:https://registry.npmjs.org/balanced-match cache-miss
2366 http cache https://registry.npmjs.org/balanced-match 3ms (cache hit)
2367 silly packumentCache full:https://registry.npmjs.org/balanced-match set size:39082 disposed:false
2368 silly placeDep node_modules/@npmcli/arborist balanced-match@4.0.4 OK for: brace-expansion@5.0.4 want: ^4.0.2
2369 silly placeDep node_modules/@npmcli/git isexe@4.0.0 OK for: which@6.0.1 want: ^4.0.0
2370 silly placeDep node_modules/@npmcli/map-workspaces brace-expansion@5.0.4 OK for: minimatch@10.2.4 want: ^5.0.2
2371 silly placeDep node_modules/@npmcli/map-workspaces balanced-match@4.0.4 OK for: brace-expansion@5.0.4 want: ^4.0.2
2372 silly placeDep node_modules/@npmcli/promise-spawn isexe@4.0.0 OK for: which@6.0.1 want: ^4.0.0
2373 silly placeDep node_modules/@tufjs/models brace-expansion@5.0.4 OK for: minimatch@10.2.4 want: ^5.0.2
2374 silly placeDep node_modules/@tufjs/models balanced-match@4.0.4 OK for: brace-expansion@5.0.4 want: ^4.0.2
2375 silly placeDep node_modules/@yeoman/conflicter brace-expansion@5.0.4 OK for: minimatch@10.2.4 want: ^5.0.2
2376 silly placeDep node_modules/@yeoman/conflicter balanced-match@4.0.4 OK for: brace-expansion@5.0.4 want: ^4.0.2
2377 silly placeDep node_modules/@yeoman/transform brace-expansion@2.0.2 OK for: minimatch@9.0.9 want: ^2.0.2
2378 silly placeDep ROOT emoji-regex@8.0.0 OK for: string-width@4.2.3 want: ^8.0.0
2379 silly placeDep ROOT is-fullwidth-code-point@3.0.0 OK for: string-width@4.2.3 want: ^3.0.0
2380 silly placeDep node_modules/ansi-align strip-ansi@6.0.1 OK for: string-width@4.2.3 want: ^6.0.1
2381 silly fetch manifest ansi-regex@^5.0.1
2382 silly packumentCache full:https://registry.npmjs.org/ansi-regex cache-hit
2383 silly placeDep node_modules/ansi-align ansi-regex@5.0.1 OK for: strip-ansi@6.0.1 want: ^5.0.1
2384 silly placeDep node_modules/boxen emoji-regex@10.6.0 OK for: string-width@7.2.0 want: ^10.3.0
2385 silly placeDep node_modules/filelist brace-expansion@2.0.2 OK for: minimatch@5.1.9 want: ^2.0.1
2386 silly placeDep node_modules/fly-import ini@5.0.0 OK for: registry-url@7.2.0 want: ^5.0.0
2387 silly placeDep node_modules/glob brace-expansion@5.0.4 OK for: minimatch@10.2.4 want: ^5.0.2
2388 silly placeDep node_modules/glob balanced-match@4.0.4 OK for: brace-expansion@5.0.4 want: ^4.0.2
2389 silly placeDep node_modules/ignore-walk brace-expansion@5.0.4 OK for: minimatch@10.2.4 want: ^5.0.2
2390 silly placeDep node_modules/ignore-walk balanced-match@4.0.4 OK for: brace-expansion@5.0.4 want: ^4.0.2
2391 silly placeDep node_modules/mem-fs-editor brace-expansion@5.0.4 OK for: minimatch@10.2.4 want: ^5.0.2
2392 silly placeDep node_modules/mem-fs-editor balanced-match@4.0.4 OK for: brace-expansion@5.0.4 want: ^4.0.2
2393 silly placeDep node_modules/minipass-flush yallist@4.0.0 OK for: minipass@3.3.6 want: ^4.0.0
2394 silly placeDep node_modules/minipass-pipeline yallist@4.0.0 OK for: minipass@3.3.6 want: ^4.0.0
2395 silly placeDep node_modules/multimatch brace-expansion@5.0.4 OK for: minimatch@10.2.4 want: ^5.0.2
2396 silly placeDep node_modules/multimatch balanced-match@4.0.4 OK for: brace-expansion@5.0.4 want: ^4.0.2
2397 silly placeDep node_modules/node-gyp isexe@4.0.0 OK for: which@6.0.1 want: ^4.0.0
2398 silly placeDep node_modules/p-transform p-timeout@6.1.4 OK for: p-queue@8.1.1 want: ^6.1.2
2399 silly placeDep node_modules/passwd-user get-stream@6.0.1 OK for: execa@5.1.1 want: ^6.0.0
2400 silly placeDep node_modules/passwd-user human-signals@2.1.0 OK for: execa@5.1.1 want: ^2.1.0
2401 silly placeDep node_modules/passwd-user is-stream@2.0.1 OK for: execa@5.1.1 want: ^2.0.0
2402 silly placeDep node_modules/passwd-user npm-run-path@4.0.1 OK for: execa@5.1.1 want: ^4.0.1
2403 silly placeDep node_modules/passwd-user onetime@5.1.2 OK for: execa@5.1.1 want: ^5.1.2
2404 silly placeDep node_modules/passwd-user signal-exit@3.0.7 OK for: execa@5.1.1 want: ^3.0.3
2405 silly placeDep node_modules/passwd-user strip-final-newline@2.0.0 OK for: execa@5.1.1 want: ^2.0.0
2406 silly placeDep ROOT mimic-function@5.0.1 OK for: onetime@7.0.0 want: ^5.0.0
2407 silly placeDep node_modules/sudo-block ansi-styles@4.3.0 OK for: chalk@4.1.2 want: ^4.1.0
2408 silly placeDep node_modules/sudo-block supports-color@7.2.0 OK for: chalk@4.1.2 want: ^7.1.0
2409 silly fetch manifest color-convert@^2.0.1
2410 silly packumentCache full:https://registry.npmjs.org/color-convert cache-miss
2411 silly fetch manifest has-flag@^4.0.0
2412 silly packumentCache full:https://registry.npmjs.org/has-flag cache-miss
2413 http fetch GET 200 https://registry.npmjs.org/color-convert 209ms (cache miss)
2414 silly packumentCache full:https://registry.npmjs.org/color-convert set size:undefined disposed:false
2415 http fetch GET 200 https://registry.npmjs.org/has-flag 240ms (cache miss)
2416 silly packumentCache full:https://registry.npmjs.org/has-flag set size:undefined disposed:false
2417 silly placeDep ROOT color-convert@2.0.1 OK for: ansi-styles@4.3.0 want: ^2.0.1
2418 silly fetch manifest color-name@~1.1.4
2419 silly packumentCache full:https://registry.npmjs.org/color-name cache-miss
2420 http fetch GET 200 https://registry.npmjs.org/color-name 187ms (cache miss)
2421 silly packumentCache full:https://registry.npmjs.org/color-name set size:undefined disposed:false
2422 silly placeDep ROOT color-name@1.1.4 OK for: color-convert@2.0.1 want: ~1.1.4
2423 silly placeDep ROOT has-flag@4.0.0 OK for: supports-color@7.2.0 want: ^4.0.0
2424 silly placeDep node_modules/update-notifier dot-prop@9.0.0 OK for: configstore@7.1.0 want: ^9.0.0
2425 silly fetch manifest type-fest@^4.18.2
2426 silly packumentCache full:https://registry.npmjs.org/type-fest cache-hit
2427 silly placeDep node_modules/update-notifier type-fest@4.41.0 OK for: dot-prop@9.0.0 want: ^4.18.2
2428 silly placeDep node_modules/widest-line emoji-regex@10.6.0 OK for: string-width@7.2.0 want: ^10.3.0
2429 silly placeDep node_modules/wrap-ansi emoji-regex@10.6.0 OK for: string-width@7.2.0 want: ^10.3.0
2430 silly placeDep node_modules/yeoman-environment get-stream@9.0.1 OK for: execa@9.6.1 want: ^9.0.0
2431 silly placeDep node_modules/yeoman-environment human-signals@8.0.1 OK for: execa@9.6.1 want: ^8.0.1
2432 silly placeDep ROOT is-plain-obj@4.1.0 OK for: execa@9.6.1 want: ^4.1.0
2433 silly placeDep node_modules/yeoman-environment is-stream@4.0.1 OK for: execa@9.6.1 want: ^4.0.1
2434 silly placeDep node_modules/yeoman-environment npm-run-path@6.0.0 OK for: execa@9.6.1 want: ^6.0.0
2435 silly placeDep ROOT pretty-ms@9.3.0 OK for: execa@9.6.1 want: ^9.2.0
2436 silly placeDep node_modules/yeoman-environment strip-final-newline@4.0.0 OK for: execa@9.6.1 want: ^4.0.0
2437 silly fetch manifest @sec-ant/readable-stream@^0.4.1
2438 silly packumentCache full:https://registry.npmjs.org/@sec-ant%2freadable-stream cache-miss
2439 silly fetch manifest unicorn-magic@^0.3.0
2440 silly packumentCache full:https://registry.npmjs.org/unicorn-magic cache-hit
2441 silly fetch manifest parse-ms@^4.0.0
2442 silly packumentCache full:https://registry.npmjs.org/parse-ms cache-miss
2443 http fetch GET 200 https://registry.npmjs.org/@sec-ant%2freadable-stream 159ms (cache miss)
2444 silly packumentCache full:https://registry.npmjs.org/@sec-ant%2freadable-stream set size:undefined disposed:false
2445 http fetch GET 200 https://registry.npmjs.org/parse-ms 273ms (cache miss)
2446 silly packumentCache full:https://registry.npmjs.org/parse-ms set size:undefined disposed:false
2447 silly placeDep ROOT parse-ms@4.0.0 OK for: pretty-ms@9.3.0 want: ^4.0.0
2448 silly placeDep ROOT @sec-ant/readable-stream@0.4.1 OK for: get-stream@9.0.1 want: ^0.4.1
2449 silly placeDep node_modules/yeoman-environment path-key@4.0.0 OK for: npm-run-path@6.0.0 want: ^4.0.0
2450 silly placeDep node_modules/yeoman-environment unicorn-magic@0.3.0 OK for: npm-run-path@6.0.0 want: ^0.3.0
2451 silly placeDep ROOT eastasianwidth@0.2.0 OK for: string-width@6.1.0 want: ^0.2.0
2452 silly placeDep node_modules/yosay emoji-regex@10.6.0 OK for: string-width@6.1.0 want: ^10.2.1
2453 silly placeDep node_modules/yosay/node_modules/wrap-ansi string-width@5.1.2 OK for: wrap-ansi@8.1.0 want: ^5.0.1
2454 silly fetch manifest emoji-regex@^9.2.2
2455 silly packumentCache full:https://registry.npmjs.org/emoji-regex cache-hit
2456 silly placeDep node_modules/yosay/node_modules/wrap-ansi emoji-regex@9.2.2 OK for: string-width@5.1.2 want: ^9.2.2
2457 silly reify moves {}
2458 silly audit bulk request {
2458 silly audit   yo: [ '7.0.0' ],
2458 silly audit   '@yeoman/adapter': [ '4.0.2' ],
2458 silly audit   '@yeoman/types': [ '1.10.3' ],
2458 silly audit   '@types/node': [ '25.5.0' ],
2458 silly audit   chalk: [ '5.6.2', '4.1.2' ],
2458 silly audit   'cli-list': [ '1.0.0' ],
2458 silly audit   configstore: [ '8.0.0', '7.1.0' ],
2458 silly audit   'cross-spawn': [ '7.0.6' ],
2458 silly audit   figures: [ '6.1.0' ],
2458 silly audit   fullname: [ '5.0.0' ],
2458 silly audit   'global-agent': [ '3.0.0' ],
2458 silly audit   'humanize-string': [ '3.1.0' ],
2458 silly audit   lodash: [ '4.17.23' ],
2458 silly audit   meow: [ '14.1.0', '12.1.1' ],
2458 silly audit   'npm-keyword': [ '8.0.0' ],
2458 silly audit   open: [ '11.0.0' ],
2458 silly audit   'package-json': [ '10.0.1' ],
2458 silly audit   'parse-help': [ '2.0.0' ],
2458 silly audit   'read-package-up': [ '12.0.0' ],
2458 silly audit   'root-check': [ '2.0.0' ],
2458 silly audit   'sort-on': [ '7.0.0' ],
2458 silly audit   'string-length': [ '7.0.1' ],
2458 silly audit   titleize: [ '4.0.0' ],
2458 silly audit   'update-notifier': [ '7.3.1' ],
2458 silly audit   'yeoman-character': [ '2.0.0' ],
2458 silly audit   'yeoman-doctor': [ '6.0.0' ],
2458 silly audit   'yeoman-environment': [ '6.0.0' ],
2458 silly audit   yosay: [ '3.0.0' ],
2458 silly audit   'undici-types': [ '7.18.2' ],
2458 silly audit   '@inquirer/core': [ '11.1.7' ],
2458 silly audit   '@inquirer/prompts': [ '8.3.2' ],
2458 silly audit   inquirer: [ '13.3.2' ],
2458 silly audit   'log-symbols': [ '7.0.1' ],
2458 silly audit   ora: [ '9.3.0' ],
2458 silly audit   'p-queue': [ '9.1.0', '8.1.1' ],
2458 silly audit   'text-table': [ '0.2.0' ],
2458 silly audit   '@inquirer/ansi': [ '2.0.4' ],
2458 silly audit   '@inquirer/figures': [ '2.0.4' ],
2458 silly audit   '@inquirer/type': [ '4.0.4' ],
2458 silly audit   'cli-width': [ '4.1.0' ],
2458 silly audit   'fast-wrap-ansi': [ '0.2.0' ],
2458 silly audit   'mute-stream': [ '3.0.0' ],
2458 silly audit   'signal-exit': [ '4.1.0', '3.0.7' ],
2458 silly audit   '@inquirer/checkbox': [ '5.1.2' ],
2458 silly audit   '@inquirer/confirm': [ '6.0.10' ],
2458 silly audit   '@inquirer/editor': [ '5.0.10' ],
2458 silly audit   '@inquirer/expand': [ '5.0.10' ],
2458 silly audit   '@inquirer/input': [ '5.0.10' ],
2458 silly audit   '@inquirer/number': [ '4.0.10' ],
2458 silly audit   '@inquirer/password': [ '5.0.10' ],
2458 silly audit   '@inquirer/rawlist': [ '5.2.6' ],
2458 silly audit   '@inquirer/search': [ '4.1.6' ],
2458 silly audit   '@inquirer/select': [ '5.1.2' ],
2458 silly audit   '@inquirer/external-editor': [ '2.0.4' ],
2458 silly audit   chardet: [ '2.1.1' ],
2458 silly audit   'iconv-lite': [ '0.7.2' ],
2458 silly audit   atomically: [ '2.1.1' ],
2458 silly audit   'dot-prop': [ '10.1.0', '9.0.0' ],
2458 silly audit   'graceful-fs': [ '4.2.11', '4.2.10' ],
2458 silly audit   'is-safe-filename': [ '0.1.1' ],
2458 silly audit   'xdg-basedir': [ '5.1.0' ],
2458 silly audit   'stubborn-fs': [ '2.0.0' ],
2458 silly audit   'when-exit': [ '2.1.5' ],
2458 silly audit   'path-key': [ '3.1.1', '4.0.0' ],
2458 silly audit   'shebang-command': [ '2.0.0' ],
2458 silly audit   which: [ '2.0.2', '6.0.1' ],
2458 silly audit   'type-fest': [ '5.5.0', '4.41.0', '0.13.1' ],
2458 silly audit   'fast-string-width': [ '3.0.2' ],
2458 silly audit   'fast-string-truncated-width': [ '3.0.3' ],
2458 silly audit   'is-unicode-supported': [ '2.1.0' ],
2458 silly audit   execa: [ '8.0.1', '5.1.1', '9.6.1' ],
2458 silly audit   'filter-obj': [ '5.1.0' ],
2458 silly audit   mem: [ '5.1.1' ],
2458 silly audit   'p-any': [ '4.0.0' ],
2458 silly audit   'passwd-user': [ '4.0.0' ],
2458 silly audit   rc: [ '1.2.8' ],
2458 silly audit   'get-stream': [ '8.0.1', '6.0.1', '9.0.1' ],
2458 silly audit   'human-signals': [ '5.0.0', '2.1.0', '8.0.1' ],
2458 silly audit   'is-stream': [ '3.0.0', '2.0.1', '4.0.1' ],
2458 silly audit   'merge-stream': [ '2.0.0' ],
2458 silly audit   'npm-run-path': [ '5.3.0', '4.0.1', '6.0.0' ],
2458 silly audit   onetime: [ '6.0.0', '7.0.0', '5.1.2' ],
2458 silly audit   'strip-final-newline': [ '3.0.0', '2.0.0', '4.0.0' ],
2458 silly audit   boolean: [ '3.2.0' ],
2458 silly audit   'es6-error': [ '4.1.1' ],
2458 silly audit   matcher: [ '3.0.0' ],
2458 silly audit   roarr: [ '2.15.4' ],
2458 silly audit   semver: [ '7.7.4' ],
2458 silly audit   'serialize-error': [ '7.0.1' ],
2458 silly audit   decamelize: [ '6.0.1' ],
2458 silly audit   'safer-buffer': [ '2.1.2' ],
2458 silly audit   'run-async': [ '4.0.6' ],
2458 silly audit   rxjs: [ '7.8.2' ],
2458 silly audit   yoctocolors: [ '2.1.2' ],
2458 silly audit   'escape-string-regexp': [ '4.0.0', '5.0.0' ],
2458 silly audit   'map-age-cleaner': [ '0.1.3' ],
2458 silly audit   'mimic-fn': [ '2.1.0', '4.0.0' ],
2458 silly audit   'p-is-promise': [ '2.1.0' ],
2458 silly audit   'p-defer': [ '1.0.0' ],
2458 silly audit   ky: [ '1.14.3' ],
2458 silly audit   'registry-url': [ '6.0.1', '7.2.0' ],
2458 silly audit   'default-browser': [ '5.5.0' ],
2458 silly audit   'define-lazy-prop': [ '3.0.0' ],
2458 silly audit   'is-in-ssh': [ '1.0.0' ],
2458 silly audit   'is-inside-container': [ '1.0.0' ],
2458 silly audit   'powershell-utils': [ '0.1.0' ],
2458 silly audit   'wsl-utils': [ '0.3.1' ],
2458 silly audit   'bundle-name': [ '4.1.0' ],
2458 silly audit   'default-browser-id': [ '5.0.1' ],
2458 silly audit   'run-applescript': [ '7.1.0' ],
2458 silly audit   'is-docker': [ '3.0.0', '2.2.1' ],
2458 silly audit   'cli-cursor': [ '5.0.0' ],
2458 silly audit   'cli-spinners': [ '3.4.0' ],
2458 silly audit   'is-interactive': [ '2.0.0' ],
2458 silly audit   'stdin-discarder': [ '0.3.1' ],
2458 silly audit   'string-width': [ '8.2.0', '7.2.0', '4.2.3', '6.1.0', '5.1.2' ],
2458 silly audit   'restore-cursor': [ '5.1.0' ],
2458 silly audit   'p-cancelable': [ '3.0.0' ],
2458 silly audit   'p-some': [ '6.0.0' ],
2458 silly audit   eventemitter3: [ '5.0.4' ],
2458 silly audit   'p-timeout': [ '7.0.1', '6.1.4' ],
2458 silly audit   'aggregate-error': [ '4.0.1' ],
2458 silly audit   'clean-stack': [ '4.2.0' ],
2458 silly audit   'indent-string': [ '5.0.0' ],
2458 silly audit   'registry-auth-token': [ '5.1.1' ],
2458 silly audit   execall: [ '3.0.0' ],
2458 silly audit   'clone-regexp': [ '3.0.0' ],
2458 silly audit   'is-regexp': [ '3.1.0' ],
2458 silly audit   'deep-extend': [ '0.6.0' ],
2458 silly audit   ini: [ '1.3.8', '4.1.1', '6.0.0', '5.0.0' ],
2458 silly audit   minimist: [ '1.2.8' ],
2458 silly audit   'strip-json-comments': [ '2.0.1' ],
2458 silly audit   'find-up-simple': [ '1.0.1' ],
2458 silly audit   'read-pkg': [ '10.1.0' ],
2458 silly audit   '@types/normalize-package-data': [ '2.4.4' ],
2458 silly audit   'normalize-package-data': [ '8.0.0' ],
2458 silly audit   'parse-json': [ '8.3.0' ],
2458 silly audit   'unicorn-magic': [ '0.4.0', '0.1.0', '0.3.0' ],
2458 silly audit   'hosted-git-info': [ '9.0.2' ],
2458 silly audit   'validate-npm-package-license': [ '3.0.4' ],
2458 silly audit   'lru-cache': [ '11.2.7' ],
2458 silly audit   '@babel/code-frame': [ '7.29.0' ],
2458 silly audit   'index-to-position': [ '1.2.0' ],
2458 silly audit   '@babel/helper-validator-identifier': [ '7.28.5' ],
2458 silly audit   'js-tokens': [ '4.0.0' ],
2458 silly audit   picocolors: [ '1.1.1' ],
2458 silly audit   '@pnpm/npm-conf': [ '3.0.2' ],
2458 silly audit   '@pnpm/config.env-replace': [ '1.1.0' ],
2458 silly audit   '@pnpm/network.ca-file': [ '1.0.2' ],
2458 silly audit   'config-chain': [ '1.1.13' ],
2458 silly audit   'proto-list': [ '1.2.4' ],
2458 silly audit   'detect-node': [ '2.1.0' ],
2458 silly audit   globalthis: [ '1.0.4' ],
2458 silly audit   'json-stringify-safe': [ '5.0.1' ],
2458 silly audit   'semver-compare': [ '1.0.0' ],
2458 silly audit   'sprintf-js': [ '1.1.3' ],
2458 silly audit   'define-properties': [ '1.2.1' ],
2458 silly audit   gopd: [ '1.2.0' ],
2458 silly audit   'define-data-property': [ '1.1.4' ],
2458 silly audit   'has-property-descriptors': [ '1.0.2' ],
2458 silly audit   'object-keys': [ '1.1.1' ],
2458 silly audit   'es-define-property': [ '1.0.1' ],
2458 silly audit   'es-errors': [ '1.3.0' ],
2458 silly audit   'downgrade-root': [ '2.0.0' ],
2458 silly audit   'sudo-block': [ '4.0.0' ],
2458 silly audit   'default-uid': [ '2.0.0' ],
2458 silly audit   'is-root': [ '3.0.0' ],
2458 silly audit   tslib: [ '2.8.1' ],
2458 silly audit   'shebang-regex': [ '3.0.0' ],
2458 silly audit   'get-east-asian-width': [ '1.5.0' ],
2458 silly audit   'strip-ansi': [ '7.2.0', '6.0.1' ],
2458 silly audit   'ansi-regex': [ '6.2.2', '5.0.1' ],
2458 silly audit   'stubborn-utils': [ '1.0.2' ],
2458 silly audit   'tagged-tag': [ '1.0.0' ],
2458 silly audit   boxen: [ '8.0.1' ],
2458 silly audit   'is-in-ci': [ '1.0.0' ],
2458 silly audit   'is-installed-globally': [ '1.0.0' ],
2458 silly audit   'is-npm': [ '6.1.0' ],
2458 silly audit   'latest-version': [ '9.0.0' ],
2458 silly audit   pupa: [ '3.3.0' ],
2458 silly audit   'ansi-align': [ '3.0.1' ],
2458 silly audit   camelcase: [ '8.0.0' ],
2458 silly audit   'cli-boxes': [ '3.0.0' ],
2458 silly audit   'widest-line': [ '5.0.0' ],
2458 silly audit   'wrap-ansi': [ '9.0.2', '8.1.0' ],
2458 silly audit   'global-directory': [ '4.0.1' ],
2458 silly audit   'is-path-inside': [ '4.0.0' ],
2458 silly audit   'escape-goat': [ '4.0.0' ],
2458 silly audit   'spdx-correct': [ '3.2.0' ],
2458 silly audit   'spdx-expression-parse': [ '3.0.1', '4.0.0' ],
2458 silly audit   'spdx-license-ids': [ '3.0.23' ],
2458 silly audit   'spdx-exceptions': [ '2.5.0' ],
2458 silly audit   isexe: [ '2.0.0', '4.0.0' ],
2458 silly audit   'ansi-styles': [ '6.2.3', '4.3.0' ],
2458 silly audit   'is-wsl': [ '3.1.1' ],
2458 silly audit   'supports-color': [ '9.4.0', '7.2.0' ],
2458 silly audit   'binary-version-check': [ '6.1.0' ],
2458 silly audit   twig: [ '1.17.1' ],
2458 silly audit   'binary-version': [ '7.1.0' ],
2458 silly audit   'semver-truncate': [ '3.0.0' ],
2458 silly audit   'find-versions': [ '6.0.0' ],
2458 silly audit   'semver-regex': [ '4.0.5' ],
2458 silly audit   'super-regex': [ '1.1.0' ],
2458 silly audit   'function-timeout': [ '1.0.2' ],
2458 silly audit   'make-asynchronous': [ '1.1.0' ],
2458 silly audit   'time-span': [ '5.1.0' ],
2458 silly audit   'p-event': [ '6.0.1' ],
2458 silly audit   'web-worker': [ '1.5.0' ],
2458 silly audit   'convert-hrtime': [ '5.0.0' ],
2458 silly audit   '@babel/runtime': [ '7.29.2' ],
2458 silly audit   locutus: [ '2.0.39' ],
2458 silly audit   minimatch: [ '3.0.8', '10.2.4', '9.0.9', '5.1.9' ],
2458 silly audit   walk: [ '2.3.15' ],
2458 silly audit   'brace-expansion': [ '1.1.12', '5.0.4', '2.0.2' ],
2458 silly audit   'balanced-match': [ '1.0.2', '4.0.4' ],
2458 silly audit   'concat-map': [ '0.0.1' ],
2458 silly audit   foreachasync: [ '3.0.0' ],
2458 silly audit   '@yeoman/conflicter': [ '4.0.1' ],
2458 silly audit   'mem-fs': [ '4.1.4' ],
2458 silly audit   '@yeoman/namespace': [ '1.0.1' ],
2458 silly audit   '@yeoman/transform': [ '2.1.0' ],
2458 silly audit   arrify: [ '3.0.0' ],
2458 silly audit   commander: [ '14.0.3' ],
2458 silly audit   debug: [ '4.4.3' ],
2458 silly audit   'fly-import': [ '1.0.0' ],
2458 silly audit   globby: [ '16.1.1' ],
2458 silly audit   'grouped-queue': [ '2.1.0' ],
2458 silly audit   'locate-path': [ '8.0.0', '7.2.0' ],
2458 silly audit   'lodash-es': [ '4.17.23' ],
2458 silly audit   'mem-fs-editor': [ '12.0.3' ],
2458 silly audit   slash: [ '5.1.0' ],
2458 silly audit   untildify: [ '6.0.0' ],
2458 silly audit   'which-package-manager': [ '1.0.1' ],
2458 silly audit   'binary-extensions': [ '3.1.0' ],
2458 silly audit   'cli-table': [ '0.3.11' ],
2458 silly audit   dateformat: [ '5.0.3' ],
2458 silly audit   diff: [ '8.0.3' ],
2458 silly audit   isbinaryfile: [ '5.0.7' ],
2458 silly audit   'p-transform': [ '5.0.1' ],
2458 silly audit   'pretty-bytes': [ '7.1.0' ],
2458 silly audit   textextensions: [ '6.11.0' ],
2458 silly audit   colors: [ '1.0.3' ],
2458 silly audit   ms: [ '2.1.3' ],
2458 silly audit   '@npmcli/arborist': [ '9.4.2' ],
2458 silly audit   'env-paths': [ '3.0.0', '2.2.1' ],
2458 silly audit   '@gar/promise-retry': [ '1.0.3' ],
2458 silly audit   '@isaacs/string-locale-compare': [ '1.1.0' ],
2458 silly audit   '@npmcli/fs': [ '5.0.0' ],
2458 silly audit   '@npmcli/installed-package-contents': [ '4.0.0' ],
2458 silly audit   '@npmcli/map-workspaces': [ '5.0.3' ],
2458 silly audit   '@npmcli/metavuln-calculator': [ '9.0.3' ],
2458 silly audit   '@npmcli/name-from-folder': [ '4.0.0' ],
2458 silly audit   '@npmcli/node-gyp': [ '5.0.0' ],
2458 silly audit   '@npmcli/package-json': [ '7.0.5' ],
2458 silly audit   '@npmcli/query': [ '5.0.0' ],
2458 silly audit   '@npmcli/redact': [ '4.0.0' ],
2458 silly audit   '@npmcli/run-script': [ '10.0.4' ],
2458 silly audit   'bin-links': [ '6.0.0' ],
2458 silly audit   cacache: [ '20.0.4' ],
2458 silly audit   'common-ancestor-path': [ '2.0.0' ],
2458 silly audit   'json-stringify-nice': [ '1.1.4' ],
2458 silly audit   nopt: [ '9.0.0' ],
2458 silly audit   'npm-install-checks': [ '8.0.0' ],
2458 silly audit   'npm-package-arg': [ '13.0.2' ],
2458 silly audit   'npm-pick-manifest': [ '11.0.3' ],
2458 silly audit   'npm-registry-fetch': [ '19.1.1' ],
2458 silly audit   pacote: [ '21.5.0' ],
2458 silly audit   'parse-conflict-json': [ '5.0.1' ],
2458 silly audit   'proc-log': [ '6.1.0' ],
2458 silly audit   proggy: [ '4.0.0' ],
2458 silly audit   'promise-all-reject-late': [ '1.0.1' ],
2458 silly audit   'promise-call-limit': [ '3.0.2' ],
2458 silly audit   ssri: [ '13.0.1' ],
2458 silly audit   treeverse: [ '3.0.0' ],
2458 silly audit   'walk-up-path': [ '4.0.0' ],
2458 silly audit   'npm-bundled': [ '5.0.0' ],
2458 silly audit   'npm-normalize-package-bin': [ '5.0.0' ],
2458 silly audit   glob: [ '13.0.6' ],
2458 silly audit   'json-parse-even-better-errors': [ '5.0.0' ],
2458 silly audit   '@npmcli/git': [ '7.0.2' ],
2458 silly audit   '@npmcli/promise-spawn': [ '9.0.1' ],
2458 silly audit   'postcss-selector-parser': [ '7.1.1' ],
2458 silly audit   'node-gyp': [ '12.2.0' ],
2458 silly audit   'cmd-shim': [ '8.0.0' ],
2458 silly audit   'read-cmd-shim': [ '6.0.0' ],
2458 silly audit   'write-file-atomic': [ '7.0.1' ],
2458 silly audit   'fs-minipass': [ '3.0.3' ],
2458 silly audit   minipass: [ '7.1.3', '3.3.6' ],
2458 silly audit   'minipass-collect': [ '2.0.1' ],
2458 silly audit   'minipass-flush': [ '1.0.5' ],
2458 silly audit   'minipass-pipeline': [ '1.2.4' ],
2458 silly audit   'p-map': [ '7.0.4' ],
2458 silly audit   'path-scurry': [ '2.0.2' ],
2458 silly audit   '@sindresorhus/merge-streams': [ '4.0.0' ],
2458 silly audit   'fast-glob': [ '3.3.3' ],
2458 silly audit   ignore: [ '7.0.5' ],
2458 silly audit   '@nodelib/fs.stat': [ '2.0.5' ],
2458 silly audit   '@nodelib/fs.walk': [ '1.2.8' ],
2458 silly audit   'glob-parent': [ '5.1.2' ],
2458 silly audit   merge2: [ '1.4.1' ],
2458 silly audit   micromatch: [ '4.0.8' ],
2458 silly audit   '@nodelib/fs.scandir': [ '2.1.5' ],
2458 silly audit   fastq: [ '1.20.1' ],
2458 silly audit   'run-parallel': [ '1.2.0' ],
2458 silly audit   reusify: [ '1.1.0' ],
2458 silly audit   'is-glob': [ '4.0.3' ],
2458 silly audit   'is-extglob': [ '2.1.1' ],
2458 silly audit   'p-locate': [ '6.0.0' ],
2458 silly audit   '@types/vinyl': [ '2.0.12' ],
2458 silly audit   vinyl: [ '3.0.1' ],
2458 silly audit   'vinyl-file': [ '5.0.0' ],
2458 silly audit   '@types/expect': [ '1.20.4' ],
2458 silly audit   '@types/ejs': [ '3.1.5' ],
2458 silly audit   '@types/picomatch': [ '4.0.2' ],
2458 silly audit   binaryextensions: [ '6.11.0' ],
2458 silly audit   commondir: [ '1.0.1' ],
2458 silly audit   ejs: [ '4.0.1' ],
2458 silly audit   multimatch: [ '8.0.0' ],
2458 silly audit   'normalize-path': [ '3.0.0' ],
2458 silly audit   tinyglobby: [ '0.2.15' ],
2458 silly audit   editions: [ '6.22.0' ],
2458 silly audit   'version-range': [ '4.15.0' ],
2458 silly audit   jake: [ '10.9.4' ],
2458 silly audit   async: [ '3.2.6' ],
2458 silly audit   filelist: [ '1.0.6' ],
2458 silly audit   braces: [ '3.0.3' ],
2458 silly audit   picomatch: [ '2.3.1', '4.0.3' ],
2458 silly audit   'fill-range': [ '7.1.1' ],
2458 silly audit   'to-regex-range': [ '5.0.1' ],
2458 silly audit   'array-differ': [ '4.0.0' ],
2458 silly audit   'array-union': [ '3.0.1' ],
2458 silly audit   'exponential-backoff': [ '3.1.3' ],
2458 silly audit   'make-fetch-happen': [ '15.0.5' ],
2458 silly audit   tar: [ '7.5.11' ],
2458 silly audit   '@npmcli/agent': [ '4.0.0' ],
2458 silly audit   'http-cache-semantics': [ '4.2.0' ],
2458 silly audit   'minipass-fetch': [ '5.0.2' ],
2458 silly audit   negotiator: [ '1.0.0' ],
2458 silly audit   'agent-base': [ '7.1.4' ],
2458 silly audit   'http-proxy-agent': [ '7.0.2' ],
2458 silly audit   'https-proxy-agent': [ '7.0.6' ],
2458 silly audit   'socks-proxy-agent': [ '8.0.5' ],
2458 silly audit   'minipass-sized': [ '2.0.0' ],
2458 silly audit   minizlib: [ '3.1.0' ],
2458 silly audit   abbrev: [ '4.0.0' ],
2458 silly audit   'validate-npm-package-name': [ '7.0.2' ],
2458 silly audit   jsonparse: [ '1.3.1' ],
2458 silly audit   'p-limit': [ '4.0.0' ],
2458 silly audit   'yocto-queue': [ '1.2.2' ],
2458 silly audit   'npm-packlist': [ '10.0.4' ],
2458 silly audit   sigstore: [ '4.1.0' ],
2458 silly audit   'ignore-walk': [ '8.0.0' ],
2458 silly audit   'just-diff': [ '6.0.2' ],
2458 silly audit   'just-diff-apply': [ '5.5.0' ],
2458 silly audit   cssesc: [ '3.0.0' ],
2458 silly audit   'util-deprecate': [ '1.0.2' ],
2458 silly audit   'queue-microtask': [ '1.2.3' ],
2458 silly audit   '@sigstore/bundle': [ '4.0.0' ],
2458 silly audit   '@sigstore/core': [ '3.2.0' ],
2458 silly audit   '@sigstore/protobuf-specs': [ '0.5.0' ],
2458 silly audit   '@sigstore/sign': [ '4.1.1' ],
2458 silly audit   '@sigstore/tuf': [ '4.0.2' ],
2458 silly audit   '@sigstore/verify': [ '3.1.0' ],
2458 silly audit   'tuf-js': [ '4.1.0' ],
2458 silly audit   socks: [ '2.8.7' ],
2458 silly audit   'ip-address': [ '10.1.0' ],
2458 silly audit   'smart-buffer': [ '4.2.0' ],
2458 silly audit   '@isaacs/fs-minipass': [ '4.0.1' ],
2458 silly audit   chownr: [ '3.0.0' ],
2458 silly audit   yallist: [ '5.0.0', '4.0.0' ],
2458 silly audit   fdir: [ '6.5.0' ],
2458 silly audit   'is-number': [ '7.0.0' ],
2458 silly audit   '@tufjs/models': [ '4.1.0' ],
2458 silly audit   '@tufjs/canonical-json': [ '2.0.0' ],
2458 silly audit   clone: [ '2.1.2' ],
2458 silly audit   'remove-trailing-separator': [ '1.1.0' ],
2458 silly audit   'replace-ext': [ '2.0.0' ],
2458 silly audit   teex: [ '1.0.1' ],
2458 silly audit   streamx: [ '2.25.0' ],
2458 silly audit   'events-universal': [ '1.0.1' ],
2458 silly audit   'fast-fifo': [ '1.3.2' ],
2458 silly audit   'text-decoder': [ '1.2.7' ],
2458 silly audit   'bare-events': [ '2.8.2' ],
2458 silly audit   b4a: [ '1.8.0' ],
2458 silly audit   'strip-bom-buf': [ '3.0.1' ],
2458 silly audit   'strip-bom-stream': [ '5.0.0' ],
2458 silly audit   'is-utf8': [ '0.2.1' ],
2458 silly audit   'first-chunk-stream': [ '5.0.0' ],
2458 silly audit   'find-up': [ '7.0.0' ],
2458 silly audit   'path-exists': [ '5.0.0' ],
2458 silly audit   'pad-component': [ '0.0.1' ],
2458 silly audit   'emoji-regex': [ '8.0.0', '10.6.0', '9.2.2' ],
2458 silly audit   'is-fullwidth-code-point': [ '3.0.0' ],
2458 silly audit   'mimic-function': [ '5.0.1' ],
2458 silly audit   'color-convert': [ '2.0.1' ],
2458 silly audit   'color-name': [ '1.1.4' ],
2458 silly audit   'has-flag': [ '4.0.0' ],
2458 silly audit   'is-plain-obj': [ '4.1.0' ],
2458 silly audit   'pretty-ms': [ '9.3.0' ],
2458 silly audit   'parse-ms': [ '4.0.0' ],
2458 silly audit   '@sec-ant/readable-stream': [ '0.4.1' ],
2458 silly audit   eastasianwidth: [ '0.2.0' ]
2458 silly audit }
2459 http cache eastasianwidth@https://registry.npmjs.org/eastasianwidth/-/eastasianwidth-0.2.0.tgz 1ms (cache hit)
2460 http cache @sec-ant/readable-stream@https://registry.npmjs.org/@sec-ant/readable-stream/-/readable-stream-0.4.1.tgz 0ms (cache hit)
2461 http cache pretty-ms@https://registry.npmjs.org/pretty-ms/-/pretty-ms-9.3.0.tgz 0ms (cache hit)
2462 http cache is-plain-obj@https://registry.npmjs.org/is-plain-obj/-/is-plain-obj-4.1.0.tgz 0ms (cache hit)
2463 http cache parse-ms@https://registry.npmjs.org/parse-ms/-/parse-ms-4.0.0.tgz 0ms (cache hit)
2464 http cache color-convert@https://registry.npmjs.org/color-convert/-/color-convert-2.0.1.tgz 0ms (cache hit)
2465 http cache color-name@https://registry.npmjs.org/color-name/-/color-name-1.1.4.tgz 0ms (cache hit)
2466 http cache mimic-function@https://registry.npmjs.org/mimic-function/-/mimic-function-5.0.1.tgz 0ms (cache hit)
2467 http cache has-flag@https://registry.npmjs.org/has-flag/-/has-flag-4.0.0.tgz 0ms (cache hit)
2468 http cache is-fullwidth-code-point@https://registry.npmjs.org/is-fullwidth-code-point/-/is-fullwidth-code-point-3.0.0.tgz 0ms (cache hit)
2469 http cache emoji-regex@https://registry.npmjs.org/emoji-regex/-/emoji-regex-8.0.0.tgz 0ms (cache hit)
2470 http cache find-up@https://registry.npmjs.org/find-up/-/find-up-7.0.0.tgz 0ms (cache hit)
2471 http cache pad-component@https://registry.npmjs.org/pad-component/-/pad-component-0.0.1.tgz 0ms (cache hit)
2472 http cache first-chunk-stream@https://registry.npmjs.org/first-chunk-stream/-/first-chunk-stream-5.0.0.tgz 0ms (cache hit)
2473 http cache path-exists@https://registry.npmjs.org/path-exists/-/path-exists-5.0.0.tgz 0ms (cache hit)
2474 http cache is-utf8@https://registry.npmjs.org/is-utf8/-/is-utf8-0.2.1.tgz 0ms (cache hit)
2475 http cache strip-bom-buf@https://registry.npmjs.org/strip-bom-buf/-/strip-bom-buf-3.0.1.tgz 0ms (cache hit)
2476 http cache b4a@https://registry.npmjs.org/b4a/-/b4a-1.8.0.tgz 0ms (cache hit)
2477 http cache bare-events@https://registry.npmjs.org/bare-events/-/bare-events-2.8.2.tgz 0ms (cache hit)
2478 http cache text-decoder@https://registry.npmjs.org/text-decoder/-/text-decoder-1.2.7.tgz 0ms (cache hit)
2479 http cache fast-fifo@https://registry.npmjs.org/fast-fifo/-/fast-fifo-1.3.2.tgz 0ms (cache hit)
2480 http cache events-universal@https://registry.npmjs.org/events-universal/-/events-universal-1.0.1.tgz 0ms (cache hit)
2481 http cache replace-ext@https://registry.npmjs.org/replace-ext/-/replace-ext-2.0.0.tgz 0ms (cache hit)
2482 http cache strip-bom-stream@https://registry.npmjs.org/strip-bom-stream/-/strip-bom-stream-5.0.0.tgz 0ms (cache hit)
2483 http cache teex@https://registry.npmjs.org/teex/-/teex-1.0.1.tgz 0ms (cache hit)
2484 http cache streamx@https://registry.npmjs.org/streamx/-/streamx-2.25.0.tgz 0ms (cache hit)
2485 http cache clone@https://registry.npmjs.org/clone/-/clone-2.1.2.tgz 0ms (cache hit)
2486 http cache @tufjs/canonical-json@https://registry.npmjs.org/@tufjs/canonical-json/-/canonical-json-2.0.0.tgz 1ms (cache hit)
2487 http cache is-number@https://registry.npmjs.org/is-number/-/is-number-7.0.0.tgz 0ms (cache hit)
2488 http cache remove-trailing-separator@https://registry.npmjs.org/remove-trailing-separator/-/remove-trailing-separator-1.1.0.tgz 0ms (cache hit)
2489 http cache yallist@https://registry.npmjs.org/yallist/-/yallist-5.0.0.tgz 0ms (cache hit)
2490 http cache @tufjs/models@https://registry.npmjs.org/@tufjs/models/-/models-4.1.0.tgz 0ms (cache hit)
2491 http cache chownr@https://registry.npmjs.org/chownr/-/chownr-3.0.0.tgz 0ms (cache hit)
2492 http cache @isaacs/fs-minipass@https://registry.npmjs.org/@isaacs/fs-minipass/-/fs-minipass-4.0.1.tgz 0ms (cache hit)
2493 http cache ip-address@https://registry.npmjs.org/ip-address/-/ip-address-10.1.0.tgz 0ms (cache hit)
2494 http cache smart-buffer@https://registry.npmjs.org/smart-buffer/-/smart-buffer-4.2.0.tgz 0ms (cache hit)
2495 http cache tuf-js@https://registry.npmjs.org/tuf-js/-/tuf-js-4.1.0.tgz 0ms (cache hit)
2496 http cache socks@https://registry.npmjs.org/socks/-/socks-2.8.7.tgz 0ms (cache hit)
2497 http cache @sigstore/verify@https://registry.npmjs.org/@sigstore/verify/-/verify-3.1.0.tgz 0ms (cache hit)
2498 http cache @sigstore/tuf@https://registry.npmjs.org/@sigstore/tuf/-/tuf-4.0.2.tgz 0ms (cache hit)
2499 http cache @sigstore/sign@https://registry.npmjs.org/@sigstore/sign/-/sign-4.1.1.tgz 0ms (cache hit)
2500 http cache @sigstore/protobuf-specs@https://registry.npmjs.org/@sigstore/protobuf-specs/-/protobuf-specs-0.5.0.tgz 0ms (cache hit)
2501 http cache @sigstore/core@https://registry.npmjs.org/@sigstore/core/-/core-3.2.0.tgz 0ms (cache hit)
2502 http cache @sigstore/bundle@https://registry.npmjs.org/@sigstore/bundle/-/bundle-4.0.0.tgz 0ms (cache hit)
2503 http cache util-deprecate@https://registry.npmjs.org/util-deprecate/-/util-deprecate-1.0.2.tgz 0ms (cache hit)
2504 http cache queue-microtask@https://registry.npmjs.org/queue-microtask/-/queue-microtask-1.2.3.tgz 0ms (cache hit)
2505 http cache just-diff-apply@https://registry.npmjs.org/just-diff-apply/-/just-diff-apply-5.5.0.tgz 0ms (cache hit)
2506 http cache ignore-walk@https://registry.npmjs.org/ignore-walk/-/ignore-walk-8.0.0.tgz 0ms (cache hit)
2507 http cache just-diff@https://registry.npmjs.org/just-diff/-/just-diff-6.0.2.tgz 0ms (cache hit)
2508 http cache sigstore@https://registry.npmjs.org/sigstore/-/sigstore-4.1.0.tgz 0ms (cache hit)
2509 http cache cssesc@https://registry.npmjs.org/cssesc/-/cssesc-3.0.0.tgz 0ms (cache hit)
2510 http cache yocto-queue@https://registry.npmjs.org/yocto-queue/-/yocto-queue-1.2.2.tgz 0ms (cache hit)
2511 http cache p-limit@https://registry.npmjs.org/p-limit/-/p-limit-4.0.0.tgz 0ms (cache hit)
2512 http cache npm-packlist@https://registry.npmjs.org/npm-packlist/-/npm-packlist-10.0.4.tgz 0ms (cache hit)
2513 http cache jsonparse@https://registry.npmjs.org/jsonparse/-/jsonparse-1.3.1.tgz 0ms (cache hit)
2514 http cache abbrev@https://registry.npmjs.org/abbrev/-/abbrev-4.0.0.tgz 0ms (cache hit)
2515 http cache minizlib@https://registry.npmjs.org/minizlib/-/minizlib-3.1.0.tgz 0ms (cache hit)
2516 http cache validate-npm-package-name@https://registry.npmjs.org/validate-npm-package-name/-/validate-npm-package-name-7.0.2.tgz 0ms (cache hit)
2517 http cache minipass-sized@https://registry.npmjs.org/minipass-sized/-/minipass-sized-2.0.0.tgz 0ms (cache hit)
2518 http cache socks-proxy-agent@https://registry.npmjs.org/socks-proxy-agent/-/socks-proxy-agent-8.0.5.tgz 0ms (cache hit)
2519 http cache agent-base@https://registry.npmjs.org/agent-base/-/agent-base-7.1.4.tgz 0ms (cache hit)
2520 http cache https-proxy-agent@https://registry.npmjs.org/https-proxy-agent/-/https-proxy-agent-7.0.6.tgz 0ms (cache hit)
2521 http cache minipass-fetch@https://registry.npmjs.org/minipass-fetch/-/minipass-fetch-5.0.2.tgz 0ms (cache hit)
2522 http cache negotiator@https://registry.npmjs.org/negotiator/-/negotiator-1.0.0.tgz 0ms (cache hit)
2523 http cache http-proxy-agent@https://registry.npmjs.org/http-proxy-agent/-/http-proxy-agent-7.0.2.tgz 0ms (cache hit)
2524 http cache http-cache-semantics@https://registry.npmjs.org/http-cache-semantics/-/http-cache-semantics-4.2.0.tgz 0ms (cache hit)
2525 http cache @npmcli/agent@https://registry.npmjs.org/@npmcli/agent/-/agent-4.0.0.tgz 0ms (cache hit)
2526 http cache exponential-backoff@https://registry.npmjs.org/exponential-backoff/-/exponential-backoff-3.1.3.tgz 1ms (cache hit)
2527 http cache tar@https://registry.npmjs.org/tar/-/tar-7.5.11.tgz 0ms (cache hit)
2528 http cache array-union@https://registry.npmjs.org/array-union/-/array-union-3.0.1.tgz 0ms (cache hit)
2529 http cache array-differ@https://registry.npmjs.org/array-differ/-/array-differ-4.0.0.tgz 0ms (cache hit)
2530 http cache make-fetch-happen@https://registry.npmjs.org/make-fetch-happen/-/make-fetch-happen-15.0.5.tgz 0ms (cache hit)
2531 http cache to-regex-range@https://registry.npmjs.org/to-regex-range/-/to-regex-range-5.0.1.tgz 0ms (cache hit)
2532 http cache fill-range@https://registry.npmjs.org/fill-range/-/fill-range-7.1.1.tgz 0ms (cache hit)
2533 http cache braces@https://registry.npmjs.org/braces/-/braces-3.0.3.tgz 0ms (cache hit)
2534 http cache picomatch@https://registry.npmjs.org/picomatch/-/picomatch-2.3.1.tgz 0ms (cache hit)
2535 http cache filelist@https://registry.npmjs.org/filelist/-/filelist-1.0.6.tgz 0ms (cache hit)
2536 http cache jake@https://registry.npmjs.org/jake/-/jake-10.9.4.tgz 0ms (cache hit)
2537 http cache version-range@https://registry.npmjs.org/version-range/-/version-range-4.15.0.tgz 0ms (cache hit)
2538 http cache async@https://registry.npmjs.org/async/-/async-3.2.6.tgz 0ms (cache hit)
2539 http cache editions@https://registry.npmjs.org/editions/-/editions-6.22.0.tgz 0ms (cache hit)
2540 http cache tinyglobby@https://registry.npmjs.org/tinyglobby/-/tinyglobby-0.2.15.tgz 0ms (cache hit)
2541 http cache multimatch@https://registry.npmjs.org/multimatch/-/multimatch-8.0.0.tgz 0ms (cache hit)
2542 http cache normalize-path@https://registry.npmjs.org/normalize-path/-/normalize-path-3.0.0.tgz 0ms (cache hit)
2543 http cache ejs@https://registry.npmjs.org/ejs/-/ejs-4.0.1.tgz 0ms (cache hit)
2544 http cache binaryextensions@https://registry.npmjs.org/binaryextensions/-/binaryextensions-6.11.0.tgz 0ms (cache hit)
2545 http cache @types/picomatch@https://registry.npmjs.org/@types/picomatch/-/picomatch-4.0.2.tgz 1ms (cache hit)
2546 http cache commondir@https://registry.npmjs.org/commondir/-/commondir-1.0.1.tgz 0ms (cache hit)
2547 http cache @types/ejs@https://registry.npmjs.org/@types/ejs/-/ejs-3.1.5.tgz 0ms (cache hit)
2548 http cache @types/expect@https://registry.npmjs.org/@types/expect/-/expect-1.20.4.tgz 0ms (cache hit)
2549 http cache @types/vinyl@https://registry.npmjs.org/@types/vinyl/-/vinyl-2.0.12.tgz 0ms (cache hit)
2550 http cache vinyl-file@https://registry.npmjs.org/vinyl-file/-/vinyl-file-5.0.0.tgz 0ms (cache hit)
2551 http cache vinyl@https://registry.npmjs.org/vinyl/-/vinyl-3.0.1.tgz 0ms (cache hit)
2552 http cache p-locate@https://registry.npmjs.org/p-locate/-/p-locate-6.0.0.tgz 0ms (cache hit)
2553 http cache is-glob@https://registry.npmjs.org/is-glob/-/is-glob-4.0.3.tgz 0ms (cache hit)
2554 http cache is-extglob@https://registry.npmjs.org/is-extglob/-/is-extglob-2.1.1.tgz 0ms (cache hit)
2555 http cache reusify@https://registry.npmjs.org/reusify/-/reusify-1.1.0.tgz 0ms (cache hit)
2556 http cache run-parallel@https://registry.npmjs.org/run-parallel/-/run-parallel-1.2.0.tgz 0ms (cache hit)
2557 http cache fastq@https://registry.npmjs.org/fastq/-/fastq-1.20.1.tgz 0ms (cache hit)
2558 http cache micromatch@https://registry.npmjs.org/micromatch/-/micromatch-4.0.8.tgz 0ms (cache hit)
2559 http cache @nodelib/fs.scandir@https://registry.npmjs.org/@nodelib/fs.scandir/-/fs.scandir-2.1.5.tgz 0ms (cache hit)
2560 http cache glob-parent@https://registry.npmjs.org/glob-parent/-/glob-parent-5.1.2.tgz 0ms (cache hit)
2561 http cache merge2@https://registry.npmjs.org/merge2/-/merge2-1.4.1.tgz 0ms (cache hit)
2562 http cache @nodelib/fs.walk@https://registry.npmjs.org/@nodelib/fs.walk/-/fs.walk-1.2.8.tgz 0ms (cache hit)
2563 http cache @nodelib/fs.stat@https://registry.npmjs.org/@nodelib/fs.stat/-/fs.stat-2.0.5.tgz 0ms (cache hit)
2564 http cache ignore@https://registry.npmjs.org/ignore/-/ignore-7.0.5.tgz 0ms (cache hit)
2565 http cache fast-glob@https://registry.npmjs.org/fast-glob/-/fast-glob-3.3.3.tgz 0ms (cache hit)
2566 http cache p-map@https://registry.npmjs.org/p-map/-/p-map-7.0.4.tgz 0ms (cache hit)
2567 http cache path-scurry@https://registry.npmjs.org/path-scurry/-/path-scurry-2.0.2.tgz 0ms (cache hit)
2568 http cache @sindresorhus/merge-streams@https://registry.npmjs.org/@sindresorhus/merge-streams/-/merge-streams-4.0.0.tgz 0ms (cache hit)
2569 http cache minipass-pipeline@https://registry.npmjs.org/minipass-pipeline/-/minipass-pipeline-1.2.4.tgz 0ms (cache hit)
2570 http cache minipass-flush@https://registry.npmjs.org/minipass-flush/-/minipass-flush-1.0.5.tgz 0ms (cache hit)
2571 http cache minipass-collect@https://registry.npmjs.org/minipass-collect/-/minipass-collect-2.0.1.tgz 0ms (cache hit)
2572 http cache minipass@https://registry.npmjs.org/minipass/-/minipass-7.1.3.tgz 0ms (cache hit)
2573 http cache write-file-atomic@https://registry.npmjs.org/write-file-atomic/-/write-file-atomic-7.0.1.tgz 0ms (cache hit)
2574 http cache fs-minipass@https://registry.npmjs.org/fs-minipass/-/fs-minipass-3.0.3.tgz 0ms (cache hit)
2575 http cache cmd-shim@https://registry.npmjs.org/cmd-shim/-/cmd-shim-8.0.0.tgz 0ms (cache hit)
2576 http cache node-gyp@https://registry.npmjs.org/node-gyp/-/node-gyp-12.2.0.tgz 0ms (cache hit)
2577 http cache read-cmd-shim@https://registry.npmjs.org/read-cmd-shim/-/read-cmd-shim-6.0.0.tgz 0ms (cache hit)
2578 http cache postcss-selector-parser@https://registry.npmjs.org/postcss-selector-parser/-/postcss-selector-parser-7.1.1.tgz 0ms (cache hit)
2579 http cache @npmcli/git@https://registry.npmjs.org/@npmcli/git/-/git-7.0.2.tgz 0ms (cache hit)
2580 http cache @npmcli/promise-spawn@https://registry.npmjs.org/@npmcli/promise-spawn/-/promise-spawn-9.0.1.tgz 0ms (cache hit)
2581 http cache json-parse-even-better-errors@https://registry.npmjs.org/json-parse-even-better-errors/-/json-parse-even-better-errors-5.0.0.tgz 0ms (cache hit)
2582 http cache glob@https://registry.npmjs.org/glob/-/glob-13.0.6.tgz 0ms (cache hit)
2583 http cache npm-bundled@https://registry.npmjs.org/npm-bundled/-/npm-bundled-5.0.0.tgz 0ms (cache hit)
2584 http cache npm-normalize-package-bin@https://registry.npmjs.org/npm-normalize-package-bin/-/npm-normalize-package-bin-5.0.0.tgz 0ms (cache hit)
2585 http cache walk-up-path@https://registry.npmjs.org/walk-up-path/-/walk-up-path-4.0.0.tgz 0ms (cache hit)
2586 http cache ssri@https://registry.npmjs.org/ssri/-/ssri-13.0.1.tgz 0ms (cache hit)
2587 http cache treeverse@https://registry.npmjs.org/treeverse/-/treeverse-3.0.0.tgz 0ms (cache hit)
2588 http cache proggy@https://registry.npmjs.org/proggy/-/proggy-4.0.0.tgz 0ms (cache hit)
2589 http cache promise-all-reject-late@https://registry.npmjs.org/promise-all-reject-late/-/promise-all-reject-late-1.0.1.tgz 0ms (cache hit)
2590 http cache proc-log@https://registry.npmjs.org/proc-log/-/proc-log-6.1.0.tgz 0ms (cache hit)
2591 http cache promise-call-limit@https://registry.npmjs.org/promise-call-limit/-/promise-call-limit-3.0.2.tgz 0ms (cache hit)
2592 http cache parse-conflict-json@https://registry.npmjs.org/parse-conflict-json/-/parse-conflict-json-5.0.1.tgz 0ms (cache hit)
2593 http cache pacote@https://registry.npmjs.org/pacote/-/pacote-21.5.0.tgz 0ms (cache hit)
2594 http cache npm-install-checks@https://registry.npmjs.org/npm-install-checks/-/npm-install-checks-8.0.0.tgz 0ms (cache hit)
2595 http cache npm-package-arg@https://registry.npmjs.org/npm-package-arg/-/npm-package-arg-13.0.2.tgz 0ms (cache hit)
2596 http cache npm-pick-manifest@https://registry.npmjs.org/npm-pick-manifest/-/npm-pick-manifest-11.0.3.tgz 0ms (cache hit)
2597 http cache npm-registry-fetch@https://registry.npmjs.org/npm-registry-fetch/-/npm-registry-fetch-19.1.1.tgz 0ms (cache hit)
2598 http cache nopt@https://registry.npmjs.org/nopt/-/nopt-9.0.0.tgz 0ms (cache hit)
2599 http cache json-stringify-nice@https://registry.npmjs.org/json-stringify-nice/-/json-stringify-nice-1.1.4.tgz 0ms (cache hit)
2600 http cache cacache@https://registry.npmjs.org/cacache/-/cacache-20.0.4.tgz 0ms (cache hit)
2601 http cache common-ancestor-path@https://registry.npmjs.org/common-ancestor-path/-/common-ancestor-path-2.0.0.tgz 0ms (cache hit)
2602 http cache bin-links@https://registry.npmjs.org/bin-links/-/bin-links-6.0.0.tgz 0ms (cache hit)
2603 http cache @npmcli/run-script@https://registry.npmjs.org/@npmcli/run-script/-/run-script-10.0.4.tgz 0ms (cache hit)
2604 http cache @npmcli/redact@https://registry.npmjs.org/@npmcli/redact/-/redact-4.0.0.tgz 0ms (cache hit)
2605 http cache @npmcli/query@https://registry.npmjs.org/@npmcli/query/-/query-5.0.0.tgz 0ms (cache hit)
2606 http cache @npmcli/package-json@https://registry.npmjs.org/@npmcli/package-json/-/package-json-7.0.5.tgz 0ms (cache hit)
2607 http cache @npmcli/node-gyp@https://registry.npmjs.org/@npmcli/node-gyp/-/node-gyp-5.0.0.tgz 0ms (cache hit)
2608 http cache @npmcli/name-from-folder@https://registry.npmjs.org/@npmcli/name-from-folder/-/name-from-folder-4.0.0.tgz 0ms (cache hit)
2609 http cache @npmcli/metavuln-calculator@https://registry.npmjs.org/@npmcli/metavuln-calculator/-/metavuln-calculator-9.0.3.tgz 0ms (cache hit)
2610 http cache @npmcli/map-workspaces@https://registry.npmjs.org/@npmcli/map-workspaces/-/map-workspaces-5.0.3.tgz 0ms (cache hit)
2611 http cache @npmcli/installed-package-contents@https://registry.npmjs.org/@npmcli/installed-package-contents/-/installed-package-contents-4.0.0.tgz 0ms (cache hit)
2612 http cache @npmcli/fs@https://registry.npmjs.org/@npmcli/fs/-/fs-5.0.0.tgz 0ms (cache hit)
2613 http cache @isaacs/string-locale-compare@https://registry.npmjs.org/@isaacs/string-locale-compare/-/string-locale-compare-1.1.0.tgz 0ms (cache hit)
2614 http cache @gar/promise-retry@https://registry.npmjs.org/@gar/promise-retry/-/promise-retry-1.0.3.tgz 0ms (cache hit)
2615 http cache env-paths@https://registry.npmjs.org/env-paths/-/env-paths-3.0.0.tgz 0ms (cache hit)
2616 http cache @npmcli/arborist@https://registry.npmjs.org/@npmcli/arborist/-/arborist-9.4.2.tgz 0ms (cache hit)
2617 http cache ms@https://registry.npmjs.org/ms/-/ms-2.1.3.tgz 0ms (cache hit)
2618 http cache colors@https://registry.npmjs.org/colors/-/colors-1.0.3.tgz 0ms (cache hit)
2619 http cache textextensions@https://registry.npmjs.org/textextensions/-/textextensions-6.11.0.tgz 0ms (cache hit)
2620 http cache pretty-bytes@https://registry.npmjs.org/pretty-bytes/-/pretty-bytes-7.1.0.tgz 0ms (cache hit)
2621 http cache p-transform@https://registry.npmjs.org/p-transform/-/p-transform-5.0.1.tgz 0ms (cache hit)
2622 http cache isbinaryfile@https://registry.npmjs.org/isbinaryfile/-/isbinaryfile-5.0.7.tgz 0ms (cache hit)
2623 http cache dateformat@https://registry.npmjs.org/dateformat/-/dateformat-5.0.3.tgz 0ms (cache hit)
2624 http cache diff@https://registry.npmjs.org/diff/-/diff-8.0.3.tgz 0ms (cache hit)
2625 http cache cli-table@https://registry.npmjs.org/cli-table/-/cli-table-0.3.11.tgz 0ms (cache hit)
2626 http cache binary-extensions@https://registry.npmjs.org/binary-extensions/-/binary-extensions-3.1.0.tgz 0ms (cache hit)
2627 http cache which-package-manager@https://registry.npmjs.org/which-package-manager/-/which-package-manager-1.0.1.tgz 0ms (cache hit)
2628 http cache untildify@https://registry.npmjs.org/untildify/-/untildify-6.0.0.tgz 0ms (cache hit)
2629 http cache slash@https://registry.npmjs.org/slash/-/slash-5.1.0.tgz 0ms (cache hit)
2630 http cache mem-fs-editor@https://registry.npmjs.org/mem-fs-editor/-/mem-fs-editor-12.0.3.tgz 0ms (cache hit)
2631 http cache lodash-es@https://registry.npmjs.org/lodash-es/-/lodash-es-4.17.23.tgz 0ms (cache hit)
2632 http cache locate-path@https://registry.npmjs.org/locate-path/-/locate-path-8.0.0.tgz 0ms (cache hit)
2633 http cache grouped-queue@https://registry.npmjs.org/grouped-queue/-/grouped-queue-2.1.0.tgz 0ms (cache hit)
2634 http cache globby@https://registry.npmjs.org/globby/-/globby-16.1.1.tgz 0ms (cache hit)
2635 http cache fly-import@https://registry.npmjs.org/fly-import/-/fly-import-1.0.0.tgz 0ms (cache hit)
2636 http cache debug@https://registry.npmjs.org/debug/-/debug-4.4.3.tgz 0ms (cache hit)
2637 http cache commander@https://registry.npmjs.org/commander/-/commander-14.0.3.tgz 0ms (cache hit)
2638 http cache arrify@https://registry.npmjs.org/arrify/-/arrify-3.0.0.tgz 0ms (cache hit)
2639 http cache @yeoman/transform@https://registry.npmjs.org/@yeoman/transform/-/transform-2.1.0.tgz 0ms (cache hit)
2640 http cache @yeoman/namespace@https://registry.npmjs.org/@yeoman/namespace/-/namespace-1.0.1.tgz 0ms (cache hit)
2641 http cache mem-fs@https://registry.npmjs.org/mem-fs/-/mem-fs-4.1.4.tgz 0ms (cache hit)
2642 http cache @yeoman/conflicter@https://registry.npmjs.org/@yeoman/conflicter/-/conflicter-4.0.1.tgz 0ms (cache hit)
2643 http cache foreachasync@https://registry.npmjs.org/foreachasync/-/foreachasync-3.0.0.tgz 0ms (cache hit)
2644 http cache concat-map@https://registry.npmjs.org/concat-map/-/concat-map-0.0.1.tgz 0ms (cache hit)
2645 http cache balanced-match@https://registry.npmjs.org/balanced-match/-/balanced-match-1.0.2.tgz 0ms (cache hit)
2646 http cache brace-expansion@https://registry.npmjs.org/brace-expansion/-/brace-expansion-1.1.12.tgz 0ms (cache hit)
2647 http cache minimatch@https://registry.npmjs.org/minimatch/-/minimatch-3.0.8.tgz 0ms (cache hit)
2648 http cache walk@https://registry.npmjs.org/walk/-/walk-2.3.15.tgz 0ms (cache hit)
2649 http cache locutus@https://registry.npmjs.org/locutus/-/locutus-2.0.39.tgz 0ms (cache hit)
2650 http cache convert-hrtime@https://registry.npmjs.org/convert-hrtime/-/convert-hrtime-5.0.0.tgz 0ms (cache hit)
2651 http cache @babel/runtime@https://registry.npmjs.org/@babel/runtime/-/runtime-7.29.2.tgz 0ms (cache hit)
2652 http cache web-worker@https://registry.npmjs.org/web-worker/-/web-worker-1.5.0.tgz 0ms (cache hit)
2653 http cache p-event@https://registry.npmjs.org/p-event/-/p-event-6.0.1.tgz 0ms (cache hit)
2654 http cache time-span@https://registry.npmjs.org/time-span/-/time-span-5.1.0.tgz 0ms (cache hit)
2655 http cache make-asynchronous@https://registry.npmjs.org/make-asynchronous/-/make-asynchronous-1.1.0.tgz 0ms (cache hit)
2656 http cache super-regex@https://registry.npmjs.org/super-regex/-/super-regex-1.1.0.tgz 0ms (cache hit)
2657 http cache semver-regex@https://registry.npmjs.org/semver-regex/-/semver-regex-4.0.5.tgz 0ms (cache hit)
2658 http cache find-versions@https://registry.npmjs.org/find-versions/-/find-versions-6.0.0.tgz 0ms (cache hit)
2659 http cache function-timeout@https://registry.npmjs.org/function-timeout/-/function-timeout-1.0.2.tgz 0ms (cache hit)
2660 http cache semver-truncate@https://registry.npmjs.org/semver-truncate/-/semver-truncate-3.0.0.tgz 0ms (cache hit)
2661 http cache twig@https://registry.npmjs.org/twig/-/twig-1.17.1.tgz 0ms (cache hit)
2662 http cache binary-version@https://registry.npmjs.org/binary-version/-/binary-version-7.1.0.tgz 0ms (cache hit)
2663 http cache supports-color@https://registry.npmjs.org/supports-color/-/supports-color-9.4.0.tgz 0ms (cache hit)
2664 http cache binary-version-check@https://registry.npmjs.org/binary-version-check/-/binary-version-check-6.1.0.tgz 0ms (cache hit)
2665 http cache ansi-styles@https://registry.npmjs.org/ansi-styles/-/ansi-styles-6.2.3.tgz 0ms (cache hit)
2666 http cache is-wsl@https://registry.npmjs.org/is-wsl/-/is-wsl-3.1.1.tgz 0ms (cache hit)
2667 http cache isexe@https://registry.npmjs.org/isexe/-/isexe-2.0.0.tgz 0ms (cache hit)
2668 http cache spdx-exceptions@https://registry.npmjs.org/spdx-exceptions/-/spdx-exceptions-2.5.0.tgz 0ms (cache hit)
2669 http cache spdx-license-ids@https://registry.npmjs.org/spdx-license-ids/-/spdx-license-ids-3.0.23.tgz 0ms (cache hit)
2670 http cache spdx-expression-parse@https://registry.npmjs.org/spdx-expression-parse/-/spdx-expression-parse-3.0.1.tgz 0ms (cache hit)
2671 http cache is-path-inside@https://registry.npmjs.org/is-path-inside/-/is-path-inside-4.0.0.tgz 0ms (cache hit)
2672 http cache escape-goat@https://registry.npmjs.org/escape-goat/-/escape-goat-4.0.0.tgz 0ms (cache hit)
2673 http cache spdx-correct@https://registry.npmjs.org/spdx-correct/-/spdx-correct-3.2.0.tgz 0ms (cache hit)
2674 http cache global-directory@https://registry.npmjs.org/global-directory/-/global-directory-4.0.1.tgz 0ms (cache hit)
2675 http cache wrap-ansi@https://registry.npmjs.org/wrap-ansi/-/wrap-ansi-9.0.2.tgz 0ms (cache hit)
2676 http cache cli-boxes@https://registry.npmjs.org/cli-boxes/-/cli-boxes-3.0.0.tgz 0ms (cache hit)
2677 http cache widest-line@https://registry.npmjs.org/widest-line/-/widest-line-5.0.0.tgz 0ms (cache hit)
2678 http cache ansi-align@https://registry.npmjs.org/ansi-align/-/ansi-align-3.0.1.tgz 0ms (cache hit)
2679 http cache pupa@https://registry.npmjs.org/pupa/-/pupa-3.3.0.tgz 0ms (cache hit)
2680 http cache camelcase@https://registry.npmjs.org/camelcase/-/camelcase-8.0.0.tgz 0ms (cache hit)
2681 http cache is-npm@https://registry.npmjs.org/is-npm/-/is-npm-6.1.0.tgz 0ms (cache hit)
2682 http cache is-installed-globally@https://registry.npmjs.org/is-installed-globally/-/is-installed-globally-1.0.0.tgz 0ms (cache hit)
2683 http cache latest-version@https://registry.npmjs.org/latest-version/-/latest-version-9.0.0.tgz 0ms (cache hit)
2684 http cache is-in-ci@https://registry.npmjs.org/is-in-ci/-/is-in-ci-1.0.0.tgz 0ms (cache hit)
2685 http cache boxen@https://registry.npmjs.org/boxen/-/boxen-8.0.1.tgz 0ms (cache hit)
2686 http cache tagged-tag@https://registry.npmjs.org/tagged-tag/-/tagged-tag-1.0.0.tgz 0ms (cache hit)
2687 http cache get-east-asian-width@https://registry.npmjs.org/get-east-asian-width/-/get-east-asian-width-1.5.0.tgz 0ms (cache hit)
2688 http cache stubborn-utils@https://registry.npmjs.org/stubborn-utils/-/stubborn-utils-1.0.2.tgz 0ms (cache hit)
2689 http cache strip-ansi@https://registry.npmjs.org/strip-ansi/-/strip-ansi-7.2.0.tgz 0ms (cache hit)
2690 http cache ansi-regex@https://registry.npmjs.org/ansi-regex/-/ansi-regex-6.2.2.tgz 0ms (cache hit)
2691 http cache shebang-regex@https://registry.npmjs.org/shebang-regex/-/shebang-regex-3.0.0.tgz 0ms (cache hit)
2692 http cache tslib@https://registry.npmjs.org/tslib/-/tslib-2.8.1.tgz 0ms (cache hit)
2693 http cache is-root@https://registry.npmjs.org/is-root/-/is-root-3.0.0.tgz 0ms (cache hit)
2694 http cache default-uid@https://registry.npmjs.org/default-uid/-/default-uid-2.0.0.tgz 0ms (cache hit)
2695 http cache sudo-block@https://registry.npmjs.org/sudo-block/-/sudo-block-4.0.0.tgz 0ms (cache hit)
2696 http cache downgrade-root@https://registry.npmjs.org/downgrade-root/-/downgrade-root-2.0.0.tgz 0ms (cache hit)
2697 http cache es-errors@https://registry.npmjs.org/es-errors/-/es-errors-1.3.0.tgz 0ms (cache hit)
2698 http cache es-define-property@https://registry.npmjs.org/es-define-property/-/es-define-property-1.0.1.tgz 0ms (cache hit)
2699 http cache define-data-property@https://registry.npmjs.org/define-data-property/-/define-data-property-1.1.4.tgz 0ms (cache hit)
2700 http cache object-keys@https://registry.npmjs.org/object-keys/-/object-keys-1.1.1.tgz 0ms (cache hit)
2701 http cache gopd@https://registry.npmjs.org/gopd/-/gopd-1.2.0.tgz 0ms (cache hit)
2702 http cache has-property-descriptors@https://registry.npmjs.org/has-property-descriptors/-/has-property-descriptors-1.0.2.tgz 1ms (cache hit)
2703 http cache define-properties@https://registry.npmjs.org/define-properties/-/define-properties-1.2.1.tgz 0ms (cache hit)
2704 http cache json-stringify-safe@https://registry.npmjs.org/json-stringify-safe/-/json-stringify-safe-5.0.1.tgz 0ms (cache hit)
2705 http cache sprintf-js@https://registry.npmjs.org/sprintf-js/-/sprintf-js-1.1.3.tgz 0ms (cache hit)
2706 http cache globalthis@https://registry.npmjs.org/globalthis/-/globalthis-1.0.4.tgz 0ms (cache hit)
2707 http cache semver-compare@https://registry.npmjs.org/semver-compare/-/semver-compare-1.0.0.tgz 0ms (cache hit)
2708 http cache proto-list@https://registry.npmjs.org/proto-list/-/proto-list-1.2.4.tgz 0ms (cache hit)
2709 http cache detect-node@https://registry.npmjs.org/detect-node/-/detect-node-2.1.0.tgz 0ms (cache hit)
2710 http cache config-chain@https://registry.npmjs.org/config-chain/-/config-chain-1.1.13.tgz 0ms (cache hit)
2711 http cache @pnpm/network.ca-file@https://registry.npmjs.org/@pnpm/network.ca-file/-/network.ca-file-1.0.2.tgz 0ms (cache hit)
2712 http cache @pnpm/config.env-replace@https://registry.npmjs.org/@pnpm/config.env-replace/-/config.env-replace-1.1.0.tgz 0ms (cache hit)
2713 http cache @pnpm/npm-conf@https://registry.npmjs.org/@pnpm/npm-conf/-/npm-conf-3.0.2.tgz 0ms (cache hit)
2714 http cache js-tokens@https://registry.npmjs.org/js-tokens/-/js-tokens-4.0.0.tgz 0ms (cache hit)
2715 http cache picocolors@https://registry.npmjs.org/picocolors/-/picocolors-1.1.1.tgz 0ms (cache hit)
2716 http cache @babel/helper-validator-identifier@https://registry.npmjs.org/@babel/helper-validator-identifier/-/helper-validator-identifier-7.28.5.tgz 0ms (cache hit)
2717 http cache index-to-position@https://registry.npmjs.org/index-to-position/-/index-to-position-1.2.0.tgz 0ms (cache hit)
2718 http cache lru-cache@https://registry.npmjs.org/lru-cache/-/lru-cache-11.2.7.tgz 0ms (cache hit)
2719 http cache @babel/code-frame@https://registry.npmjs.org/@babel/code-frame/-/code-frame-7.29.0.tgz 0ms (cache hit)
2720 http cache validate-npm-package-license@https://registry.npmjs.org/validate-npm-package-license/-/validate-npm-package-license-3.0.4.tgz 0ms (cache hit)
2721 http cache hosted-git-info@https://registry.npmjs.org/hosted-git-info/-/hosted-git-info-9.0.2.tgz 0ms (cache hit)
2722 http cache unicorn-magic@https://registry.npmjs.org/unicorn-magic/-/unicorn-magic-0.4.0.tgz 0ms (cache hit)
2723 http cache parse-json@https://registry.npmjs.org/parse-json/-/parse-json-8.3.0.tgz 0ms (cache hit)
2724 http cache normalize-package-data@https://registry.npmjs.org/normalize-package-data/-/normalize-package-data-8.0.0.tgz 0ms (cache hit)
2725 http cache @types/normalize-package-data@https://registry.npmjs.org/@types/normalize-package-data/-/normalize-package-data-2.4.4.tgz 1ms (cache hit)
2726 http cache read-pkg@https://registry.npmjs.org/read-pkg/-/read-pkg-10.1.0.tgz 0ms (cache hit)
2727 http cache find-up-simple@https://registry.npmjs.org/find-up-simple/-/find-up-simple-1.0.1.tgz 0ms (cache hit)
2728 http cache strip-json-comments@https://registry.npmjs.org/strip-json-comments/-/strip-json-comments-2.0.1.tgz 0ms (cache hit)
2729 http cache minimist@https://registry.npmjs.org/minimist/-/minimist-1.2.8.tgz 0ms (cache hit)
2730 http cache deep-extend@https://registry.npmjs.org/deep-extend/-/deep-extend-0.6.0.tgz 0ms (cache hit)
2731 http cache ini@https://registry.npmjs.org/ini/-/ini-1.3.8.tgz 0ms (cache hit)
2732 http cache is-regexp@https://registry.npmjs.org/is-regexp/-/is-regexp-3.1.0.tgz 0ms (cache hit)
2733 http cache clone-regexp@https://registry.npmjs.org/clone-regexp/-/clone-regexp-3.0.0.tgz 0ms (cache hit)
2734 http cache execall@https://registry.npmjs.org/execall/-/execall-3.0.0.tgz 0ms (cache hit)
2735 http cache registry-auth-token@https://registry.npmjs.org/registry-auth-token/-/registry-auth-token-5.1.1.tgz 0ms (cache hit)
2736 http cache indent-string@https://registry.npmjs.org/indent-string/-/indent-string-5.0.0.tgz 0ms (cache hit)
2737 http cache clean-stack@https://registry.npmjs.org/clean-stack/-/clean-stack-4.2.0.tgz 0ms (cache hit)
2738 http cache aggregate-error@https://registry.npmjs.org/aggregate-error/-/aggregate-error-4.0.1.tgz 0ms (cache hit)
2739 http cache eventemitter3@https://registry.npmjs.org/eventemitter3/-/eventemitter3-5.0.4.tgz 0ms (cache hit)
2740 http cache p-some@https://registry.npmjs.org/p-some/-/p-some-6.0.0.tgz 0ms (cache hit)
2741 http cache p-timeout@https://registry.npmjs.org/p-timeout/-/p-timeout-7.0.1.tgz 0ms (cache hit)
2742 http cache p-cancelable@https://registry.npmjs.org/p-cancelable/-/p-cancelable-3.0.0.tgz 0ms (cache hit)
2743 http cache string-width@https://registry.npmjs.org/string-width/-/string-width-8.2.0.tgz 0ms (cache hit)
2744 http cache restore-cursor@https://registry.npmjs.org/restore-cursor/-/restore-cursor-5.1.0.tgz 0ms (cache hit)
2745 http cache stdin-discarder@https://registry.npmjs.org/stdin-discarder/-/stdin-discarder-0.3.1.tgz 0ms (cache hit)
2746 http cache is-interactive@https://registry.npmjs.org/is-interactive/-/is-interactive-2.0.0.tgz 0ms (cache hit)
2747 http cache cli-spinners@https://registry.npmjs.org/cli-spinners/-/cli-spinners-3.4.0.tgz 0ms (cache hit)
2748 http cache cli-cursor@https://registry.npmjs.org/cli-cursor/-/cli-cursor-5.0.0.tgz 0ms (cache hit)
2749 http cache is-docker@https://registry.npmjs.org/is-docker/-/is-docker-3.0.0.tgz 0ms (cache hit)
2750 http cache run-applescript@https://registry.npmjs.org/run-applescript/-/run-applescript-7.1.0.tgz 0ms (cache hit)
2751 http cache default-browser-id@https://registry.npmjs.org/default-browser-id/-/default-browser-id-5.0.1.tgz 0ms (cache hit)
2752 http cache bundle-name@https://registry.npmjs.org/bundle-name/-/bundle-name-4.1.0.tgz 0ms (cache hit)
2753 http cache wsl-utils@https://registry.npmjs.org/wsl-utils/-/wsl-utils-0.3.1.tgz 0ms (cache hit)
2754 http cache powershell-utils@https://registry.npmjs.org/powershell-utils/-/powershell-utils-0.1.0.tgz 0ms (cache hit)
2755 http cache is-inside-container@https://registry.npmjs.org/is-inside-container/-/is-inside-container-1.0.0.tgz 0ms (cache hit)
2756 http cache is-in-ssh@https://registry.npmjs.org/is-in-ssh/-/is-in-ssh-1.0.0.tgz 0ms (cache hit)
2757 http cache define-lazy-prop@https://registry.npmjs.org/define-lazy-prop/-/define-lazy-prop-3.0.0.tgz 0ms (cache hit)
2758 http cache default-browser@https://registry.npmjs.org/default-browser/-/default-browser-5.5.0.tgz 0ms (cache hit)
2759 http cache registry-url@https://registry.npmjs.org/registry-url/-/registry-url-6.0.1.tgz 0ms (cache hit)
2760 http cache ky@https://registry.npmjs.org/ky/-/ky-1.14.3.tgz 0ms (cache hit)
2761 http cache p-defer@https://registry.npmjs.org/p-defer/-/p-defer-1.0.0.tgz 0ms (cache hit)
2762 http cache p-is-promise@https://registry.npmjs.org/p-is-promise/-/p-is-promise-2.1.0.tgz 0ms (cache hit)
2763 http cache mimic-fn@https://registry.npmjs.org/mimic-fn/-/mimic-fn-2.1.0.tgz 0ms (cache hit)
2764 http cache map-age-cleaner@https://registry.npmjs.org/map-age-cleaner/-/map-age-cleaner-0.1.3.tgz 0ms (cache hit)
2765 http cache yoctocolors@https://registry.npmjs.org/yoctocolors/-/yoctocolors-2.1.2.tgz 0ms (cache hit)
2766 http cache escape-string-regexp@https://registry.npmjs.org/escape-string-regexp/-/escape-string-regexp-4.0.0.tgz 0ms (cache hit)
2767 http cache safer-buffer@https://registry.npmjs.org/safer-buffer/-/safer-buffer-2.1.2.tgz 0ms (cache hit)
2768 http cache rxjs@https://registry.npmjs.org/rxjs/-/rxjs-7.8.2.tgz 0ms (cache hit)
2769 http cache run-async@https://registry.npmjs.org/run-async/-/run-async-4.0.6.tgz 0ms (cache hit)
2770 http cache serialize-error@https://registry.npmjs.org/serialize-error/-/serialize-error-7.0.1.tgz 0ms (cache hit)
2771 http cache decamelize@https://registry.npmjs.org/decamelize/-/decamelize-6.0.1.tgz 0ms (cache hit)
2772 http cache roarr@https://registry.npmjs.org/roarr/-/roarr-2.15.4.tgz 0ms (cache hit)
2773 http cache semver@https://registry.npmjs.org/semver/-/semver-7.7.4.tgz 0ms (cache hit)
2774 http cache boolean@https://registry.npmjs.org/boolean/-/boolean-3.2.0.tgz 0ms (cache hit)
2775 http cache es6-error@https://registry.npmjs.org/es6-error/-/es6-error-4.1.1.tgz 0ms (cache hit)
2776 http cache matcher@https://registry.npmjs.org/matcher/-/matcher-3.0.0.tgz 0ms (cache hit)
2777 http cache strip-final-newline@https://registry.npmjs.org/strip-final-newline/-/strip-final-newline-3.0.0.tgz 0ms (cache hit)
2778 http cache onetime@https://registry.npmjs.org/onetime/-/onetime-6.0.0.tgz 0ms (cache hit)
2779 http cache npm-run-path@https://registry.npmjs.org/npm-run-path/-/npm-run-path-5.3.0.tgz 0ms (cache hit)
2780 http cache merge-stream@https://registry.npmjs.org/merge-stream/-/merge-stream-2.0.0.tgz 0ms (cache hit)
2781 http cache is-stream@https://registry.npmjs.org/is-stream/-/is-stream-3.0.0.tgz 0ms (cache hit)
2782 http cache human-signals@https://registry.npmjs.org/human-signals/-/human-signals-5.0.0.tgz 0ms (cache hit)
2783 http cache get-stream@https://registry.npmjs.org/get-stream/-/get-stream-8.0.1.tgz 0ms (cache hit)
2784 http cache rc@https://registry.npmjs.org/rc/-/rc-1.2.8.tgz 0ms (cache hit)
2785 http cache p-any@https://registry.npmjs.org/p-any/-/p-any-4.0.0.tgz 0ms (cache hit)
2786 http cache passwd-user@https://registry.npmjs.org/passwd-user/-/passwd-user-4.0.0.tgz 0ms (cache hit)
2787 http cache mem@https://registry.npmjs.org/mem/-/mem-5.1.1.tgz 0ms (cache hit)
2788 http cache filter-obj@https://registry.npmjs.org/filter-obj/-/filter-obj-5.1.0.tgz 0ms (cache hit)
2789 http cache execa@https://registry.npmjs.org/execa/-/execa-8.0.1.tgz 0ms (cache hit)
2790 http cache is-unicode-supported@https://registry.npmjs.org/is-unicode-supported/-/is-unicode-supported-2.1.0.tgz 0ms (cache hit)
2791 http cache fast-string-width@https://registry.npmjs.org/fast-string-width/-/fast-string-width-3.0.2.tgz 0ms (cache hit)
2792 http cache type-fest@https://registry.npmjs.org/type-fest/-/type-fest-5.5.0.tgz 0ms (cache hit)
2793 http cache which@https://registry.npmjs.org/which/-/which-2.0.2.tgz 0ms (cache hit)
2794 http cache shebang-command@https://registry.npmjs.org/shebang-command/-/shebang-command-2.0.0.tgz 0ms (cache hit)
2795 http cache path-key@https://registry.npmjs.org/path-key/-/path-key-3.1.1.tgz 0ms (cache hit)
2796 http cache when-exit@https://registry.npmjs.org/when-exit/-/when-exit-2.1.5.tgz 0ms (cache hit)
2797 http cache fast-string-truncated-width@https://registry.npmjs.org/fast-string-truncated-width/-/fast-string-truncated-width-3.0.3.tgz 0ms (cache hit)
2798 http cache xdg-basedir@https://registry.npmjs.org/xdg-basedir/-/xdg-basedir-5.1.0.tgz 0ms (cache hit)
2799 http cache is-safe-filename@https://registry.npmjs.org/is-safe-filename/-/is-safe-filename-0.1.1.tgz 0ms (cache hit)
2800 http cache stubborn-fs@https://registry.npmjs.org/stubborn-fs/-/stubborn-fs-2.0.0.tgz 0ms (cache hit)
2801 http cache atomically@https://registry.npmjs.org/atomically/-/atomically-2.1.1.tgz 0ms (cache hit)
2802 http cache dot-prop@https://registry.npmjs.org/dot-prop/-/dot-prop-10.1.0.tgz 0ms (cache hit)
2803 http cache graceful-fs@https://registry.npmjs.org/graceful-fs/-/graceful-fs-4.2.11.tgz 0ms (cache hit)
2804 http cache iconv-lite@https://registry.npmjs.org/iconv-lite/-/iconv-lite-0.7.2.tgz 0ms (cache hit)
2805 http cache chardet@https://registry.npmjs.org/chardet/-/chardet-2.1.1.tgz 0ms (cache hit)
2806 http cache @inquirer/select@https://registry.npmjs.org/@inquirer/select/-/select-5.1.2.tgz 0ms (cache hit)
2807 http cache @inquirer/external-editor@https://registry.npmjs.org/@inquirer/external-editor/-/external-editor-2.0.4.tgz 0ms (cache hit)
2808 http cache @inquirer/search@https://registry.npmjs.org/@inquirer/search/-/search-4.1.6.tgz 0ms (cache hit)
2809 http cache @inquirer/rawlist@https://registry.npmjs.org/@inquirer/rawlist/-/rawlist-5.2.6.tgz 0ms (cache hit)
2810 http cache @inquirer/password@https://registry.npmjs.org/@inquirer/password/-/password-5.0.10.tgz 0ms (cache hit)
2811 http cache @inquirer/number@https://registry.npmjs.org/@inquirer/number/-/number-4.0.10.tgz 0ms (cache hit)
2812 http cache @inquirer/input@https://registry.npmjs.org/@inquirer/input/-/input-5.0.10.tgz 0ms (cache hit)
2813 http cache @inquirer/confirm@https://registry.npmjs.org/@inquirer/confirm/-/confirm-6.0.10.tgz 0ms (cache hit)
2814 http cache @inquirer/expand@https://registry.npmjs.org/@inquirer/expand/-/expand-5.0.10.tgz 0ms (cache hit)
2815 http cache @inquirer/checkbox@https://registry.npmjs.org/@inquirer/checkbox/-/checkbox-5.1.2.tgz 0ms (cache hit)
2816 http cache @inquirer/editor@https://registry.npmjs.org/@inquirer/editor/-/editor-5.0.10.tgz 0ms (cache hit)
2817 http cache signal-exit@https://registry.npmjs.org/signal-exit/-/signal-exit-4.1.0.tgz 0ms (cache hit)
2818 http cache cli-width@https://registry.npmjs.org/cli-width/-/cli-width-4.1.0.tgz 0ms (cache hit)
2819 http cache fast-wrap-ansi@https://registry.npmjs.org/fast-wrap-ansi/-/fast-wrap-ansi-0.2.0.tgz 0ms (cache hit)
2820 http cache mute-stream@https://registry.npmjs.org/mute-stream/-/mute-stream-3.0.0.tgz 0ms (cache hit)
2821 http cache @inquirer/type@https://registry.npmjs.org/@inquirer/type/-/type-4.0.4.tgz 0ms (cache hit)
2822 http cache @inquirer/figures@https://registry.npmjs.org/@inquirer/figures/-/figures-2.0.4.tgz 0ms (cache hit)
2823 http cache @inquirer/ansi@https://registry.npmjs.org/@inquirer/ansi/-/ansi-2.0.4.tgz 0ms (cache hit)
2824 http cache p-queue@https://registry.npmjs.org/p-queue/-/p-queue-9.1.0.tgz 0ms (cache hit)
2825 http cache ora@https://registry.npmjs.org/ora/-/ora-9.3.0.tgz 0ms (cache hit)
2826 http cache inquirer@https://registry.npmjs.org/inquirer/-/inquirer-13.3.2.tgz 0ms (cache hit)
2827 http cache text-table@https://registry.npmjs.org/text-table/-/text-table-0.2.0.tgz 0ms (cache hit)
2828 http cache @inquirer/prompts@https://registry.npmjs.org/@inquirer/prompts/-/prompts-8.3.2.tgz 0ms (cache hit)
2829 http cache @inquirer/core@https://registry.npmjs.org/@inquirer/core/-/core-11.1.7.tgz 0ms (cache hit)
2830 http cache yosay@https://registry.npmjs.org/yosay/-/yosay-3.0.0.tgz 0ms (cache hit)
2831 http cache undici-types@https://registry.npmjs.org/undici-types/-/undici-types-7.18.2.tgz 0ms (cache hit)
2832 http cache yeoman-doctor@https://registry.npmjs.org/yeoman-doctor/-/yeoman-doctor-6.0.0.tgz 0ms (cache hit)
2833 http cache yeoman-environment@https://registry.npmjs.org/yeoman-environment/-/yeoman-environment-6.0.0.tgz 0ms (cache hit)
2834 http cache update-notifier@https://registry.npmjs.org/update-notifier/-/update-notifier-7.3.1.tgz 0ms (cache hit)
2835 http cache yeoman-character@https://registry.npmjs.org/yeoman-character/-/yeoman-character-2.0.0.tgz 0ms (cache hit)
2836 http cache titleize@https://registry.npmjs.org/titleize/-/titleize-4.0.0.tgz 0ms (cache hit)
2837 http cache string-length@https://registry.npmjs.org/string-length/-/string-length-7.0.1.tgz 0ms (cache hit)
2838 http cache sort-on@https://registry.npmjs.org/sort-on/-/sort-on-7.0.0.tgz 0ms (cache hit)
2839 http cache log-symbols@https://registry.npmjs.org/log-symbols/-/log-symbols-7.0.1.tgz 0ms (cache hit)
2840 http cache root-check@https://registry.npmjs.org/root-check/-/root-check-2.0.0.tgz 0ms (cache hit)
2841 http cache read-package-up@https://registry.npmjs.org/read-package-up/-/read-package-up-12.0.0.tgz 0ms (cache hit)
2842 http cache open@https://registry.npmjs.org/open/-/open-11.0.0.tgz 0ms (cache hit)
2843 http cache parse-help@https://registry.npmjs.org/parse-help/-/parse-help-2.0.0.tgz 0ms (cache hit)
2844 http cache package-json@https://registry.npmjs.org/package-json/-/package-json-10.0.1.tgz 0ms (cache hit)
2845 http cache npm-keyword@https://registry.npmjs.org/npm-keyword/-/npm-keyword-8.0.0.tgz 0ms (cache hit)
2846 http cache lodash@https://registry.npmjs.org/lodash/-/lodash-4.17.23.tgz 0ms (cache hit)
2847 http cache humanize-string@https://registry.npmjs.org/humanize-string/-/humanize-string-3.1.0.tgz 0ms (cache hit)
2848 http cache meow@https://registry.npmjs.org/meow/-/meow-14.1.0.tgz 0ms (cache hit)
2849 http cache fullname@https://registry.npmjs.org/fullname/-/fullname-5.0.0.tgz 0ms (cache hit)
2850 http cache global-agent@https://registry.npmjs.org/global-agent/-/global-agent-3.0.0.tgz 0ms (cache hit)
2851 http cache figures@https://registry.npmjs.org/figures/-/figures-6.1.0.tgz 0ms (cache hit)
2852 http cache configstore@https://registry.npmjs.org/configstore/-/configstore-8.0.0.tgz 0ms (cache hit)
2853 http cache cross-spawn@https://registry.npmjs.org/cross-spawn/-/cross-spawn-7.0.6.tgz 0ms (cache hit)
2854 http cache chalk@https://registry.npmjs.org/chalk/-/chalk-5.6.2.tgz 0ms (cache hit)
2855 http cache cli-list@https://registry.npmjs.org/cli-list/-/cli-list-1.0.0.tgz 0ms (cache hit)
2856 http cache @types/node@https://registry.npmjs.org/@types/node/-/node-25.5.0.tgz 0ms (cache hit)
2857 http cache @yeoman/adapter@https://registry.npmjs.org/@yeoman/adapter/-/adapter-4.0.2.tgz 0ms (cache hit)
2858 http cache @yeoman/types@https://registry.npmjs.org/@yeoman/types/-/types-1.10.3.tgz 0ms (cache hit)
2859 http cache yo@https://registry.npmjs.org/yo/-/yo-7.0.0.tgz 0ms (cache hit)
2860 http cache locate-path@https://registry.npmjs.org/locate-path/-/locate-path-7.2.0.tgz 0ms (cache hit)
2861 http cache unicorn-magic@https://registry.npmjs.org/unicorn-magic/-/unicorn-magic-0.1.0.tgz 0ms (cache hit)
2862 http cache minimatch@https://registry.npmjs.org/minimatch/-/minimatch-10.2.4.tgz 0ms (cache hit)
2863 http cache balanced-match@https://registry.npmjs.org/balanced-match/-/balanced-match-4.0.4.tgz 0ms (cache hit)
2864 http cache balanced-match@https://registry.npmjs.org/balanced-match/-/balanced-match-4.0.4.tgz 0ms (cache hit)
2865 http cache brace-expansion@https://registry.npmjs.org/brace-expansion/-/brace-expansion-5.0.4.tgz 0ms (cache hit)
2866 http cache minimatch@https://registry.npmjs.org/minimatch/-/minimatch-10.2.4.tgz 0ms (cache hit)
2867 http cache brace-expansion@https://registry.npmjs.org/brace-expansion/-/brace-expansion-5.0.4.tgz 0ms (cache hit)
2868 http cache minimatch@https://registry.npmjs.org/minimatch/-/minimatch-5.1.9.tgz 0ms (cache hit)
2869 http cache brace-expansion@https://registry.npmjs.org/brace-expansion/-/brace-expansion-2.0.2.tgz 0ms (cache hit)
2870 http cache fdir@https://registry.npmjs.org/fdir/-/fdir-6.5.0.tgz 0ms (cache hit)
2871 http cache picomatch@https://registry.npmjs.org/picomatch/-/picomatch-4.0.3.tgz 0ms (cache hit)
2872 http cache brace-expansion@https://registry.npmjs.org/brace-expansion/-/brace-expansion-5.0.4.tgz 0ms (cache hit)
2873 http cache balanced-match@https://registry.npmjs.org/balanced-match/-/balanced-match-4.0.4.tgz 0ms (cache hit)
2874 http cache yallist@https://registry.npmjs.org/yallist/-/yallist-4.0.0.tgz 0ms (cache hit)
2875 http cache minimatch@https://registry.npmjs.org/minimatch/-/minimatch-10.2.4.tgz 0ms (cache hit)
2876 http cache minipass@https://registry.npmjs.org/minipass/-/minipass-3.3.6.tgz 0ms (cache hit)
2877 http cache yallist@https://registry.npmjs.org/yallist/-/yallist-4.0.0.tgz 0ms (cache hit)
2878 http cache minipass@https://registry.npmjs.org/minipass/-/minipass-3.3.6.tgz 0ms (cache hit)
2879 http cache which@https://registry.npmjs.org/which/-/which-6.0.1.tgz 0ms (cache hit)
2880 http cache isexe@https://registry.npmjs.org/isexe/-/isexe-4.0.0.tgz 0ms (cache hit)
2881 http cache env-paths@https://registry.npmjs.org/env-paths/-/env-paths-2.2.1.tgz 0ms (cache hit)
2882 http cache isexe@https://registry.npmjs.org/isexe/-/isexe-4.0.0.tgz 0ms (cache hit)
2883 http cache which@https://registry.npmjs.org/which/-/which-6.0.1.tgz 0ms (cache hit)
2884 http cache isexe@https://registry.npmjs.org/isexe/-/isexe-4.0.0.tgz 0ms (cache hit)
2885 http cache ini@https://registry.npmjs.org/ini/-/ini-6.0.0.tgz 0ms (cache hit)
2886 http cache which@https://registry.npmjs.org/which/-/which-6.0.1.tgz 0ms (cache hit)
2887 http cache balanced-match@https://registry.npmjs.org/balanced-match/-/balanced-match-4.0.4.tgz 0ms (cache hit)
2888 http cache minimatch@https://registry.npmjs.org/minimatch/-/minimatch-10.2.4.tgz 0ms (cache hit)
2889 http cache brace-expansion@https://registry.npmjs.org/brace-expansion/-/brace-expansion-5.0.4.tgz 0ms (cache hit)
2890 http cache balanced-match@https://registry.npmjs.org/balanced-match/-/balanced-match-4.0.4.tgz 0ms (cache hit)
2891 http cache spdx-expression-parse@https://registry.npmjs.org/spdx-expression-parse/-/spdx-expression-parse-4.0.0.tgz 0ms (cache hit)
2892 http cache brace-expansion@https://registry.npmjs.org/brace-expansion/-/brace-expansion-5.0.4.tgz 0ms (cache hit)
2893 http cache balanced-match@https://registry.npmjs.org/balanced-match/-/balanced-match-4.0.4.tgz 0ms (cache hit)
2894 http cache minimatch@https://registry.npmjs.org/minimatch/-/minimatch-10.2.4.tgz 0ms (cache hit)
2895 http cache minimatch@https://registry.npmjs.org/minimatch/-/minimatch-10.2.4.tgz 0ms (cache hit)
2896 http cache brace-expansion@https://registry.npmjs.org/brace-expansion/-/brace-expansion-5.0.4.tgz 0ms (cache hit)
2897 http cache p-timeout@https://registry.npmjs.org/p-timeout/-/p-timeout-6.1.4.tgz 0ms (cache hit)
2898 http cache balanced-match@https://registry.npmjs.org/balanced-match/-/balanced-match-4.0.4.tgz 0ms (cache hit)
2899 http cache p-queue@https://registry.npmjs.org/p-queue/-/p-queue-8.1.1.tgz 0ms (cache hit)
2900 http cache brace-expansion@https://registry.npmjs.org/brace-expansion/-/brace-expansion-5.0.4.tgz 0ms (cache hit)
2901 http cache minimatch@https://registry.npmjs.org/minimatch/-/minimatch-10.2.4.tgz 0ms (cache hit)
2902 http cache ini@https://registry.npmjs.org/ini/-/ini-5.0.0.tgz 0ms (cache hit)
2903 http cache registry-url@https://registry.npmjs.org/registry-url/-/registry-url-7.2.0.tgz 0ms (cache hit)
2904 http cache brace-expansion@https://registry.npmjs.org/brace-expansion/-/brace-expansion-2.0.2.tgz 0ms (cache hit)
2905 http cache minimatch@https://registry.npmjs.org/minimatch/-/minimatch-9.0.9.tgz 0ms (cache hit)
2906 http cache balanced-match@https://registry.npmjs.org/balanced-match/-/balanced-match-4.0.4.tgz 0ms (cache hit)
2907 http cache minimatch@https://registry.npmjs.org/minimatch/-/minimatch-10.2.4.tgz 0ms (cache hit)
2908 http cache p-timeout@https://registry.npmjs.org/p-timeout/-/p-timeout-6.1.4.tgz 0ms (cache hit)
2909 http cache brace-expansion@https://registry.npmjs.org/brace-expansion/-/brace-expansion-5.0.4.tgz 0ms (cache hit)
2910 http cache type-fest@https://registry.npmjs.org/type-fest/-/type-fest-4.41.0.tgz 0ms (cache hit)
2911 http cache emoji-regex@https://registry.npmjs.org/emoji-regex/-/emoji-regex-10.6.0.tgz 0ms (cache hit)
2912 http cache ini@https://registry.npmjs.org/ini/-/ini-4.1.1.tgz 0ms (cache hit)
2913 http cache string-width@https://registry.npmjs.org/string-width/-/string-width-7.2.0.tgz 0ms (cache hit)
2914 http cache emoji-regex@https://registry.npmjs.org/emoji-regex/-/emoji-regex-10.6.0.tgz 0ms (cache hit)
2915 http cache string-width@https://registry.npmjs.org/string-width/-/string-width-7.2.0.tgz 0ms (cache hit)
2916 http cache ansi-regex@https://registry.npmjs.org/ansi-regex/-/ansi-regex-5.0.1.tgz 0ms (cache hit)
2917 http cache emoji-regex@https://registry.npmjs.org/emoji-regex/-/emoji-regex-10.6.0.tgz 0ms (cache hit)
2918 http cache strip-ansi@https://registry.npmjs.org/strip-ansi/-/strip-ansi-6.0.1.tgz 0ms (cache hit)
2919 http cache type-fest@https://registry.npmjs.org/type-fest/-/type-fest-4.41.0.tgz 0ms (cache hit)
2920 http cache string-width@https://registry.npmjs.org/string-width/-/string-width-4.2.3.tgz 0ms (cache hit)
2921 http cache string-width@https://registry.npmjs.org/string-width/-/string-width-7.2.0.tgz 0ms (cache hit)
2922 http cache ansi-styles@https://registry.npmjs.org/ansi-styles/-/ansi-styles-4.3.0.tgz 0ms (cache hit)
2923 http cache is-docker@https://registry.npmjs.org/is-docker/-/is-docker-2.2.1.tgz 0ms (cache hit)
2924 http cache supports-color@https://registry.npmjs.org/supports-color/-/supports-color-7.2.0.tgz 0ms (cache hit)
2925 http cache chalk@https://registry.npmjs.org/chalk/-/chalk-4.1.2.tgz 0ms (cache hit)
2926 http cache graceful-fs@https://registry.npmjs.org/graceful-fs/-/graceful-fs-4.2.10.tgz 0ms (cache hit)
2927 http cache type-fest@https://registry.npmjs.org/type-fest/-/type-fest-4.41.0.tgz 0ms (cache hit)
2928 http cache onetime@https://registry.npmjs.org/onetime/-/onetime-7.0.0.tgz 0ms (cache hit)
2929 http cache type-fest@https://registry.npmjs.org/type-fest/-/type-fest-0.13.1.tgz 0ms (cache hit)
2930 http cache strip-final-newline@https://registry.npmjs.org/strip-final-newline/-/strip-final-newline-2.0.0.tgz 0ms (cache hit)
2931 http cache mimic-fn@https://registry.npmjs.org/mimic-fn/-/mimic-fn-4.0.0.tgz 0ms (cache hit)
2932 http cache escape-string-regexp@https://registry.npmjs.org/escape-string-regexp/-/escape-string-regexp-5.0.0.tgz 0ms (cache hit)
2933 http cache path-key@https://registry.npmjs.org/path-key/-/path-key-4.0.0.tgz 0ms (cache hit)
2934 http cache signal-exit@https://registry.npmjs.org/signal-exit/-/signal-exit-3.0.7.tgz 0ms (cache hit)
2935 http cache is-stream@https://registry.npmjs.org/is-stream/-/is-stream-2.0.1.tgz 0ms (cache hit)
2936 http cache onetime@https://registry.npmjs.org/onetime/-/onetime-5.1.2.tgz 0ms (cache hit)
2937 http cache npm-run-path@https://registry.npmjs.org/npm-run-path/-/npm-run-path-4.0.1.tgz 0ms (cache hit)
2938 http cache human-signals@https://registry.npmjs.org/human-signals/-/human-signals-2.1.0.tgz 0ms (cache hit)
2939 http cache get-stream@https://registry.npmjs.org/get-stream/-/get-stream-6.0.1.tgz 0ms (cache hit)
2940 http cache wrap-ansi@https://registry.npmjs.org/wrap-ansi/-/wrap-ansi-8.1.0.tgz 0ms (cache hit)
2941 http cache emoji-regex@https://registry.npmjs.org/emoji-regex/-/emoji-regex-10.6.0.tgz 0ms (cache hit)
2942 http cache emoji-regex@https://registry.npmjs.org/emoji-regex/-/emoji-regex-9.2.2.tgz 0ms (cache hit)
2943 http cache execa@https://registry.npmjs.org/execa/-/execa-5.1.1.tgz 0ms (cache hit)
2944 http cache string-width@https://registry.npmjs.org/string-width/-/string-width-6.1.0.tgz 0ms (cache hit)
2945 http cache meow@https://registry.npmjs.org/meow/-/meow-12.1.1.tgz 0ms (cache hit)
2946 http cache string-width@https://registry.npmjs.org/string-width/-/string-width-5.1.2.tgz 0ms (cache hit)
2947 http cache unicorn-magic@https://registry.npmjs.org/unicorn-magic/-/unicorn-magic-0.3.0.tgz 0ms (cache hit)
2948 http cache path-key@https://registry.npmjs.org/path-key/-/path-key-4.0.0.tgz 0ms (cache hit)
2949 http cache npm-run-path@https://registry.npmjs.org/npm-run-path/-/npm-run-path-6.0.0.tgz 0ms (cache hit)
2950 http cache human-signals@https://registry.npmjs.org/human-signals/-/human-signals-8.0.1.tgz 0ms (cache hit)
2951 http cache is-stream@https://registry.npmjs.org/is-stream/-/is-stream-4.0.1.tgz 0ms (cache hit)
2952 http cache strip-final-newline@https://registry.npmjs.org/strip-final-newline/-/strip-final-newline-4.0.0.tgz 0ms (cache hit)
2953 http cache execa@https://registry.npmjs.org/execa/-/execa-9.6.1.tgz 0ms (cache hit)
2954 http cache get-stream@https://registry.npmjs.org/get-stream/-/get-stream-9.0.1.tgz 0ms (cache hit)
2955 http cache type-fest@https://registry.npmjs.org/type-fest/-/type-fest-4.41.0.tgz 0ms (cache hit)
2956 http cache dot-prop@https://registry.npmjs.org/dot-prop/-/dot-prop-9.0.0.tgz 0ms (cache hit)
2957 http cache configstore@https://registry.npmjs.org/configstore/-/configstore-7.1.0.tgz 0ms (cache hit)
2958 silly tarball no local data for eastasianwidth@https://registry.npmjs.org/eastasianwidth/-/eastasianwidth-0.2.0.tgz. Extracting by manifest.
2959 silly tarball no local data for @sec-ant/readable-stream@https://registry.npmjs.org/@sec-ant/readable-stream/-/readable-stream-0.4.1.tgz. Extracting by manifest.
2960 silly tarball no local data for pretty-ms@https://registry.npmjs.org/pretty-ms/-/pretty-ms-9.3.0.tgz. Extracting by manifest.
2961 silly tarball no local data for is-plain-obj@https://registry.npmjs.org/is-plain-obj/-/is-plain-obj-4.1.0.tgz. Extracting by manifest.
2962 silly tarball no local data for parse-ms@https://registry.npmjs.org/parse-ms/-/parse-ms-4.0.0.tgz. Extracting by manifest.
2963 silly tarball no local data for color-convert@https://registry.npmjs.org/color-convert/-/color-convert-2.0.1.tgz. Extracting by manifest.
2964 silly tarball no local data for color-name@https://registry.npmjs.org/color-name/-/color-name-1.1.4.tgz. Extracting by manifest.
2965 silly tarball no local data for mimic-function@https://registry.npmjs.org/mimic-function/-/mimic-function-5.0.1.tgz. Extracting by manifest.
2966 silly tarball no local data for has-flag@https://registry.npmjs.org/has-flag/-/has-flag-4.0.0.tgz. Extracting by manifest.
2967 silly tarball no local data for is-fullwidth-code-point@https://registry.npmjs.org/is-fullwidth-code-point/-/is-fullwidth-code-point-3.0.0.tgz. Extracting by manifest.
2968 silly tarball no local data for emoji-regex@https://registry.npmjs.org/emoji-regex/-/emoji-regex-8.0.0.tgz. Extracting by manifest.
2969 silly tarball no local data for find-up@https://registry.npmjs.org/find-up/-/find-up-7.0.0.tgz. Extracting by manifest.
2970 silly tarball no local data for pad-component@https://registry.npmjs.org/pad-component/-/pad-component-0.0.1.tgz. Extracting by manifest.
2971 silly tarball no local data for first-chunk-stream@https://registry.npmjs.org/first-chunk-stream/-/first-chunk-stream-5.0.0.tgz. Extracting by manifest.
2972 silly tarball no local data for path-exists@https://registry.npmjs.org/path-exists/-/path-exists-5.0.0.tgz. Extracting by manifest.
2973 silly tarball no local data for is-utf8@https://registry.npmjs.org/is-utf8/-/is-utf8-0.2.1.tgz. Extracting by manifest.
2974 silly tarball no local data for strip-bom-buf@https://registry.npmjs.org/strip-bom-buf/-/strip-bom-buf-3.0.1.tgz. Extracting by manifest.
2975 silly tarball no local data for b4a@https://registry.npmjs.org/b4a/-/b4a-1.8.0.tgz. Extracting by manifest.
2976 silly tarball no local data for bare-events@https://registry.npmjs.org/bare-events/-/bare-events-2.8.2.tgz. Extracting by manifest.
2977 silly tarball no local data for text-decoder@https://registry.npmjs.org/text-decoder/-/text-decoder-1.2.7.tgz. Extracting by manifest.
2978 silly tarball no local data for fast-fifo@https://registry.npmjs.org/fast-fifo/-/fast-fifo-1.3.2.tgz. Extracting by manifest.
2979 silly tarball no local data for events-universal@https://registry.npmjs.org/events-universal/-/events-universal-1.0.1.tgz. Extracting by manifest.
2980 silly tarball no local data for replace-ext@https://registry.npmjs.org/replace-ext/-/replace-ext-2.0.0.tgz. Extracting by manifest.
2981 silly tarball no local data for strip-bom-stream@https://registry.npmjs.org/strip-bom-stream/-/strip-bom-stream-5.0.0.tgz. Extracting by manifest.
2982 silly tarball no local data for teex@https://registry.npmjs.org/teex/-/teex-1.0.1.tgz. Extracting by manifest.
2983 silly tarball no local data for streamx@https://registry.npmjs.org/streamx/-/streamx-2.25.0.tgz. Extracting by manifest.
2984 silly tarball no local data for clone@https://registry.npmjs.org/clone/-/clone-2.1.2.tgz. Extracting by manifest.
2985 silly tarball no local data for @tufjs/canonical-json@https://registry.npmjs.org/@tufjs/canonical-json/-/canonical-json-2.0.0.tgz. Extracting by manifest.
2986 silly tarball no local data for is-number@https://registry.npmjs.org/is-number/-/is-number-7.0.0.tgz. Extracting by manifest.
2987 silly tarball no local data for remove-trailing-separator@https://registry.npmjs.org/remove-trailing-separator/-/remove-trailing-separator-1.1.0.tgz. Extracting by manifest.
2988 silly tarball no local data for yallist@https://registry.npmjs.org/yallist/-/yallist-5.0.0.tgz. Extracting by manifest.
2989 silly tarball no local data for @tufjs/models@https://registry.npmjs.org/@tufjs/models/-/models-4.1.0.tgz. Extracting by manifest.
2990 silly tarball no local data for chownr@https://registry.npmjs.org/chownr/-/chownr-3.0.0.tgz. Extracting by manifest.
2991 silly tarball no local data for @isaacs/fs-minipass@https://registry.npmjs.org/@isaacs/fs-minipass/-/fs-minipass-4.0.1.tgz. Extracting by manifest.
2992 silly tarball no local data for ip-address@https://registry.npmjs.org/ip-address/-/ip-address-10.1.0.tgz. Extracting by manifest.
2993 silly tarball no local data for smart-buffer@https://registry.npmjs.org/smart-buffer/-/smart-buffer-4.2.0.tgz. Extracting by manifest.
2994 silly tarball no local data for tuf-js@https://registry.npmjs.org/tuf-js/-/tuf-js-4.1.0.tgz. Extracting by manifest.
2995 silly tarball no local data for socks@https://registry.npmjs.org/socks/-/socks-2.8.7.tgz. Extracting by manifest.
2996 silly tarball no local data for @sigstore/verify@https://registry.npmjs.org/@sigstore/verify/-/verify-3.1.0.tgz. Extracting by manifest.
2997 silly tarball no local data for @sigstore/tuf@https://registry.npmjs.org/@sigstore/tuf/-/tuf-4.0.2.tgz. Extracting by manifest.
2998 silly tarball no local data for @sigstore/sign@https://registry.npmjs.org/@sigstore/sign/-/sign-4.1.1.tgz. Extracting by manifest.
2999 silly tarball no local data for @sigstore/protobuf-specs@https://registry.npmjs.org/@sigstore/protobuf-specs/-/protobuf-specs-0.5.0.tgz. Extracting by manifest.
3000 silly tarball no local data for @sigstore/core@https://registry.npmjs.org/@sigstore/core/-/core-3.2.0.tgz. Extracting by manifest.
3001 silly tarball no local data for @sigstore/bundle@https://registry.npmjs.org/@sigstore/bundle/-/bundle-4.0.0.tgz. Extracting by manifest.
3002 silly tarball no local data for queue-microtask@https://registry.npmjs.org/queue-microtask/-/queue-microtask-1.2.3.tgz. Extracting by manifest.
3003 silly tarball no local data for just-diff-apply@https://registry.npmjs.org/just-diff-apply/-/just-diff-apply-5.5.0.tgz. Extracting by manifest.
3004 silly tarball no local data for ignore-walk@https://registry.npmjs.org/ignore-walk/-/ignore-walk-8.0.0.tgz. Extracting by manifest.
3005 silly tarball no local data for just-diff@https://registry.npmjs.org/just-diff/-/just-diff-6.0.2.tgz. Extracting by manifest.
3006 silly tarball no local data for sigstore@https://registry.npmjs.org/sigstore/-/sigstore-4.1.0.tgz. Extracting by manifest.
3007 silly tarball no local data for cssesc@https://registry.npmjs.org/cssesc/-/cssesc-3.0.0.tgz. Extracting by manifest.
3008 silly tarball no local data for yocto-queue@https://registry.npmjs.org/yocto-queue/-/yocto-queue-1.2.2.tgz. Extracting by manifest.
3009 silly tarball no local data for p-limit@https://registry.npmjs.org/p-limit/-/p-limit-4.0.0.tgz. Extracting by manifest.
3010 silly tarball no local data for npm-packlist@https://registry.npmjs.org/npm-packlist/-/npm-packlist-10.0.4.tgz. Extracting by manifest.
3011 silly tarball no local data for jsonparse@https://registry.npmjs.org/jsonparse/-/jsonparse-1.3.1.tgz. Extracting by manifest.
3012 silly tarball no local data for abbrev@https://registry.npmjs.org/abbrev/-/abbrev-4.0.0.tgz. Extracting by manifest.
3013 silly tarball no local data for minizlib@https://registry.npmjs.org/minizlib/-/minizlib-3.1.0.tgz. Extracting by manifest.
3014 silly tarball no local data for validate-npm-package-name@https://registry.npmjs.org/validate-npm-package-name/-/validate-npm-package-name-7.0.2.tgz. Extracting by manifest.
3015 silly tarball no local data for minipass-sized@https://registry.npmjs.org/minipass-sized/-/minipass-sized-2.0.0.tgz. Extracting by manifest.
3016 silly tarball no local data for socks-proxy-agent@https://registry.npmjs.org/socks-proxy-agent/-/socks-proxy-agent-8.0.5.tgz. Extracting by manifest.
3017 silly tarball no local data for agent-base@https://registry.npmjs.org/agent-base/-/agent-base-7.1.4.tgz. Extracting by manifest.
3018 silly tarball no local data for https-proxy-agent@https://registry.npmjs.org/https-proxy-agent/-/https-proxy-agent-7.0.6.tgz. Extracting by manifest.
3019 silly tarball no local data for minipass-fetch@https://registry.npmjs.org/minipass-fetch/-/minipass-fetch-5.0.2.tgz. Extracting by manifest.
3020 silly tarball no local data for negotiator@https://registry.npmjs.org/negotiator/-/negotiator-1.0.0.tgz. Extracting by manifest.
3021 silly tarball no local data for http-proxy-agent@https://registry.npmjs.org/http-proxy-agent/-/http-proxy-agent-7.0.2.tgz. Extracting by manifest.
3022 silly tarball no local data for http-cache-semantics@https://registry.npmjs.org/http-cache-semantics/-/http-cache-semantics-4.2.0.tgz. Extracting by manifest.
3023 silly tarball no local data for @npmcli/agent@https://registry.npmjs.org/@npmcli/agent/-/agent-4.0.0.tgz. Extracting by manifest.
3024 silly tarball no local data for exponential-backoff@https://registry.npmjs.org/exponential-backoff/-/exponential-backoff-3.1.3.tgz. Extracting by manifest.
3025 silly tarball no local data for tar@https://registry.npmjs.org/tar/-/tar-7.5.11.tgz. Extracting by manifest.
3026 silly tarball no local data for array-union@https://registry.npmjs.org/array-union/-/array-union-3.0.1.tgz. Extracting by manifest.
3027 silly tarball no local data for array-differ@https://registry.npmjs.org/array-differ/-/array-differ-4.0.0.tgz. Extracting by manifest.
3028 silly tarball no local data for make-fetch-happen@https://registry.npmjs.org/make-fetch-happen/-/make-fetch-happen-15.0.5.tgz. Extracting by manifest.
3029 silly tarball no local data for to-regex-range@https://registry.npmjs.org/to-regex-range/-/to-regex-range-5.0.1.tgz. Extracting by manifest.
3030 silly tarball no local data for fill-range@https://registry.npmjs.org/fill-range/-/fill-range-7.1.1.tgz. Extracting by manifest.
3031 silly tarball no local data for braces@https://registry.npmjs.org/braces/-/braces-3.0.3.tgz. Extracting by manifest.
3032 silly tarball no local data for picomatch@https://registry.npmjs.org/picomatch/-/picomatch-2.3.1.tgz. Extracting by manifest.
3033 silly tarball no local data for filelist@https://registry.npmjs.org/filelist/-/filelist-1.0.6.tgz. Extracting by manifest.
3034 silly tarball no local data for jake@https://registry.npmjs.org/jake/-/jake-10.9.4.tgz. Extracting by manifest.
3035 silly tarball no local data for version-range@https://registry.npmjs.org/version-range/-/version-range-4.15.0.tgz. Extracting by manifest.
3036 silly tarball no local data for async@https://registry.npmjs.org/async/-/async-3.2.6.tgz. Extracting by manifest.
3037 silly tarball no local data for editions@https://registry.npmjs.org/editions/-/editions-6.22.0.tgz. Extracting by manifest.
3038 silly tarball no local data for tinyglobby@https://registry.npmjs.org/tinyglobby/-/tinyglobby-0.2.15.tgz. Extracting by manifest.
3039 silly tarball no local data for multimatch@https://registry.npmjs.org/multimatch/-/multimatch-8.0.0.tgz. Extracting by manifest.
3040 silly tarball no local data for normalize-path@https://registry.npmjs.org/normalize-path/-/normalize-path-3.0.0.tgz. Extracting by manifest.
3041 silly tarball no local data for ejs@https://registry.npmjs.org/ejs/-/ejs-4.0.1.tgz. Extracting by manifest.
3042 silly tarball no local data for binaryextensions@https://registry.npmjs.org/binaryextensions/-/binaryextensions-6.11.0.tgz. Extracting by manifest.
3043 silly tarball no local data for @types/picomatch@https://registry.npmjs.org/@types/picomatch/-/picomatch-4.0.2.tgz. Extracting by manifest.
3044 silly tarball no local data for commondir@https://registry.npmjs.org/commondir/-/commondir-1.0.1.tgz. Extracting by manifest.
3045 silly tarball no local data for @types/ejs@https://registry.npmjs.org/@types/ejs/-/ejs-3.1.5.tgz. Extracting by manifest.
3046 silly tarball no local data for @types/expect@https://registry.npmjs.org/@types/expect/-/expect-1.20.4.tgz. Extracting by manifest.
3047 silly tarball no local data for @types/vinyl@https://registry.npmjs.org/@types/vinyl/-/vinyl-2.0.12.tgz. Extracting by manifest.
3048 silly tarball no local data for vinyl-file@https://registry.npmjs.org/vinyl-file/-/vinyl-file-5.0.0.tgz. Extracting by manifest.
3049 silly tarball no local data for vinyl@https://registry.npmjs.org/vinyl/-/vinyl-3.0.1.tgz. Extracting by manifest.
3050 silly tarball no local data for p-locate@https://registry.npmjs.org/p-locate/-/p-locate-6.0.0.tgz. Extracting by manifest.
3051 silly tarball no local data for is-glob@https://registry.npmjs.org/is-glob/-/is-glob-4.0.3.tgz. Extracting by manifest.
3052 silly tarball no local data for is-extglob@https://registry.npmjs.org/is-extglob/-/is-extglob-2.1.1.tgz. Extracting by manifest.
3053 silly tarball no local data for reusify@https://registry.npmjs.org/reusify/-/reusify-1.1.0.tgz. Extracting by manifest.
3054 silly tarball no local data for run-parallel@https://registry.npmjs.org/run-parallel/-/run-parallel-1.2.0.tgz. Extracting by manifest.
3055 silly tarball no local data for fastq@https://registry.npmjs.org/fastq/-/fastq-1.20.1.tgz. Extracting by manifest.
3056 silly tarball no local data for micromatch@https://registry.npmjs.org/micromatch/-/micromatch-4.0.8.tgz. Extracting by manifest.
3057 silly tarball no local data for @nodelib/fs.scandir@https://registry.npmjs.org/@nodelib/fs.scandir/-/fs.scandir-2.1.5.tgz. Extracting by manifest.
3058 silly tarball no local data for glob-parent@https://registry.npmjs.org/glob-parent/-/glob-parent-5.1.2.tgz. Extracting by manifest.
3059 silly tarball no local data for merge2@https://registry.npmjs.org/merge2/-/merge2-1.4.1.tgz. Extracting by manifest.
3060 silly tarball no local data for @nodelib/fs.walk@https://registry.npmjs.org/@nodelib/fs.walk/-/fs.walk-1.2.8.tgz. Extracting by manifest.
3061 silly tarball no local data for @nodelib/fs.stat@https://registry.npmjs.org/@nodelib/fs.stat/-/fs.stat-2.0.5.tgz. Extracting by manifest.
3062 silly tarball no local data for ignore@https://registry.npmjs.org/ignore/-/ignore-7.0.5.tgz. Extracting by manifest.
3063 silly tarball no local data for fast-glob@https://registry.npmjs.org/fast-glob/-/fast-glob-3.3.3.tgz. Extracting by manifest.
3064 silly tarball no local data for p-map@https://registry.npmjs.org/p-map/-/p-map-7.0.4.tgz. Extracting by manifest.
3065 silly tarball no local data for path-scurry@https://registry.npmjs.org/path-scurry/-/path-scurry-2.0.2.tgz. Extracting by manifest.
3066 silly tarball no local data for @sindresorhus/merge-streams@https://registry.npmjs.org/@sindresorhus/merge-streams/-/merge-streams-4.0.0.tgz. Extracting by manifest.
3067 silly tarball no local data for minipass-pipeline@https://registry.npmjs.org/minipass-pipeline/-/minipass-pipeline-1.2.4.tgz. Extracting by manifest.
3068 silly tarball no local data for minipass-flush@https://registry.npmjs.org/minipass-flush/-/minipass-flush-1.0.5.tgz. Extracting by manifest.
3069 silly tarball no local data for minipass-collect@https://registry.npmjs.org/minipass-collect/-/minipass-collect-2.0.1.tgz. Extracting by manifest.
3070 silly tarball no local data for minipass@https://registry.npmjs.org/minipass/-/minipass-7.1.3.tgz. Extracting by manifest.
3071 silly tarball no local data for write-file-atomic@https://registry.npmjs.org/write-file-atomic/-/write-file-atomic-7.0.1.tgz. Extracting by manifest.
3072 silly tarball no local data for fs-minipass@https://registry.npmjs.org/fs-minipass/-/fs-minipass-3.0.3.tgz. Extracting by manifest.
3073 silly tarball no local data for cmd-shim@https://registry.npmjs.org/cmd-shim/-/cmd-shim-8.0.0.tgz. Extracting by manifest.
3074 silly tarball no local data for node-gyp@https://registry.npmjs.org/node-gyp/-/node-gyp-12.2.0.tgz. Extracting by manifest.
3075 silly tarball no local data for read-cmd-shim@https://registry.npmjs.org/read-cmd-shim/-/read-cmd-shim-6.0.0.tgz. Extracting by manifest.
3076 silly tarball no local data for postcss-selector-parser@https://registry.npmjs.org/postcss-selector-parser/-/postcss-selector-parser-7.1.1.tgz. Extracting by manifest.
3077 silly tarball no local data for @npmcli/git@https://registry.npmjs.org/@npmcli/git/-/git-7.0.2.tgz. Extracting by manifest.
3078 silly tarball no local data for @npmcli/promise-spawn@https://registry.npmjs.org/@npmcli/promise-spawn/-/promise-spawn-9.0.1.tgz. Extracting by manifest.
3079 silly tarball no local data for json-parse-even-better-errors@https://registry.npmjs.org/json-parse-even-better-errors/-/json-parse-even-better-errors-5.0.0.tgz. Extracting by manifest.
3080 silly tarball no local data for glob@https://registry.npmjs.org/glob/-/glob-13.0.6.tgz. Extracting by manifest.
3081 silly tarball no local data for npm-bundled@https://registry.npmjs.org/npm-bundled/-/npm-bundled-5.0.0.tgz. Extracting by manifest.
3082 silly tarball no local data for npm-normalize-package-bin@https://registry.npmjs.org/npm-normalize-package-bin/-/npm-normalize-package-bin-5.0.0.tgz. Extracting by manifest.
3083 silly tarball no local data for walk-up-path@https://registry.npmjs.org/walk-up-path/-/walk-up-path-4.0.0.tgz. Extracting by manifest.
3084 silly tarball no local data for ssri@https://registry.npmjs.org/ssri/-/ssri-13.0.1.tgz. Extracting by manifest.
3085 silly tarball no local data for treeverse@https://registry.npmjs.org/treeverse/-/treeverse-3.0.0.tgz. Extracting by manifest.
3086 silly tarball no local data for proggy@https://registry.npmjs.org/proggy/-/proggy-4.0.0.tgz. Extracting by manifest.
3087 silly tarball no local data for promise-all-reject-late@https://registry.npmjs.org/promise-all-reject-late/-/promise-all-reject-late-1.0.1.tgz. Extracting by manifest.
3088 silly tarball no local data for proc-log@https://registry.npmjs.org/proc-log/-/proc-log-6.1.0.tgz. Extracting by manifest.
3089 silly tarball no local data for promise-call-limit@https://registry.npmjs.org/promise-call-limit/-/promise-call-limit-3.0.2.tgz. Extracting by manifest.
3090 silly tarball no local data for parse-conflict-json@https://registry.npmjs.org/parse-conflict-json/-/parse-conflict-json-5.0.1.tgz. Extracting by manifest.
3091 silly tarball no local data for pacote@https://registry.npmjs.org/pacote/-/pacote-21.5.0.tgz. Extracting by manifest.
3092 silly tarball no local data for npm-install-checks@https://registry.npmjs.org/npm-install-checks/-/npm-install-checks-8.0.0.tgz. Extracting by manifest.
3093 silly tarball no local data for npm-package-arg@https://registry.npmjs.org/npm-package-arg/-/npm-package-arg-13.0.2.tgz. Extracting by manifest.
3094 silly tarball no local data for npm-pick-manifest@https://registry.npmjs.org/npm-pick-manifest/-/npm-pick-manifest-11.0.3.tgz. Extracting by manifest.
3095 silly tarball no local data for npm-registry-fetch@https://registry.npmjs.org/npm-registry-fetch/-/npm-registry-fetch-19.1.1.tgz. Extracting by manifest.
3096 silly tarball no local data for nopt@https://registry.npmjs.org/nopt/-/nopt-9.0.0.tgz. Extracting by manifest.
3097 silly tarball no local data for json-stringify-nice@https://registry.npmjs.org/json-stringify-nice/-/json-stringify-nice-1.1.4.tgz. Extracting by manifest.
3098 silly tarball no local data for cacache@https://registry.npmjs.org/cacache/-/cacache-20.0.4.tgz. Extracting by manifest.
3099 silly tarball no local data for common-ancestor-path@https://registry.npmjs.org/common-ancestor-path/-/common-ancestor-path-2.0.0.tgz. Extracting by manifest.
3100 silly tarball no local data for bin-links@https://registry.npmjs.org/bin-links/-/bin-links-6.0.0.tgz. Extracting by manifest.
3101 silly tarball no local data for @npmcli/run-script@https://registry.npmjs.org/@npmcli/run-script/-/run-script-10.0.4.tgz. Extracting by manifest.
3102 silly tarball no local data for @npmcli/redact@https://registry.npmjs.org/@npmcli/redact/-/redact-4.0.0.tgz. Extracting by manifest.
3103 silly tarball no local data for @npmcli/query@https://registry.npmjs.org/@npmcli/query/-/query-5.0.0.tgz. Extracting by manifest.
3104 silly tarball no local data for @npmcli/package-json@https://registry.npmjs.org/@npmcli/package-json/-/package-json-7.0.5.tgz. Extracting by manifest.
3105 silly tarball no local data for @npmcli/node-gyp@https://registry.npmjs.org/@npmcli/node-gyp/-/node-gyp-5.0.0.tgz. Extracting by manifest.
3106 silly tarball no local data for @npmcli/name-from-folder@https://registry.npmjs.org/@npmcli/name-from-folder/-/name-from-folder-4.0.0.tgz. Extracting by manifest.
3107 silly tarball no local data for @npmcli/metavuln-calculator@https://registry.npmjs.org/@npmcli/metavuln-calculator/-/metavuln-calculator-9.0.3.tgz. Extracting by manifest.
3108 silly tarball no local data for @npmcli/map-workspaces@https://registry.npmjs.org/@npmcli/map-workspaces/-/map-workspaces-5.0.3.tgz. Extracting by manifest.
3109 silly tarball no local data for @npmcli/installed-package-contents@https://registry.npmjs.org/@npmcli/installed-package-contents/-/installed-package-contents-4.0.0.tgz. Extracting by manifest.
3110 silly tarball no local data for @npmcli/fs@https://registry.npmjs.org/@npmcli/fs/-/fs-5.0.0.tgz. Extracting by manifest.
3111 silly tarball no local data for @isaacs/string-locale-compare@https://registry.npmjs.org/@isaacs/string-locale-compare/-/string-locale-compare-1.1.0.tgz. Extracting by manifest.
3112 silly tarball no local data for @gar/promise-retry@https://registry.npmjs.org/@gar/promise-retry/-/promise-retry-1.0.3.tgz. Extracting by manifest.
3113 silly tarball no local data for env-paths@https://registry.npmjs.org/env-paths/-/env-paths-3.0.0.tgz. Extracting by manifest.
3114 silly tarball no local data for @npmcli/arborist@https://registry.npmjs.org/@npmcli/arborist/-/arborist-9.4.2.tgz. Extracting by manifest.
3115 silly tarball no local data for ms@https://registry.npmjs.org/ms/-/ms-2.1.3.tgz. Extracting by manifest.
3116 silly tarball no local data for colors@https://registry.npmjs.org/colors/-/colors-1.0.3.tgz. Extracting by manifest.
3117 silly tarball no local data for textextensions@https://registry.npmjs.org/textextensions/-/textextensions-6.11.0.tgz. Extracting by manifest.
3118 silly tarball no local data for pretty-bytes@https://registry.npmjs.org/pretty-bytes/-/pretty-bytes-7.1.0.tgz. Extracting by manifest.
3119 silly tarball no local data for p-transform@https://registry.npmjs.org/p-transform/-/p-transform-5.0.1.tgz. Extracting by manifest.
3120 silly tarball no local data for isbinaryfile@https://registry.npmjs.org/isbinaryfile/-/isbinaryfile-5.0.7.tgz. Extracting by manifest.
3121 silly tarball no local data for dateformat@https://registry.npmjs.org/dateformat/-/dateformat-5.0.3.tgz. Extracting by manifest.
3122 silly tarball no local data for diff@https://registry.npmjs.org/diff/-/diff-8.0.3.tgz. Extracting by manifest.
3123 silly tarball no local data for cli-table@https://registry.npmjs.org/cli-table/-/cli-table-0.3.11.tgz. Extracting by manifest.
3124 silly tarball no local data for binary-extensions@https://registry.npmjs.org/binary-extensions/-/binary-extensions-3.1.0.tgz. Extracting by manifest.
3125 silly tarball no local data for which-package-manager@https://registry.npmjs.org/which-package-manager/-/which-package-manager-1.0.1.tgz. Extracting by manifest.
3126 silly tarball no local data for untildify@https://registry.npmjs.org/untildify/-/untildify-6.0.0.tgz. Extracting by manifest.
3127 silly tarball no local data for slash@https://registry.npmjs.org/slash/-/slash-5.1.0.tgz. Extracting by manifest.
3128 silly tarball no local data for mem-fs-editor@https://registry.npmjs.org/mem-fs-editor/-/mem-fs-editor-12.0.3.tgz. Extracting by manifest.
3129 silly tarball no local data for lodash-es@https://registry.npmjs.org/lodash-es/-/lodash-es-4.17.23.tgz. Extracting by manifest.
3130 silly tarball no local data for locate-path@https://registry.npmjs.org/locate-path/-/locate-path-8.0.0.tgz. Extracting by manifest.
3131 silly tarball no local data for grouped-queue@https://registry.npmjs.org/grouped-queue/-/grouped-queue-2.1.0.tgz. Extracting by manifest.
3132 silly tarball no local data for globby@https://registry.npmjs.org/globby/-/globby-16.1.1.tgz. Extracting by manifest.
3133 silly tarball no local data for fly-import@https://registry.npmjs.org/fly-import/-/fly-import-1.0.0.tgz. Extracting by manifest.
3134 silly tarball no local data for debug@https://registry.npmjs.org/debug/-/debug-4.4.3.tgz. Extracting by manifest.
3135 silly tarball no local data for commander@https://registry.npmjs.org/commander/-/commander-14.0.3.tgz. Extracting by manifest.
3136 silly tarball no local data for arrify@https://registry.npmjs.org/arrify/-/arrify-3.0.0.tgz. Extracting by manifest.
3137 silly tarball no local data for @yeoman/transform@https://registry.npmjs.org/@yeoman/transform/-/transform-2.1.0.tgz. Extracting by manifest.
3138 silly tarball no local data for @yeoman/namespace@https://registry.npmjs.org/@yeoman/namespace/-/namespace-1.0.1.tgz. Extracting by manifest.
3139 silly tarball no local data for mem-fs@https://registry.npmjs.org/mem-fs/-/mem-fs-4.1.4.tgz. Extracting by manifest.
3140 silly tarball no local data for @yeoman/conflicter@https://registry.npmjs.org/@yeoman/conflicter/-/conflicter-4.0.1.tgz. Extracting by manifest.
3141 silly tarball no local data for foreachasync@https://registry.npmjs.org/foreachasync/-/foreachasync-3.0.0.tgz. Extracting by manifest.
3142 silly tarball no local data for concat-map@https://registry.npmjs.org/concat-map/-/concat-map-0.0.1.tgz. Extracting by manifest.
3143 silly tarball no local data for balanced-match@https://registry.npmjs.org/balanced-match/-/balanced-match-1.0.2.tgz. Extracting by manifest.
3144 silly tarball no local data for brace-expansion@https://registry.npmjs.org/brace-expansion/-/brace-expansion-1.1.12.tgz. Extracting by manifest.
3145 silly tarball no local data for minimatch@https://registry.npmjs.org/minimatch/-/minimatch-3.0.8.tgz. Extracting by manifest.
3146 silly tarball no local data for walk@https://registry.npmjs.org/walk/-/walk-2.3.15.tgz. Extracting by manifest.
3147 silly tarball no local data for locutus@https://registry.npmjs.org/locutus/-/locutus-2.0.39.tgz. Extracting by manifest.
3148 silly tarball no local data for convert-hrtime@https://registry.npmjs.org/convert-hrtime/-/convert-hrtime-5.0.0.tgz. Extracting by manifest.
3149 silly tarball no local data for web-worker@https://registry.npmjs.org/web-worker/-/web-worker-1.5.0.tgz. Extracting by manifest.
3150 silly tarball no local data for p-event@https://registry.npmjs.org/p-event/-/p-event-6.0.1.tgz. Extracting by manifest.
3151 silly tarball no local data for time-span@https://registry.npmjs.org/time-span/-/time-span-5.1.0.tgz. Extracting by manifest.
3152 silly tarball no local data for make-asynchronous@https://registry.npmjs.org/make-asynchronous/-/make-asynchronous-1.1.0.tgz. Extracting by manifest.
3153 silly tarball no local data for super-regex@https://registry.npmjs.org/super-regex/-/super-regex-1.1.0.tgz. Extracting by manifest.
3154 silly tarball no local data for semver-regex@https://registry.npmjs.org/semver-regex/-/semver-regex-4.0.5.tgz. Extracting by manifest.
3155 silly tarball no local data for find-versions@https://registry.npmjs.org/find-versions/-/find-versions-6.0.0.tgz. Extracting by manifest.
3156 silly tarball no local data for function-timeout@https://registry.npmjs.org/function-timeout/-/function-timeout-1.0.2.tgz. Extracting by manifest.
3157 silly tarball no local data for semver-truncate@https://registry.npmjs.org/semver-truncate/-/semver-truncate-3.0.0.tgz. Extracting by manifest.
3158 silly tarball no local data for twig@https://registry.npmjs.org/twig/-/twig-1.17.1.tgz. Extracting by manifest.
3159 silly tarball no local data for binary-version@https://registry.npmjs.org/binary-version/-/binary-version-7.1.0.tgz. Extracting by manifest.
3160 silly tarball no local data for supports-color@https://registry.npmjs.org/supports-color/-/supports-color-9.4.0.tgz. Extracting by manifest.
3161 silly tarball no local data for binary-version-check@https://registry.npmjs.org/binary-version-check/-/binary-version-check-6.1.0.tgz. Extracting by manifest.
3162 silly tarball no local data for ansi-styles@https://registry.npmjs.org/ansi-styles/-/ansi-styles-6.2.3.tgz. Extracting by manifest.
3163 silly tarball no local data for is-wsl@https://registry.npmjs.org/is-wsl/-/is-wsl-3.1.1.tgz. Extracting by manifest.
3164 silly tarball no local data for isexe@https://registry.npmjs.org/isexe/-/isexe-2.0.0.tgz. Extracting by manifest.
3165 silly tarball no local data for spdx-exceptions@https://registry.npmjs.org/spdx-exceptions/-/spdx-exceptions-2.5.0.tgz. Extracting by manifest.
3166 silly tarball no local data for spdx-license-ids@https://registry.npmjs.org/spdx-license-ids/-/spdx-license-ids-3.0.23.tgz. Extracting by manifest.
3167 silly tarball no local data for spdx-expression-parse@https://registry.npmjs.org/spdx-expression-parse/-/spdx-expression-parse-3.0.1.tgz. Extracting by manifest.
3168 silly tarball no local data for is-path-inside@https://registry.npmjs.org/is-path-inside/-/is-path-inside-4.0.0.tgz. Extracting by manifest.
3169 silly tarball no local data for escape-goat@https://registry.npmjs.org/escape-goat/-/escape-goat-4.0.0.tgz. Extracting by manifest.
3170 silly tarball no local data for spdx-correct@https://registry.npmjs.org/spdx-correct/-/spdx-correct-3.2.0.tgz. Extracting by manifest.
3171 silly tarball no local data for global-directory@https://registry.npmjs.org/global-directory/-/global-directory-4.0.1.tgz. Extracting by manifest.
3172 silly tarball no local data for wrap-ansi@https://registry.npmjs.org/wrap-ansi/-/wrap-ansi-9.0.2.tgz. Extracting by manifest.
3173 silly tarball no local data for cli-boxes@https://registry.npmjs.org/cli-boxes/-/cli-boxes-3.0.0.tgz. Extracting by manifest.
3174 silly tarball no local data for widest-line@https://registry.npmjs.org/widest-line/-/widest-line-5.0.0.tgz. Extracting by manifest.
3175 silly tarball no local data for ansi-align@https://registry.npmjs.org/ansi-align/-/ansi-align-3.0.1.tgz. Extracting by manifest.
3176 silly tarball no local data for pupa@https://registry.npmjs.org/pupa/-/pupa-3.3.0.tgz. Extracting by manifest.
3177 silly tarball no local data for camelcase@https://registry.npmjs.org/camelcase/-/camelcase-8.0.0.tgz. Extracting by manifest.
3178 silly tarball no local data for is-npm@https://registry.npmjs.org/is-npm/-/is-npm-6.1.0.tgz. Extracting by manifest.
3179 silly tarball no local data for is-installed-globally@https://registry.npmjs.org/is-installed-globally/-/is-installed-globally-1.0.0.tgz. Extracting by manifest.
3180 silly tarball no local data for latest-version@https://registry.npmjs.org/latest-version/-/latest-version-9.0.0.tgz. Extracting by manifest.
3181 silly tarball no local data for is-in-ci@https://registry.npmjs.org/is-in-ci/-/is-in-ci-1.0.0.tgz. Extracting by manifest.
3182 silly tarball no local data for boxen@https://registry.npmjs.org/boxen/-/boxen-8.0.1.tgz. Extracting by manifest.
3183 silly tarball no local data for tagged-tag@https://registry.npmjs.org/tagged-tag/-/tagged-tag-1.0.0.tgz. Extracting by manifest.
3184 silly tarball no local data for get-east-asian-width@https://registry.npmjs.org/get-east-asian-width/-/get-east-asian-width-1.5.0.tgz. Extracting by manifest.
3185 silly tarball no local data for stubborn-utils@https://registry.npmjs.org/stubborn-utils/-/stubborn-utils-1.0.2.tgz. Extracting by manifest.
3186 silly tarball no local data for strip-ansi@https://registry.npmjs.org/strip-ansi/-/strip-ansi-7.2.0.tgz. Extracting by manifest.
3187 silly tarball no local data for ansi-regex@https://registry.npmjs.org/ansi-regex/-/ansi-regex-6.2.2.tgz. Extracting by manifest.
3188 silly tarball no local data for shebang-regex@https://registry.npmjs.org/shebang-regex/-/shebang-regex-3.0.0.tgz. Extracting by manifest.
3189 silly tarball no local data for tslib@https://registry.npmjs.org/tslib/-/tslib-2.8.1.tgz. Extracting by manifest.
3190 silly tarball no local data for is-root@https://registry.npmjs.org/is-root/-/is-root-3.0.0.tgz. Extracting by manifest.
3191 silly tarball no local data for default-uid@https://registry.npmjs.org/default-uid/-/default-uid-2.0.0.tgz. Extracting by manifest.
3192 silly tarball no local data for sudo-block@https://registry.npmjs.org/sudo-block/-/sudo-block-4.0.0.tgz. Extracting by manifest.
3193 silly tarball no local data for downgrade-root@https://registry.npmjs.org/downgrade-root/-/downgrade-root-2.0.0.tgz. Extracting by manifest.
3194 silly tarball no local data for es-errors@https://registry.npmjs.org/es-errors/-/es-errors-1.3.0.tgz. Extracting by manifest.
3195 silly tarball no local data for es-define-property@https://registry.npmjs.org/es-define-property/-/es-define-property-1.0.1.tgz. Extracting by manifest.
3196 silly tarball no local data for define-data-property@https://registry.npmjs.org/define-data-property/-/define-data-property-1.1.4.tgz. Extracting by manifest.
3197 silly tarball no local data for object-keys@https://registry.npmjs.org/object-keys/-/object-keys-1.1.1.tgz. Extracting by manifest.
3198 silly tarball no local data for gopd@https://registry.npmjs.org/gopd/-/gopd-1.2.0.tgz. Extracting by manifest.
3199 silly tarball no local data for has-property-descriptors@https://registry.npmjs.org/has-property-descriptors/-/has-property-descriptors-1.0.2.tgz. Extracting by manifest.
3200 silly tarball no local data for define-properties@https://registry.npmjs.org/define-properties/-/define-properties-1.2.1.tgz. Extracting by manifest.
3201 silly tarball no local data for json-stringify-safe@https://registry.npmjs.org/json-stringify-safe/-/json-stringify-safe-5.0.1.tgz. Extracting by manifest.
3202 silly tarball no local data for sprintf-js@https://registry.npmjs.org/sprintf-js/-/sprintf-js-1.1.3.tgz. Extracting by manifest.
3203 silly tarball no local data for globalthis@https://registry.npmjs.org/globalthis/-/globalthis-1.0.4.tgz. Extracting by manifest.
3204 silly tarball no local data for semver-compare@https://registry.npmjs.org/semver-compare/-/semver-compare-1.0.0.tgz. Extracting by manifest.
3205 silly tarball no local data for proto-list@https://registry.npmjs.org/proto-list/-/proto-list-1.2.4.tgz. Extracting by manifest.
3206 silly tarball no local data for detect-node@https://registry.npmjs.org/detect-node/-/detect-node-2.1.0.tgz. Extracting by manifest.
3207 silly tarball no local data for config-chain@https://registry.npmjs.org/config-chain/-/config-chain-1.1.13.tgz. Extracting by manifest.
3208 silly tarball no local data for @pnpm/network.ca-file@https://registry.npmjs.org/@pnpm/network.ca-file/-/network.ca-file-1.0.2.tgz. Extracting by manifest.
3209 silly tarball no local data for @pnpm/config.env-replace@https://registry.npmjs.org/@pnpm/config.env-replace/-/config.env-replace-1.1.0.tgz. Extracting by manifest.
3210 silly tarball no local data for @pnpm/npm-conf@https://registry.npmjs.org/@pnpm/npm-conf/-/npm-conf-3.0.2.tgz. Extracting by manifest.
3211 silly tarball no local data for js-tokens@https://registry.npmjs.org/js-tokens/-/js-tokens-4.0.0.tgz. Extracting by manifest.
3212 silly tarball no local data for picocolors@https://registry.npmjs.org/picocolors/-/picocolors-1.1.1.tgz. Extracting by manifest.
3213 silly tarball no local data for @babel/helper-validator-identifier@https://registry.npmjs.org/@babel/helper-validator-identifier/-/helper-validator-identifier-7.28.5.tgz. Extracting by manifest.
3214 silly tarball no local data for index-to-position@https://registry.npmjs.org/index-to-position/-/index-to-position-1.2.0.tgz. Extracting by manifest.
3215 silly tarball no local data for @babel/code-frame@https://registry.npmjs.org/@babel/code-frame/-/code-frame-7.29.0.tgz. Extracting by manifest.
3216 silly tarball no local data for validate-npm-package-license@https://registry.npmjs.org/validate-npm-package-license/-/validate-npm-package-license-3.0.4.tgz. Extracting by manifest.
3217 silly tarball no local data for hosted-git-info@https://registry.npmjs.org/hosted-git-info/-/hosted-git-info-9.0.2.tgz. Extracting by manifest.
3218 silly tarball no local data for unicorn-magic@https://registry.npmjs.org/unicorn-magic/-/unicorn-magic-0.4.0.tgz. Extracting by manifest.
3219 silly tarball no local data for parse-json@https://registry.npmjs.org/parse-json/-/parse-json-8.3.0.tgz. Extracting by manifest.
3220 silly tarball no local data for normalize-package-data@https://registry.npmjs.org/normalize-package-data/-/normalize-package-data-8.0.0.tgz. Extracting by manifest.
3221 silly tarball no local data for @types/normalize-package-data@https://registry.npmjs.org/@types/normalize-package-data/-/normalize-package-data-2.4.4.tgz. Extracting by manifest.
3222 silly tarball no local data for read-pkg@https://registry.npmjs.org/read-pkg/-/read-pkg-10.1.0.tgz. Extracting by manifest.
3223 silly tarball no local data for find-up-simple@https://registry.npmjs.org/find-up-simple/-/find-up-simple-1.0.1.tgz. Extracting by manifest.
3224 silly tarball no local data for minimist@https://registry.npmjs.org/minimist/-/minimist-1.2.8.tgz. Extracting by manifest.
3225 silly tarball no local data for is-regexp@https://registry.npmjs.org/is-regexp/-/is-regexp-3.1.0.tgz. Extracting by manifest.
3226 silly tarball no local data for clone-regexp@https://registry.npmjs.org/clone-regexp/-/clone-regexp-3.0.0.tgz. Extracting by manifest.
3227 silly tarball no local data for execall@https://registry.npmjs.org/execall/-/execall-3.0.0.tgz. Extracting by manifest.
3228 silly tarball no local data for registry-auth-token@https://registry.npmjs.org/registry-auth-token/-/registry-auth-token-5.1.1.tgz. Extracting by manifest.
3229 silly tarball no local data for indent-string@https://registry.npmjs.org/indent-string/-/indent-string-5.0.0.tgz. Extracting by manifest.
3230 silly tarball no local data for clean-stack@https://registry.npmjs.org/clean-stack/-/clean-stack-4.2.0.tgz. Extracting by manifest.
3231 silly tarball no local data for aggregate-error@https://registry.npmjs.org/aggregate-error/-/aggregate-error-4.0.1.tgz. Extracting by manifest.
3232 silly tarball no local data for eventemitter3@https://registry.npmjs.org/eventemitter3/-/eventemitter3-5.0.4.tgz. Extracting by manifest.
3233 silly tarball no local data for p-some@https://registry.npmjs.org/p-some/-/p-some-6.0.0.tgz. Extracting by manifest.
3234 silly tarball no local data for p-timeout@https://registry.npmjs.org/p-timeout/-/p-timeout-7.0.1.tgz. Extracting by manifest.
3235 silly tarball no local data for p-cancelable@https://registry.npmjs.org/p-cancelable/-/p-cancelable-3.0.0.tgz. Extracting by manifest.
3236 silly tarball no local data for string-width@https://registry.npmjs.org/string-width/-/string-width-8.2.0.tgz. Extracting by manifest.
3237 silly tarball no local data for restore-cursor@https://registry.npmjs.org/restore-cursor/-/restore-cursor-5.1.0.tgz. Extracting by manifest.
3238 silly tarball no local data for stdin-discarder@https://registry.npmjs.org/stdin-discarder/-/stdin-discarder-0.3.1.tgz. Extracting by manifest.
3239 silly tarball no local data for is-interactive@https://registry.npmjs.org/is-interactive/-/is-interactive-2.0.0.tgz. Extracting by manifest.
3240 silly tarball no local data for cli-spinners@https://registry.npmjs.org/cli-spinners/-/cli-spinners-3.4.0.tgz. Extracting by manifest.
3241 silly tarball no local data for cli-cursor@https://registry.npmjs.org/cli-cursor/-/cli-cursor-5.0.0.tgz. Extracting by manifest.
3242 silly tarball no local data for is-docker@https://registry.npmjs.org/is-docker/-/is-docker-3.0.0.tgz. Extracting by manifest.
3243 silly tarball no local data for run-applescript@https://registry.npmjs.org/run-applescript/-/run-applescript-7.1.0.tgz. Extracting by manifest.
3244 silly tarball no local data for default-browser-id@https://registry.npmjs.org/default-browser-id/-/default-browser-id-5.0.1.tgz. Extracting by manifest.
3245 silly tarball no local data for bundle-name@https://registry.npmjs.org/bundle-name/-/bundle-name-4.1.0.tgz. Extracting by manifest.
3246 silly tarball no local data for wsl-utils@https://registry.npmjs.org/wsl-utils/-/wsl-utils-0.3.1.tgz. Extracting by manifest.
3247 silly tarball no local data for powershell-utils@https://registry.npmjs.org/powershell-utils/-/powershell-utils-0.1.0.tgz. Extracting by manifest.
3248 silly tarball no local data for is-inside-container@https://registry.npmjs.org/is-inside-container/-/is-inside-container-1.0.0.tgz. Extracting by manifest.
3249 silly tarball no local data for is-in-ssh@https://registry.npmjs.org/is-in-ssh/-/is-in-ssh-1.0.0.tgz. Extracting by manifest.
3250 silly tarball no local data for define-lazy-prop@https://registry.npmjs.org/define-lazy-prop/-/define-lazy-prop-3.0.0.tgz. Extracting by manifest.
3251 silly tarball no local data for default-browser@https://registry.npmjs.org/default-browser/-/default-browser-5.5.0.tgz. Extracting by manifest.
3252 silly tarball no local data for registry-url@https://registry.npmjs.org/registry-url/-/registry-url-6.0.1.tgz. Extracting by manifest.
3253 silly tarball no local data for ky@https://registry.npmjs.org/ky/-/ky-1.14.3.tgz. Extracting by manifest.
3254 silly tarball no local data for p-defer@https://registry.npmjs.org/p-defer/-/p-defer-1.0.0.tgz. Extracting by manifest.
3255 silly tarball no local data for p-is-promise@https://registry.npmjs.org/p-is-promise/-/p-is-promise-2.1.0.tgz. Extracting by manifest.
3256 silly tarball no local data for mimic-fn@https://registry.npmjs.org/mimic-fn/-/mimic-fn-2.1.0.tgz. Extracting by manifest.
3257 silly tarball no local data for map-age-cleaner@https://registry.npmjs.org/map-age-cleaner/-/map-age-cleaner-0.1.3.tgz. Extracting by manifest.
3258 silly tarball no local data for yoctocolors@https://registry.npmjs.org/yoctocolors/-/yoctocolors-2.1.2.tgz. Extracting by manifest.
3259 silly tarball no local data for escape-string-regexp@https://registry.npmjs.org/escape-string-regexp/-/escape-string-regexp-4.0.0.tgz. Extracting by manifest.
3260 silly tarball no local data for rxjs@https://registry.npmjs.org/rxjs/-/rxjs-7.8.2.tgz. Extracting by manifest.
3261 silly tarball no local data for run-async@https://registry.npmjs.org/run-async/-/run-async-4.0.6.tgz. Extracting by manifest.
3262 silly tarball no local data for serialize-error@https://registry.npmjs.org/serialize-error/-/serialize-error-7.0.1.tgz. Extracting by manifest.
3263 silly tarball no local data for decamelize@https://registry.npmjs.org/decamelize/-/decamelize-6.0.1.tgz. Extracting by manifest.
3264 silly tarball no local data for roarr@https://registry.npmjs.org/roarr/-/roarr-2.15.4.tgz. Extracting by manifest.
3265 silly tarball no local data for boolean@https://registry.npmjs.org/boolean/-/boolean-3.2.0.tgz. Extracting by manifest.
3266 silly tarball no local data for es6-error@https://registry.npmjs.org/es6-error/-/es6-error-4.1.1.tgz. Extracting by manifest.
3267 silly tarball no local data for matcher@https://registry.npmjs.org/matcher/-/matcher-3.0.0.tgz. Extracting by manifest.
3268 silly tarball no local data for strip-final-newline@https://registry.npmjs.org/strip-final-newline/-/strip-final-newline-3.0.0.tgz. Extracting by manifest.
3269 silly tarball no local data for onetime@https://registry.npmjs.org/onetime/-/onetime-6.0.0.tgz. Extracting by manifest.
3270 silly tarball no local data for npm-run-path@https://registry.npmjs.org/npm-run-path/-/npm-run-path-5.3.0.tgz. Extracting by manifest.
3271 silly tarball no local data for merge-stream@https://registry.npmjs.org/merge-stream/-/merge-stream-2.0.0.tgz. Extracting by manifest.
3272 silly tarball no local data for is-stream@https://registry.npmjs.org/is-stream/-/is-stream-3.0.0.tgz. Extracting by manifest.
3273 silly tarball no local data for human-signals@https://registry.npmjs.org/human-signals/-/human-signals-5.0.0.tgz. Extracting by manifest.
3274 silly tarball no local data for get-stream@https://registry.npmjs.org/get-stream/-/get-stream-8.0.1.tgz. Extracting by manifest.
3275 silly tarball no local data for p-any@https://registry.npmjs.org/p-any/-/p-any-4.0.0.tgz. Extracting by manifest.
3276 silly tarball no local data for passwd-user@https://registry.npmjs.org/passwd-user/-/passwd-user-4.0.0.tgz. Extracting by manifest.
3277 silly tarball no local data for mem@https://registry.npmjs.org/mem/-/mem-5.1.1.tgz. Extracting by manifest.
3278 silly tarball no local data for filter-obj@https://registry.npmjs.org/filter-obj/-/filter-obj-5.1.0.tgz. Extracting by manifest.
3279 silly tarball no local data for execa@https://registry.npmjs.org/execa/-/execa-8.0.1.tgz. Extracting by manifest.
3280 silly tarball no local data for is-unicode-supported@https://registry.npmjs.org/is-unicode-supported/-/is-unicode-supported-2.1.0.tgz. Extracting by manifest.
3281 silly tarball no local data for type-fest@https://registry.npmjs.org/type-fest/-/type-fest-5.5.0.tgz. Extracting by manifest.
3282 silly tarball no local data for fast-string-width@https://registry.npmjs.org/fast-string-width/-/fast-string-width-3.0.2.tgz. Extracting by manifest.
3283 silly tarball no local data for which@https://registry.npmjs.org/which/-/which-2.0.2.tgz. Extracting by manifest.
3284 silly tarball no local data for shebang-command@https://registry.npmjs.org/shebang-command/-/shebang-command-2.0.0.tgz. Extracting by manifest.
3285 silly tarball no local data for path-key@https://registry.npmjs.org/path-key/-/path-key-3.1.1.tgz. Extracting by manifest.
3286 silly tarball no local data for when-exit@https://registry.npmjs.org/when-exit/-/when-exit-2.1.5.tgz. Extracting by manifest.
3287 silly tarball no local data for fast-string-truncated-width@https://registry.npmjs.org/fast-string-truncated-width/-/fast-string-truncated-width-3.0.3.tgz. Extracting by manifest.
3288 silly tarball no local data for xdg-basedir@https://registry.npmjs.org/xdg-basedir/-/xdg-basedir-5.1.0.tgz. Extracting by manifest.
3289 silly tarball no local data for is-safe-filename@https://registry.npmjs.org/is-safe-filename/-/is-safe-filename-0.1.1.tgz. Extracting by manifest.
3290 silly tarball no local data for stubborn-fs@https://registry.npmjs.org/stubborn-fs/-/stubborn-fs-2.0.0.tgz. Extracting by manifest.
3291 silly tarball no local data for atomically@https://registry.npmjs.org/atomically/-/atomically-2.1.1.tgz. Extracting by manifest.
3292 silly tarball no local data for dot-prop@https://registry.npmjs.org/dot-prop/-/dot-prop-10.1.0.tgz. Extracting by manifest.
3293 silly tarball no local data for graceful-fs@https://registry.npmjs.org/graceful-fs/-/graceful-fs-4.2.11.tgz. Extracting by manifest.
3294 silly tarball no local data for chardet@https://registry.npmjs.org/chardet/-/chardet-2.1.1.tgz. Extracting by manifest.
3295 silly tarball no local data for @inquirer/select@https://registry.npmjs.org/@inquirer/select/-/select-5.1.2.tgz. Extracting by manifest.
3296 silly tarball no local data for @inquirer/external-editor@https://registry.npmjs.org/@inquirer/external-editor/-/external-editor-2.0.4.tgz. Extracting by manifest.
3297 silly tarball no local data for @inquirer/search@https://registry.npmjs.org/@inquirer/search/-/search-4.1.6.tgz. Extracting by manifest.
3298 silly tarball no local data for @inquirer/rawlist@https://registry.npmjs.org/@inquirer/rawlist/-/rawlist-5.2.6.tgz. Extracting by manifest.
3299 silly tarball no local data for @inquirer/password@https://registry.npmjs.org/@inquirer/password/-/password-5.0.10.tgz. Extracting by manifest.
3300 silly tarball no local data for @inquirer/number@https://registry.npmjs.org/@inquirer/number/-/number-4.0.10.tgz. Extracting by manifest.
3301 silly tarball no local data for @inquirer/input@https://registry.npmjs.org/@inquirer/input/-/input-5.0.10.tgz. Extracting by manifest.
3302 silly tarball no local data for @inquirer/confirm@https://registry.npmjs.org/@inquirer/confirm/-/confirm-6.0.10.tgz. Extracting by manifest.
3303 silly tarball no local data for @inquirer/expand@https://registry.npmjs.org/@inquirer/expand/-/expand-5.0.10.tgz. Extracting by manifest.
3304 silly tarball no local data for @inquirer/checkbox@https://registry.npmjs.org/@inquirer/checkbox/-/checkbox-5.1.2.tgz. Extracting by manifest.
3305 silly tarball no local data for @inquirer/editor@https://registry.npmjs.org/@inquirer/editor/-/editor-5.0.10.tgz. Extracting by manifest.
3306 silly tarball no local data for cli-width@https://registry.npmjs.org/cli-width/-/cli-width-4.1.0.tgz. Extracting by manifest.
3307 silly tarball no local data for fast-wrap-ansi@https://registry.npmjs.org/fast-wrap-ansi/-/fast-wrap-ansi-0.2.0.tgz. Extracting by manifest.
3308 silly tarball no local data for mute-stream@https://registry.npmjs.org/mute-stream/-/mute-stream-3.0.0.tgz. Extracting by manifest.
3309 silly tarball no local data for @inquirer/type@https://registry.npmjs.org/@inquirer/type/-/type-4.0.4.tgz. Extracting by manifest.
3310 silly tarball no local data for @inquirer/figures@https://registry.npmjs.org/@inquirer/figures/-/figures-2.0.4.tgz. Extracting by manifest.
3311 silly tarball no local data for @inquirer/ansi@https://registry.npmjs.org/@inquirer/ansi/-/ansi-2.0.4.tgz. Extracting by manifest.
3312 silly tarball no local data for p-queue@https://registry.npmjs.org/p-queue/-/p-queue-9.1.0.tgz. Extracting by manifest.
3313 silly tarball no local data for ora@https://registry.npmjs.org/ora/-/ora-9.3.0.tgz. Extracting by manifest.
3314 silly tarball no local data for inquirer@https://registry.npmjs.org/inquirer/-/inquirer-13.3.2.tgz. Extracting by manifest.
3315 silly tarball no local data for text-table@https://registry.npmjs.org/text-table/-/text-table-0.2.0.tgz. Extracting by manifest.
3316 silly tarball no local data for @inquirer/prompts@https://registry.npmjs.org/@inquirer/prompts/-/prompts-8.3.2.tgz. Extracting by manifest.
3317 silly tarball no local data for @inquirer/core@https://registry.npmjs.org/@inquirer/core/-/core-11.1.7.tgz. Extracting by manifest.
3318 silly tarball no local data for yosay@https://registry.npmjs.org/yosay/-/yosay-3.0.0.tgz. Extracting by manifest.
3319 silly tarball no local data for undici-types@https://registry.npmjs.org/undici-types/-/undici-types-7.18.2.tgz. Extracting by manifest.
3320 silly tarball no local data for yeoman-doctor@https://registry.npmjs.org/yeoman-doctor/-/yeoman-doctor-6.0.0.tgz. Extracting by manifest.
3321 silly tarball no local data for yeoman-environment@https://registry.npmjs.org/yeoman-environment/-/yeoman-environment-6.0.0.tgz. Extracting by manifest.
3322 silly tarball no local data for update-notifier@https://registry.npmjs.org/update-notifier/-/update-notifier-7.3.1.tgz. Extracting by manifest.
3323 silly tarball no local data for yeoman-character@https://registry.npmjs.org/yeoman-character/-/yeoman-character-2.0.0.tgz. Extracting by manifest.
3324 silly tarball no local data for titleize@https://registry.npmjs.org/titleize/-/titleize-4.0.0.tgz. Extracting by manifest.
3325 silly tarball no local data for string-length@https://registry.npmjs.org/string-length/-/string-length-7.0.1.tgz. Extracting by manifest.
3326 silly tarball no local data for sort-on@https://registry.npmjs.org/sort-on/-/sort-on-7.0.0.tgz. Extracting by manifest.
3327 silly tarball no local data for log-symbols@https://registry.npmjs.org/log-symbols/-/log-symbols-7.0.1.tgz. Extracting by manifest.
3328 silly tarball no local data for root-check@https://registry.npmjs.org/root-check/-/root-check-2.0.0.tgz. Extracting by manifest.
3329 silly tarball no local data for read-package-up@https://registry.npmjs.org/read-package-up/-/read-package-up-12.0.0.tgz. Extracting by manifest.
3330 silly tarball no local data for open@https://registry.npmjs.org/open/-/open-11.0.0.tgz. Extracting by manifest.
3331 silly tarball no local data for parse-help@https://registry.npmjs.org/parse-help/-/parse-help-2.0.0.tgz. Extracting by manifest.
3332 silly tarball no local data for package-json@https://registry.npmjs.org/package-json/-/package-json-10.0.1.tgz. Extracting by manifest.
3333 silly tarball no local data for npm-keyword@https://registry.npmjs.org/npm-keyword/-/npm-keyword-8.0.0.tgz. Extracting by manifest.
3334 silly tarball no local data for lodash@https://registry.npmjs.org/lodash/-/lodash-4.17.23.tgz. Extracting by manifest.
3335 silly tarball no local data for humanize-string@https://registry.npmjs.org/humanize-string/-/humanize-string-3.1.0.tgz. Extracting by manifest.
3336 silly tarball no local data for meow@https://registry.npmjs.org/meow/-/meow-14.1.0.tgz. Extracting by manifest.
3337 silly tarball no local data for fullname@https://registry.npmjs.org/fullname/-/fullname-5.0.0.tgz. Extracting by manifest.
3338 silly tarball no local data for global-agent@https://registry.npmjs.org/global-agent/-/global-agent-3.0.0.tgz. Extracting by manifest.
3339 silly tarball no local data for figures@https://registry.npmjs.org/figures/-/figures-6.1.0.tgz. Extracting by manifest.
3340 silly tarball no local data for configstore@https://registry.npmjs.org/configstore/-/configstore-8.0.0.tgz. Extracting by manifest.
3341 silly tarball no local data for cross-spawn@https://registry.npmjs.org/cross-spawn/-/cross-spawn-7.0.6.tgz. Extracting by manifest.
3342 silly tarball no local data for chalk@https://registry.npmjs.org/chalk/-/chalk-5.6.2.tgz. Extracting by manifest.
3343 silly tarball no local data for cli-list@https://registry.npmjs.org/cli-list/-/cli-list-1.0.0.tgz. Extracting by manifest.
3344 silly tarball no local data for @types/node@https://registry.npmjs.org/@types/node/-/node-25.5.0.tgz. Extracting by manifest.
3345 silly tarball no local data for @yeoman/adapter@https://registry.npmjs.org/@yeoman/adapter/-/adapter-4.0.2.tgz. Extracting by manifest.
3346 silly tarball no local data for @yeoman/types@https://registry.npmjs.org/@yeoman/types/-/types-1.10.3.tgz. Extracting by manifest.
3347 silly tarball no local data for yo@https://registry.npmjs.org/yo/-/yo-7.0.0.tgz. Extracting by manifest.
3348 silly tarball no local data for locate-path@https://registry.npmjs.org/locate-path/-/locate-path-7.2.0.tgz. Extracting by manifest.
3349 silly tarball no local data for unicorn-magic@https://registry.npmjs.org/unicorn-magic/-/unicorn-magic-0.1.0.tgz. Extracting by manifest.
3350 silly tarball no local data for minimatch@https://registry.npmjs.org/minimatch/-/minimatch-10.2.4.tgz. Extracting by manifest.
3351 silly tarball no local data for balanced-match@https://registry.npmjs.org/balanced-match/-/balanced-match-4.0.4.tgz. Extracting by manifest.
3352 silly tarball no local data for balanced-match@https://registry.npmjs.org/balanced-match/-/balanced-match-4.0.4.tgz. Extracting by manifest.
3353 silly tarball no local data for brace-expansion@https://registry.npmjs.org/brace-expansion/-/brace-expansion-5.0.4.tgz. Extracting by manifest.
3354 silly tarball no local data for minimatch@https://registry.npmjs.org/minimatch/-/minimatch-10.2.4.tgz. Extracting by manifest.
3355 silly tarball no local data for brace-expansion@https://registry.npmjs.org/brace-expansion/-/brace-expansion-5.0.4.tgz. Extracting by manifest.
3356 silly tarball no local data for minimatch@https://registry.npmjs.org/minimatch/-/minimatch-5.1.9.tgz. Extracting by manifest.
3357 silly tarball no local data for brace-expansion@https://registry.npmjs.org/brace-expansion/-/brace-expansion-2.0.2.tgz. Extracting by manifest.
3358 silly tarball no local data for fdir@https://registry.npmjs.org/fdir/-/fdir-6.5.0.tgz. Extracting by manifest.
3359 silly tarball no local data for brace-expansion@https://registry.npmjs.org/brace-expansion/-/brace-expansion-5.0.4.tgz. Extracting by manifest.
3360 silly tarball no local data for balanced-match@https://registry.npmjs.org/balanced-match/-/balanced-match-4.0.4.tgz. Extracting by manifest.
3361 silly tarball no local data for yallist@https://registry.npmjs.org/yallist/-/yallist-4.0.0.tgz. Extracting by manifest.
3362 silly tarball no local data for minimatch@https://registry.npmjs.org/minimatch/-/minimatch-10.2.4.tgz. Extracting by manifest.
3363 silly tarball no local data for minipass@https://registry.npmjs.org/minipass/-/minipass-3.3.6.tgz. Extracting by manifest.
3364 silly tarball no local data for yallist@https://registry.npmjs.org/yallist/-/yallist-4.0.0.tgz. Extracting by manifest.
3365 silly tarball no local data for minipass@https://registry.npmjs.org/minipass/-/minipass-3.3.6.tgz. Extracting by manifest.
3366 silly tarball no local data for which@https://registry.npmjs.org/which/-/which-6.0.1.tgz. Extracting by manifest.
3367 silly tarball no local data for isexe@https://registry.npmjs.org/isexe/-/isexe-4.0.0.tgz. Extracting by manifest.
3368 silly tarball no local data for env-paths@https://registry.npmjs.org/env-paths/-/env-paths-2.2.1.tgz. Extracting by manifest.
3369 silly tarball no local data for isexe@https://registry.npmjs.org/isexe/-/isexe-4.0.0.tgz. Extracting by manifest.
3370 silly tarball no local data for which@https://registry.npmjs.org/which/-/which-6.0.1.tgz. Extracting by manifest.
3371 silly tarball no local data for isexe@https://registry.npmjs.org/isexe/-/isexe-4.0.0.tgz. Extracting by manifest.
3372 silly tarball no local data for ini@https://registry.npmjs.org/ini/-/ini-6.0.0.tgz. Extracting by manifest.
3373 silly tarball no local data for which@https://registry.npmjs.org/which/-/which-6.0.1.tgz. Extracting by manifest.
3374 silly tarball no local data for balanced-match@https://registry.npmjs.org/balanced-match/-/balanced-match-4.0.4.tgz. Extracting by manifest.
3375 silly tarball no local data for minimatch@https://registry.npmjs.org/minimatch/-/minimatch-10.2.4.tgz. Extracting by manifest.
3376 silly tarball no local data for brace-expansion@https://registry.npmjs.org/brace-expansion/-/brace-expansion-5.0.4.tgz. Extracting by manifest.
3377 silly tarball no local data for balanced-match@https://registry.npmjs.org/balanced-match/-/balanced-match-4.0.4.tgz. Extracting by manifest.
3378 silly tarball no local data for spdx-expression-parse@https://registry.npmjs.org/spdx-expression-parse/-/spdx-expression-parse-4.0.0.tgz. Extracting by manifest.
3379 silly tarball no local data for brace-expansion@https://registry.npmjs.org/brace-expansion/-/brace-expansion-5.0.4.tgz. Extracting by manifest.
3380 silly tarball no local data for balanced-match@https://registry.npmjs.org/balanced-match/-/balanced-match-4.0.4.tgz. Extracting by manifest.
3381 silly tarball no local data for minimatch@https://registry.npmjs.org/minimatch/-/minimatch-10.2.4.tgz. Extracting by manifest.
3382 silly tarball no local data for minimatch@https://registry.npmjs.org/minimatch/-/minimatch-10.2.4.tgz. Extracting by manifest.
3383 silly tarball no local data for brace-expansion@https://registry.npmjs.org/brace-expansion/-/brace-expansion-5.0.4.tgz. Extracting by manifest.
3384 silly tarball no local data for p-timeout@https://registry.npmjs.org/p-timeout/-/p-timeout-6.1.4.tgz. Extracting by manifest.
3385 silly tarball no local data for balanced-match@https://registry.npmjs.org/balanced-match/-/balanced-match-4.0.4.tgz. Extracting by manifest.
3386 silly tarball no local data for p-queue@https://registry.npmjs.org/p-queue/-/p-queue-8.1.1.tgz. Extracting by manifest.
3387 silly tarball no local data for brace-expansion@https://registry.npmjs.org/brace-expansion/-/brace-expansion-5.0.4.tgz. Extracting by manifest.
3388 silly tarball no local data for minimatch@https://registry.npmjs.org/minimatch/-/minimatch-10.2.4.tgz. Extracting by manifest.
3389 silly tarball no local data for ini@https://registry.npmjs.org/ini/-/ini-5.0.0.tgz. Extracting by manifest.
3390 silly tarball no local data for registry-url@https://registry.npmjs.org/registry-url/-/registry-url-7.2.0.tgz. Extracting by manifest.
3391 silly tarball no local data for brace-expansion@https://registry.npmjs.org/brace-expansion/-/brace-expansion-2.0.2.tgz. Extracting by manifest.
3392 silly tarball no local data for minimatch@https://registry.npmjs.org/minimatch/-/minimatch-9.0.9.tgz. Extracting by manifest.
3393 silly tarball no local data for balanced-match@https://registry.npmjs.org/balanced-match/-/balanced-match-4.0.4.tgz. Extracting by manifest.
3394 silly tarball no local data for minimatch@https://registry.npmjs.org/minimatch/-/minimatch-10.2.4.tgz. Extracting by manifest.
3395 silly tarball no local data for p-timeout@https://registry.npmjs.org/p-timeout/-/p-timeout-6.1.4.tgz. Extracting by manifest.
3396 silly tarball no local data for brace-expansion@https://registry.npmjs.org/brace-expansion/-/brace-expansion-5.0.4.tgz. Extracting by manifest.
3397 silly tarball no local data for type-fest@https://registry.npmjs.org/type-fest/-/type-fest-4.41.0.tgz. Extracting by manifest.
3398 silly tarball no local data for emoji-regex@https://registry.npmjs.org/emoji-regex/-/emoji-regex-10.6.0.tgz. Extracting by manifest.
3399 silly tarball no local data for ini@https://registry.npmjs.org/ini/-/ini-4.1.1.tgz. Extracting by manifest.
3400 silly tarball no local data for string-width@https://registry.npmjs.org/string-width/-/string-width-7.2.0.tgz. Extracting by manifest.
3401 silly tarball no local data for emoji-regex@https://registry.npmjs.org/emoji-regex/-/emoji-regex-10.6.0.tgz. Extracting by manifest.
3402 silly tarball no local data for string-width@https://registry.npmjs.org/string-width/-/string-width-7.2.0.tgz. Extracting by manifest.
3403 silly tarball no local data for emoji-regex@https://registry.npmjs.org/emoji-regex/-/emoji-regex-10.6.0.tgz. Extracting by manifest.
3404 silly tarball no local data for strip-ansi@https://registry.npmjs.org/strip-ansi/-/strip-ansi-6.0.1.tgz. Extracting by manifest.
3405 silly tarball no local data for type-fest@https://registry.npmjs.org/type-fest/-/type-fest-4.41.0.tgz. Extracting by manifest.
3406 silly tarball no local data for string-width@https://registry.npmjs.org/string-width/-/string-width-4.2.3.tgz. Extracting by manifest.
3407 silly tarball no local data for string-width@https://registry.npmjs.org/string-width/-/string-width-7.2.0.tgz. Extracting by manifest.
3408 silly tarball no local data for ansi-styles@https://registry.npmjs.org/ansi-styles/-/ansi-styles-4.3.0.tgz. Extracting by manifest.
3409 silly tarball no local data for is-docker@https://registry.npmjs.org/is-docker/-/is-docker-2.2.1.tgz. Extracting by manifest.
3410 silly tarball no local data for supports-color@https://registry.npmjs.org/supports-color/-/supports-color-7.2.0.tgz. Extracting by manifest.
3411 silly tarball no local data for chalk@https://registry.npmjs.org/chalk/-/chalk-4.1.2.tgz. Extracting by manifest.
3412 silly tarball no local data for graceful-fs@https://registry.npmjs.org/graceful-fs/-/graceful-fs-4.2.10.tgz. Extracting by manifest.
3413 silly tarball no local data for type-fest@https://registry.npmjs.org/type-fest/-/type-fest-4.41.0.tgz. Extracting by manifest.
3414 silly tarball no local data for onetime@https://registry.npmjs.org/onetime/-/onetime-7.0.0.tgz. Extracting by manifest.
3415 silly tarball no local data for type-fest@https://registry.npmjs.org/type-fest/-/type-fest-0.13.1.tgz. Extracting by manifest.
3416 silly tarball no local data for strip-final-newline@https://registry.npmjs.org/strip-final-newline/-/strip-final-newline-2.0.0.tgz. Extracting by manifest.
3417 silly tarball no local data for mimic-fn@https://registry.npmjs.org/mimic-fn/-/mimic-fn-4.0.0.tgz. Extracting by manifest.
3418 silly tarball no local data for escape-string-regexp@https://registry.npmjs.org/escape-string-regexp/-/escape-string-regexp-5.0.0.tgz. Extracting by manifest.
3419 silly tarball no local data for path-key@https://registry.npmjs.org/path-key/-/path-key-4.0.0.tgz. Extracting by manifest.
3420 silly tarball no local data for is-stream@https://registry.npmjs.org/is-stream/-/is-stream-2.0.1.tgz. Extracting by manifest.
3421 silly tarball no local data for onetime@https://registry.npmjs.org/onetime/-/onetime-5.1.2.tgz. Extracting by manifest.
3422 silly tarball no local data for npm-run-path@https://registry.npmjs.org/npm-run-path/-/npm-run-path-4.0.1.tgz. Extracting by manifest.
3423 silly tarball no local data for human-signals@https://registry.npmjs.org/human-signals/-/human-signals-2.1.0.tgz. Extracting by manifest.
3424 silly tarball no local data for get-stream@https://registry.npmjs.org/get-stream/-/get-stream-6.0.1.tgz. Extracting by manifest.
3425 silly tarball no local data for wrap-ansi@https://registry.npmjs.org/wrap-ansi/-/wrap-ansi-8.1.0.tgz. Extracting by manifest.
3426 silly tarball no local data for emoji-regex@https://registry.npmjs.org/emoji-regex/-/emoji-regex-10.6.0.tgz. Extracting by manifest.
3427 silly tarball no local data for emoji-regex@https://registry.npmjs.org/emoji-regex/-/emoji-regex-9.2.2.tgz. Extracting by manifest.
3428 silly tarball no local data for execa@https://registry.npmjs.org/execa/-/execa-5.1.1.tgz. Extracting by manifest.
3429 silly tarball no local data for string-width@https://registry.npmjs.org/string-width/-/string-width-6.1.0.tgz. Extracting by manifest.
3430 silly tarball no local data for meow@https://registry.npmjs.org/meow/-/meow-12.1.1.tgz. Extracting by manifest.
3431 silly tarball no local data for string-width@https://registry.npmjs.org/string-width/-/string-width-5.1.2.tgz. Extracting by manifest.
3432 silly tarball no local data for unicorn-magic@https://registry.npmjs.org/unicorn-magic/-/unicorn-magic-0.3.0.tgz. Extracting by manifest.
3433 silly tarball no local data for path-key@https://registry.npmjs.org/path-key/-/path-key-4.0.0.tgz. Extracting by manifest.
3434 silly tarball no local data for npm-run-path@https://registry.npmjs.org/npm-run-path/-/npm-run-path-6.0.0.tgz. Extracting by manifest.
3435 silly tarball no local data for human-signals@https://registry.npmjs.org/human-signals/-/human-signals-8.0.1.tgz. Extracting by manifest.
3436 silly tarball no local data for is-stream@https://registry.npmjs.org/is-stream/-/is-stream-4.0.1.tgz. Extracting by manifest.
3437 silly tarball no local data for strip-final-newline@https://registry.npmjs.org/strip-final-newline/-/strip-final-newline-4.0.0.tgz. Extracting by manifest.
3438 silly tarball no local data for execa@https://registry.npmjs.org/execa/-/execa-9.6.1.tgz. Extracting by manifest.
3439 silly tarball no local data for get-stream@https://registry.npmjs.org/get-stream/-/get-stream-9.0.1.tgz. Extracting by manifest.
3440 silly tarball no local data for type-fest@https://registry.npmjs.org/type-fest/-/type-fest-4.41.0.tgz. Extracting by manifest.
3441 silly tarball no local data for dot-prop@https://registry.npmjs.org/dot-prop/-/dot-prop-9.0.0.tgz. Extracting by manifest.
3442 silly tarball no local data for configstore@https://registry.npmjs.org/configstore/-/configstore-7.1.0.tgz. Extracting by manifest.
3443 http fetch POST 200 https://registry.npmjs.org/-/npm/v1/security/advisories/bulk 681ms
3444 silly audit report {
3444 silly audit report   locutus: [
3444 silly audit report     {
3444 silly audit report       id: 1114169,
3444 silly audit report       url: 'https://github.com/advisories/GHSA-fp25-p6mj-qqg6',
3444 silly audit report       title: 'locutus call_user_func_array vulnerable to Remote Code Execution (RCE) due to Code Injection',
3444 silly audit report       severity: 'high',
3444 silly audit report       vulnerable_versions: '<=2.0.39',
3444 silly audit report       cwe: [Array],
3444 silly audit report       cvss: [Object]
3444 silly audit report     },
3444 silly audit report     {
3444 silly audit report       id: 1114705,
3444 silly audit report       url: 'https://github.com/advisories/GHSA-vh9h-29pq-r5m8',
3444 silly audit report       title: 'Locutus vulnerable to RCE via unsanitized input in create_function()',
3444 silly audit report       severity: 'critical',
3444 silly audit report       vulnerable_versions: '<=3.0.13',
3444 silly audit report       cwe: [Array],
3444 silly audit report       cvss: [Object]
3444 silly audit report     }
3444 silly audit report   ],
3444 silly audit report   minimatch: [
3444 silly audit report     {
3444 silly audit report       id: 1113459,
3444 silly audit report       url: 'https://github.com/advisories/GHSA-3ppc-4f35-3m26',
3444 silly audit report       title: 'minimatch has a ReDoS via repeated wildcards with non-matching literal in pattern',
3444 silly audit report       severity: 'high',
3444 silly audit report       vulnerable_versions: '<3.1.3',
3444 silly audit report       cwe: [Array],
3444 silly audit report       cvss: [Object]
3444 silly audit report     },
3444 silly audit report     {
3444 silly audit report       id: 1113538,
3444 silly audit report       url: 'https://github.com/advisories/GHSA-7r86-cg39-jmmj',
3444 silly audit report       title: 'minimatch has ReDoS: matchOne() combinatorial backtracking via multiple non-adjacent GLOBSTAR segments',
3444 silly audit report       severity: 'high',
3444 silly audit report       vulnerable_versions: '<3.1.3',
3444 silly audit report       cwe: [Array],
3444 silly audit report       cvss: [Object]
3444 silly audit report     },
3444 silly audit report     {
3444 silly audit report       id: 1113546,
3444 silly audit report       url: 'https://github.com/advisories/GHSA-23c5-xmqv-rm74',
3444 silly audit report       title: 'minimatch ReDoS: nested *() extglobs generate catastrophically backtracking regular expressions',
3444 silly audit report       severity: 'high',
3444 silly audit report       vulnerable_versions: '<3.1.4',
3444 silly audit report       cwe: [Array],
3444 silly audit report       cvss: [Object]
3444 silly audit report     }
3444 silly audit report   ]
3444 silly audit report }
3445 silly packumentCache corgi:https://registry.npmjs.org/locutus cache-miss
3446 silly packumentCache corgi:https://registry.npmjs.org/minimatch cache-miss
3447 http fetch GET 200 https://registry.npmjs.org/parse-ms/-/parse-ms-4.0.0.tgz 583ms (cache miss)
3448 http fetch GET 200 https://registry.npmjs.org/eastasianwidth/-/eastasianwidth-0.2.0.tgz 586ms (cache miss)
3449 http fetch GET 200 https://registry.npmjs.org/color-convert/-/color-convert-2.0.1.tgz 588ms (cache miss)
3450 http fetch GET 200 https://registry.npmjs.org/is-plain-obj/-/is-plain-obj-4.1.0.tgz 589ms (cache miss)
3451 http fetch GET 200 https://registry.npmjs.org/@sec-ant/readable-stream/-/readable-stream-0.4.1.tgz 592ms (cache miss)
3452 http fetch GET 200 https://registry.npmjs.org/pretty-ms/-/pretty-ms-9.3.0.tgz 594ms (cache miss)
3453 http fetch GET 200 https://registry.npmjs.org/bare-events/-/bare-events-2.8.2.tgz 763ms (cache miss)
3454 http fetch GET 200 https://registry.npmjs.org/fast-fifo/-/fast-fifo-1.3.2.tgz 763ms (cache miss)
3455 http fetch GET 200 https://registry.npmjs.org/strip-bom-buf/-/strip-bom-buf-3.0.1.tgz 765ms (cache miss)
3456 http fetch GET 200 https://registry.npmjs.org/path-exists/-/path-exists-5.0.0.tgz 767ms (cache miss)
3457 http fetch GET 200 https://registry.npmjs.org/is-utf8/-/is-utf8-0.2.1.tgz 769ms (cache miss)
3458 http fetch GET 200 https://registry.npmjs.org/b4a/-/b4a-1.8.0.tgz 768ms (cache miss)
3459 http fetch GET 200 https://registry.npmjs.org/text-decoder/-/text-decoder-1.2.7.tgz 781ms (cache miss)
3460 http fetch GET 200 https://registry.npmjs.org/teex/-/teex-1.0.1.tgz 904ms (cache miss)
3461 http fetch GET 200 https://registry.npmjs.org/clone/-/clone-2.1.2.tgz 906ms (cache miss)
3462 http fetch GET 200 https://registry.npmjs.org/streamx/-/streamx-2.25.0.tgz 906ms (cache miss)
3463 http fetch GET 200 https://registry.npmjs.org/@tufjs/canonical-json/-/canonical-json-2.0.0.tgz 909ms (cache miss)
3464 http fetch GET 200 https://registry.npmjs.org/events-universal/-/events-universal-1.0.1.tgz 915ms (cache miss)
3465 http fetch GET 200 https://registry.npmjs.org/replace-ext/-/replace-ext-2.0.0.tgz 917ms (cache miss)
3466 http fetch GET 200 https://registry.npmjs.org/strip-bom-stream/-/strip-bom-stream-5.0.0.tgz 925ms (cache miss)
3467 http fetch GET 200 https://registry.npmjs.org/emoji-regex/-/emoji-regex-8.0.0.tgz 946ms (cache miss)
3468 http fetch GET 200 https://registry.npmjs.org/pad-component/-/pad-component-0.0.1.tgz 948ms (cache miss)
3469 http fetch GET 200 https://registry.npmjs.org/find-up/-/find-up-7.0.0.tgz 952ms (cache miss)
3470 http fetch GET 200 https://registry.npmjs.org/is-number/-/is-number-7.0.0.tgz 1116ms (cache miss)
3471 http fetch GET 200 https://registry.npmjs.org/remove-trailing-separator/-/remove-trailing-separator-1.1.0.tgz 1117ms (cache miss)
3472 http fetch GET 200 https://registry.npmjs.org/yallist/-/yallist-5.0.0.tgz 1118ms (cache miss)
3473 http fetch GET 200 https://registry.npmjs.org/is-fullwidth-code-point/-/is-fullwidth-code-point-3.0.0.tgz 1128ms (cache miss)
3474 http fetch GET 200 https://registry.npmjs.org/color-name/-/color-name-1.1.4.tgz 1131ms (cache miss)
3475 http fetch GET 200 https://registry.npmjs.org/has-flag/-/has-flag-4.0.0.tgz 1132ms (cache miss)
3476 http fetch GET 200 https://registry.npmjs.org/mimic-function/-/mimic-function-5.0.1.tgz 1140ms (cache miss)
3477 http fetch GET 200 https://registry.npmjs.org/first-chunk-stream/-/first-chunk-stream-5.0.0.tgz 1142ms (cache miss)
3478 http fetch GET 200 https://registry.npmjs.org/chownr/-/chownr-3.0.0.tgz 1153ms (cache miss)
3479 http fetch GET 200 https://registry.npmjs.org/tuf-js/-/tuf-js-4.1.0.tgz 1191ms (cache miss)
3480 http fetch GET 200 https://registry.npmjs.org/@isaacs/fs-minipass/-/fs-minipass-4.0.1.tgz 1247ms (cache miss)
3481 http fetch GET 200 https://registry.npmjs.org/smart-buffer/-/smart-buffer-4.2.0.tgz 1254ms (cache miss)
3482 http fetch GET 200 https://registry.npmjs.org/@tufjs/models/-/models-4.1.0.tgz 1303ms (cache miss)
3483 http fetch GET 200 https://registry.npmjs.org/ignore-walk/-/ignore-walk-8.0.0.tgz 1330ms (cache miss)
3484 http fetch GET 200 https://registry.npmjs.org/@sigstore/bundle/-/bundle-4.0.0.tgz 1336ms (cache miss)
3485 http fetch GET 200 https://registry.npmjs.org/just-diff-apply/-/just-diff-apply-5.5.0.tgz 1337ms (cache miss)
3486 http fetch GET 200 https://registry.npmjs.org/queue-microtask/-/queue-microtask-1.2.3.tgz 1341ms (cache miss)
3487 http fetch GET 200 https://registry.npmjs.org/just-diff/-/just-diff-6.0.2.tgz 1340ms (cache miss)
3488 http fetch GET 200 https://registry.npmjs.org/sigstore/-/sigstore-4.1.0.tgz 1429ms (cache miss)
3489 http fetch GET 200 https://registry.npmjs.org/cssesc/-/cssesc-3.0.0.tgz 1430ms (cache miss)
3490 http fetch GET 200 https://registry.npmjs.org/npm-packlist/-/npm-packlist-10.0.4.tgz 1633ms (cache miss)
3491 http fetch GET 200 https://registry.npmjs.org/yocto-queue/-/yocto-queue-1.2.2.tgz 1645ms (cache miss)
3492 http fetch GET 200 https://registry.npmjs.org/p-limit/-/p-limit-4.0.0.tgz 1690ms (cache miss)
3493 http fetch GET 200 https://registry.npmjs.org/jsonparse/-/jsonparse-1.3.1.tgz 1691ms (cache miss)
3494 http fetch GET 200 https://registry.npmjs.org/validate-npm-package-name/-/validate-npm-package-name-7.0.2.tgz 1690ms (cache miss)
3495 http fetch GET 200 https://registry.npmjs.org/socks-proxy-agent/-/socks-proxy-agent-8.0.5.tgz 1700ms (cache miss)
3496 http fetch GET 200 https://registry.npmjs.org/minipass-sized/-/minipass-sized-2.0.0.tgz 1722ms (cache miss)
3497 http fetch GET 200 https://registry.npmjs.org/@sigstore/tuf/-/tuf-4.0.2.tgz 1782ms (cache miss)
3498 http fetch GET 200 https://registry.npmjs.org/exponential-backoff/-/exponential-backoff-3.1.3.tgz 1789ms (cache miss)
3499 http fetch GET 200 https://registry.npmjs.org/abbrev/-/abbrev-4.0.0.tgz 1796ms (cache miss)
3500 http fetch GET 200 https://registry.npmjs.org/array-differ/-/array-differ-4.0.0.tgz 1798ms (cache miss)
3501 http fetch GET 200 https://registry.npmjs.org/array-union/-/array-union-3.0.1.tgz 1799ms (cache miss)
3502 http fetch GET 200 https://registry.npmjs.org/@npmcli/agent/-/agent-4.0.0.tgz 1801ms (cache miss)
3503 http fetch GET 200 https://registry.npmjs.org/to-regex-range/-/to-regex-range-5.0.1.tgz 1806ms (cache miss)
3504 http fetch GET 200 https://registry.npmjs.org/minipass-fetch/-/minipass-fetch-5.0.2.tgz 1821ms (cache miss)
3505 http fetch GET 200 https://registry.npmjs.org/fill-range/-/fill-range-7.1.1.tgz 1841ms (cache miss)
3506 http fetch GET 200 https://registry.npmjs.org/make-fetch-happen/-/make-fetch-happen-15.0.5.tgz 1845ms (cache miss)
3507 http fetch GET 200 https://registry.npmjs.org/http-cache-semantics/-/http-cache-semantics-4.2.0.tgz 1863ms (cache miss)
3508 http fetch GET 200 https://registry.npmjs.org/negotiator/-/negotiator-1.0.0.tgz 1882ms (cache miss)
3509 http fetch GET 200 https://registry.npmjs.org/@sigstore/core/-/core-3.2.0.tgz 1894ms (cache miss)
3510 http fetch GET 200 https://registry.npmjs.org/ip-address/-/ip-address-10.1.0.tgz 1901ms (cache miss)
3511 http fetch GET 200 https://registry.npmjs.org/http-proxy-agent/-/http-proxy-agent-7.0.2.tgz 1893ms (cache miss)
3512 http fetch GET 200 https://registry.npmjs.org/tinyglobby/-/tinyglobby-0.2.15.tgz 1890ms (cache miss)
3513 http fetch GET 200 https://registry.npmjs.org/multimatch/-/multimatch-8.0.0.tgz 1895ms (cache miss)
3514 http fetch GET 200 https://registry.npmjs.org/normalize-path/-/normalize-path-3.0.0.tgz 1895ms (cache miss)
3515 http fetch GET 200 https://registry.npmjs.org/https-proxy-agent/-/https-proxy-agent-7.0.6.tgz 1945ms (cache miss)
3516 http fetch GET 200 https://registry.npmjs.org/agent-base/-/agent-base-7.1.4.tgz 1947ms (cache miss)
3517 http fetch GET 200 https://registry.npmjs.org/picomatch/-/picomatch-2.3.1.tgz 1948ms (cache miss)
3518 http fetch GET 200 https://registry.npmjs.org/filelist/-/filelist-1.0.6.tgz 1954ms (cache miss)
3519 http fetch GET 200 https://registry.npmjs.org/minizlib/-/minizlib-3.1.0.tgz 2008ms (cache miss)
3520 http fetch GET 200 https://registry.npmjs.org/@types/picomatch/-/picomatch-4.0.2.tgz 2006ms (cache miss)
3521 http fetch GET 200 https://registry.npmjs.org/socks/-/socks-2.8.7.tgz 2029ms (cache miss)
3522 http fetch GET 200 https://registry.npmjs.org/binaryextensions/-/binaryextensions-6.11.0.tgz 2027ms (cache miss)
3523 http fetch GET 200 https://registry.npmjs.org/vinyl-file/-/vinyl-file-5.0.0.tgz 2028ms (cache miss)
3524 http fetch GET 200 https://registry.npmjs.org/p-locate/-/p-locate-6.0.0.tgz 2029ms (cache miss)
3525 http fetch GET 200 https://registry.npmjs.org/run-parallel/-/run-parallel-1.2.0.tgz 2030ms (cache miss)
3526 http fetch GET 200 https://registry.npmjs.org/is-extglob/-/is-extglob-2.1.1.tgz 2031ms (cache miss)
3527 http fetch GET 200 https://registry.npmjs.org/reusify/-/reusify-1.1.0.tgz 2032ms (cache miss)
3528 http fetch GET 200 https://registry.npmjs.org/is-glob/-/is-glob-4.0.3.tgz 2039ms (cache miss)
3529 http fetch GET 200 https://registry.npmjs.org/commondir/-/commondir-1.0.1.tgz 2045ms (cache miss)
3530 http fetch GET 200 https://registry.npmjs.org/vinyl/-/vinyl-3.0.1.tgz 2055ms (cache miss)
3531 http fetch GET 200 https://registry.npmjs.org/braces/-/braces-3.0.3.tgz 2061ms (cache miss)
3532 http fetch GET 200 https://registry.npmjs.org/version-range/-/version-range-4.15.0.tgz 2067ms (cache miss)
3533 http fetch GET 200 https://registry.npmjs.org/@sigstore/verify/-/verify-3.1.0.tgz 2089ms (cache miss)
3534 http fetch GET 200 https://registry.npmjs.org/ejs/-/ejs-4.0.1.tgz 2278ms (cache miss)
3535 http fetch GET 200 https://registry.npmjs.org/editions/-/editions-6.22.0.tgz 2297ms (cache miss)
3536 http fetch GET 200 https://registry.npmjs.org/fastq/-/fastq-1.20.1.tgz 2381ms (cache miss)
3537 http fetch GET 200 https://registry.npmjs.org/@types/expect/-/expect-1.20.4.tgz 2439ms (cache miss)
3538 http fetch GET 200 https://registry.npmjs.org/glob-parent/-/glob-parent-5.1.2.tgz 2445ms (cache miss)
3539 http fetch GET 200 https://registry.npmjs.org/merge2/-/merge2-1.4.1.tgz 2446ms (cache miss)
3540 http fetch GET 200 https://registry.npmjs.org/ignore/-/ignore-7.0.5.tgz 2457ms (cache miss)
3541 http fetch GET 200 https://registry.npmjs.org/@sindresorhus/merge-streams/-/merge-streams-4.0.0.tgz 2457ms (cache miss)
3542 http fetch GET 200 https://registry.npmjs.org/micromatch/-/micromatch-4.0.8.tgz 2485ms (cache miss)
3543 http fetch GET 200 https://registry.npmjs.org/minipass-pipeline/-/minipass-pipeline-1.2.4.tgz 2497ms (cache miss)
3544 http fetch GET 200 https://registry.npmjs.org/p-map/-/p-map-7.0.4.tgz 2507ms (cache miss)
3545 http fetch GET 200 https://registry.npmjs.org/minipass-flush/-/minipass-flush-1.0.5.tgz 2536ms (cache miss)
3546 http fetch GET 200 https://registry.npmjs.org/@nodelib/fs.stat/-/fs.stat-2.0.5.tgz 2610ms (cache miss)
3547 http fetch GET 200 https://registry.npmjs.org/minipass-collect/-/minipass-collect-2.0.1.tgz 2642ms (cache miss)
3548 http fetch GET 200 https://registry.npmjs.org/read-cmd-shim/-/read-cmd-shim-6.0.0.tgz 2649ms (cache miss)
3549 http fetch GET 200 https://registry.npmjs.org/fs-minipass/-/fs-minipass-3.0.3.tgz 2655ms (cache miss)
3550 http fetch GET 200 https://registry.npmjs.org/cmd-shim/-/cmd-shim-8.0.0.tgz 2660ms (cache miss)
3551 http fetch GET 200 https://registry.npmjs.org/@nodelib/fs.scandir/-/fs.scandir-2.1.5.tgz 2670ms (cache miss)
3552 http fetch GET 200 https://registry.npmjs.org/@npmcli/promise-spawn/-/promise-spawn-9.0.1.tgz 2684ms (cache miss)
3553 http fetch GET 200 https://registry.npmjs.org/@types/vinyl/-/vinyl-2.0.12.tgz 2698ms (cache miss)
3554 http fetch GET 200 https://registry.npmjs.org/json-parse-even-better-errors/-/json-parse-even-better-errors-5.0.0.tgz 2699ms (cache miss)
3555 http fetch GET 200 https://registry.npmjs.org/@sigstore/sign/-/sign-4.1.1.tgz 2736ms (cache miss)
3556 http fetch GET 200 https://registry.npmjs.org/@nodelib/fs.walk/-/fs.walk-1.2.8.tgz 2737ms (cache miss)
3557 http fetch GET 200 https://registry.npmjs.org/npm-bundled/-/npm-bundled-5.0.0.tgz 2736ms (cache miss)
3558 http fetch GET 200 https://registry.npmjs.org/npm-normalize-package-bin/-/npm-normalize-package-bin-5.0.0.tgz 2737ms (cache miss)
3559 http fetch GET 200 https://registry.npmjs.org/jake/-/jake-10.9.4.tgz 2756ms (cache miss)
3560 http fetch GET 200 https://registry.npmjs.org/walk-up-path/-/walk-up-path-4.0.0.tgz 2742ms (cache miss)
3561 http fetch GET 200 https://registry.npmjs.org/treeverse/-/treeverse-3.0.0.tgz 2749ms (cache miss)
3562 http fetch GET 200 https://registry.npmjs.org/proggy/-/proggy-4.0.0.tgz 2756ms (cache miss)
3563 http fetch GET 200 https://registry.npmjs.org/ssri/-/ssri-13.0.1.tgz 2763ms (cache miss)
3564 http fetch GET 200 https://registry.npmjs.org/proc-log/-/proc-log-6.1.0.tgz 2929ms (cache miss)
3565 http fetch GET 200 https://registry.npmjs.org/@sigstore/protobuf-specs/-/protobuf-specs-0.5.0.tgz 3047ms (cache miss)
3566 http fetch GET 200 https://registry.npmjs.org/promise-call-limit/-/promise-call-limit-3.0.2.tgz 3023ms (cache miss)
3567 http fetch GET 200 https://registry.npmjs.org/parse-conflict-json/-/parse-conflict-json-5.0.1.tgz 3038ms (cache miss)
3568 http fetch GET 200 https://registry.npmjs.org/nopt/-/nopt-9.0.0.tgz 3043ms (cache miss)
3569 http fetch GET 200 https://registry.npmjs.org/minipass/-/minipass-7.1.3.tgz 3061ms (cache miss)
3570 http fetch GET 200 https://registry.npmjs.org/npm-registry-fetch/-/npm-registry-fetch-19.1.1.tgz 3050ms (cache miss)
3571 http fetch GET 200 https://registry.npmjs.org/npm-install-checks/-/npm-install-checks-8.0.0.tgz 3052ms (cache miss)
3572 http fetch GET 200 https://registry.npmjs.org/npm-package-arg/-/npm-package-arg-13.0.2.tgz 3053ms (cache miss)
3573 http fetch GET 200 https://registry.npmjs.org/@types/ejs/-/ejs-3.1.5.tgz 3076ms (cache miss)
3574 http fetch GET 200 https://registry.npmjs.org/npm-pick-manifest/-/npm-pick-manifest-11.0.3.tgz 3058ms (cache miss)
3575 http fetch GET 200 https://registry.npmjs.org/common-ancestor-path/-/common-ancestor-path-2.0.0.tgz 3063ms (cache miss)
3576 http fetch GET 200 https://registry.npmjs.org/promise-all-reject-late/-/promise-all-reject-late-1.0.1.tgz 3068ms (cache miss)
3577 http fetch GET 200 https://registry.npmjs.org/json-stringify-nice/-/json-stringify-nice-1.1.4.tgz 3068ms (cache miss)
3578 http fetch GET 200 https://registry.npmjs.org/path-scurry/-/path-scurry-2.0.2.tgz 3107ms (cache miss)
3579 http fetch GET 200 https://registry.npmjs.org/write-file-atomic/-/write-file-atomic-7.0.1.tgz 3111ms (cache miss)
3580 http fetch GET 200 https://registry.npmjs.org/@npmcli/git/-/git-7.0.2.tgz 3107ms (cache miss)
3581 http fetch GET 200 https://registry.npmjs.org/@npmcli/redact/-/redact-4.0.0.tgz 3124ms (cache miss)
3582 http fetch GET 200 https://registry.npmjs.org/pacote/-/pacote-21.5.0.tgz 3177ms (cache miss)
3583 http fetch GET 200 https://registry.npmjs.org/fast-glob/-/fast-glob-3.3.3.tgz 3194ms (cache miss)
3584 http fetch GET 200 https://registry.npmjs.org/bin-links/-/bin-links-6.0.0.tgz 3208ms (cache miss)
3585 http fetch GET 200 https://registry.npmjs.org/@npmcli/node-gyp/-/node-gyp-5.0.0.tgz 3211ms (cache miss)
3586 http fetch GET 200 https://registry.npmjs.org/@npmcli/package-json/-/package-json-7.0.5.tgz 3212ms (cache miss)
3587 http fetch GET 200 https://registry.npmjs.org/cacache/-/cacache-20.0.4.tgz 3218ms (cache miss)
3588 http fetch GET 200 https://registry.npmjs.org/@npmcli/installed-package-contents/-/installed-package-contents-4.0.0.tgz 3216ms (cache miss)
3589 http fetch GET 200 https://registry.npmjs.org/postcss-selector-parser/-/postcss-selector-parser-7.1.1.tgz 3231ms (cache miss)
3590 http fetch GET 200 https://registry.npmjs.org/@gar/promise-retry/-/promise-retry-1.0.3.tgz 3260ms (cache miss)
3591 http fetch GET 200 https://registry.npmjs.org/@isaacs/string-locale-compare/-/string-locale-compare-1.1.0.tgz 3414ms (cache miss)
3592 http fetch GET 200 https://registry.npmjs.org/@npmcli/fs/-/fs-5.0.0.tgz 3415ms (cache miss)
3593 http fetch GET 200 https://registry.npmjs.org/@npmcli/run-script/-/run-script-10.0.4.tgz 3419ms (cache miss)
3594 http fetch GET 200 https://registry.npmjs.org/@npmcli/name-from-folder/-/name-from-folder-4.0.0.tgz 3430ms (cache miss)
3595 http fetch GET 200 https://registry.npmjs.org/@npmcli/query/-/query-5.0.0.tgz 3456ms (cache miss)
3596 http fetch GET 200 https://registry.npmjs.org/textextensions/-/textextensions-6.11.0.tgz 3451ms (cache miss)
3597 http fetch GET 200 https://registry.npmjs.org/@npmcli/metavuln-calculator/-/metavuln-calculator-9.0.3.tgz 3477ms (cache miss)
3598 http fetch GET 200 https://registry.npmjs.org/pretty-bytes/-/pretty-bytes-7.1.0.tgz 3478ms (cache miss)
3599 http fetch GET 200 https://registry.npmjs.org/ms/-/ms-2.1.3.tgz 3482ms (cache miss)
3600 http fetch GET 200 https://registry.npmjs.org/env-paths/-/env-paths-3.0.0.tgz 3484ms (cache miss)
3601 http fetch GET 200 https://registry.npmjs.org/p-transform/-/p-transform-5.0.1.tgz 3515ms (cache miss)
3602 http fetch GET 200 https://registry.npmjs.org/@npmcli/map-workspaces/-/map-workspaces-5.0.3.tgz 3554ms (cache miss)
3603 http fetch GET 200 https://registry.npmjs.org/cli-table/-/cli-table-0.3.11.tgz 3599ms (cache miss)
3604 http fetch GET 200 https://registry.npmjs.org/binary-extensions/-/binary-extensions-3.1.0.tgz 3620ms (cache miss)
3605 http fetch GET 200 https://registry.npmjs.org/slash/-/slash-5.1.0.tgz 3633ms (cache miss)
3606 http fetch GET 200 https://registry.npmjs.org/which-package-manager/-/which-package-manager-1.0.1.tgz 3639ms (cache miss)
3607 http fetch GET 200 https://registry.npmjs.org/dateformat/-/dateformat-5.0.3.tgz 3641ms (cache miss)
3608 http fetch GET 200 https://registry.npmjs.org/locate-path/-/locate-path-8.0.0.tgz 3641ms (cache miss)
3609 http fetch GET 200 https://registry.npmjs.org/untildify/-/untildify-6.0.0.tgz 3653ms (cache miss)
3610 http fetch GET 200 https://registry.npmjs.org/grouped-queue/-/grouped-queue-2.1.0.tgz 3666ms (cache miss)
3611 http fetch GET 200 https://registry.npmjs.org/fly-import/-/fly-import-1.0.0.tgz 3671ms (cache miss)
3612 http fetch GET 200 https://registry.npmjs.org/globby/-/globby-16.1.1.tgz 3683ms (cache miss)
3613 http fetch GET 200 https://registry.npmjs.org/debug/-/debug-4.4.3.tgz 3703ms (cache miss)
3614 http fetch GET 200 https://registry.npmjs.org/arrify/-/arrify-3.0.0.tgz 3717ms (cache miss)
3615 http fetch GET 200 https://registry.npmjs.org/mem-fs/-/mem-fs-4.1.4.tgz 3728ms (cache miss)
3616 http fetch GET 200 https://registry.npmjs.org/isbinaryfile/-/isbinaryfile-5.0.7.tgz 3735ms (cache miss)
3617 http fetch GET 200 https://registry.npmjs.org/colors/-/colors-1.0.3.tgz 3822ms (cache miss)
3618 http fetch GET 200 https://registry.npmjs.org/concat-map/-/concat-map-0.0.1.tgz 3873ms (cache miss)
3619 http fetch GET 200 https://registry.npmjs.org/foreachasync/-/foreachasync-3.0.0.tgz 3876ms (cache miss)
3620 http fetch GET 200 https://registry.npmjs.org/balanced-match/-/balanced-match-1.0.2.tgz 3875ms (cache miss)
3621 http fetch GET 200 https://registry.npmjs.org/commander/-/commander-14.0.3.tgz 3881ms (cache miss)
3622 http fetch GET 200 https://registry.npmjs.org/minimatch/-/minimatch-3.0.8.tgz 3880ms (cache miss)
3623 http fetch GET 200 https://registry.npmjs.org/convert-hrtime/-/convert-hrtime-5.0.0.tgz 3883ms (cache miss)
3624 http fetch GET 200 https://registry.npmjs.org/walk/-/walk-2.3.15.tgz 3884ms (cache miss)
3625 http fetch GET 200 https://registry.npmjs.org/brace-expansion/-/brace-expansion-1.1.12.tgz 3885ms (cache miss)
3626 http fetch GET 200 https://registry.npmjs.org/p-event/-/p-event-6.0.1.tgz 3888ms (cache miss)
3627 http fetch GET 200 https://registry.npmjs.org/@yeoman/transform/-/transform-2.1.0.tgz 3929ms (cache miss)
3628 http fetch GET 200 https://registry.npmjs.org/@yeoman/namespace/-/namespace-1.0.1.tgz 3987ms (cache miss)
3629 http fetch GET 200 https://registry.npmjs.org/web-worker/-/web-worker-1.5.0.tgz 4084ms (cache miss)
3630 http fetch GET 200 https://registry.npmjs.org/semver-regex/-/semver-regex-4.0.5.tgz 4084ms (cache miss)
3631 http fetch GET 200 https://registry.npmjs.org/find-versions/-/find-versions-6.0.0.tgz 4088ms (cache miss)
3632 http fetch GET 200 https://registry.npmjs.org/function-timeout/-/function-timeout-1.0.2.tgz 4089ms (cache miss)
3633 http fetch GET 200 https://registry.npmjs.org/semver-truncate/-/semver-truncate-3.0.0.tgz 4091ms (cache miss)
3634 http fetch GET 200 https://registry.npmjs.org/make-asynchronous/-/make-asynchronous-1.1.0.tgz 4103ms (cache miss)
3635 http fetch GET 200 https://registry.npmjs.org/time-span/-/time-span-5.1.0.tgz 4103ms (cache miss)
3636 http fetch GET 200 https://registry.npmjs.org/super-regex/-/super-regex-1.1.0.tgz 4167ms (cache miss)
3637 http fetch GET 200 https://registry.npmjs.org/@yeoman/conflicter/-/conflicter-4.0.1.tgz 4173ms (cache miss)
3638 http fetch GET 200 https://registry.npmjs.org/binary-version/-/binary-version-7.1.0.tgz 4197ms (cache miss)
3639 http fetch GET 200 https://registry.npmjs.org/mem-fs-editor/-/mem-fs-editor-12.0.3.tgz 4386ms (cache miss)
3640 http fetch GET 200 https://registry.npmjs.org/binary-version-check/-/binary-version-check-6.1.0.tgz 4447ms (cache miss)
3641 http fetch GET 200 https://registry.npmjs.org/supports-color/-/supports-color-9.4.0.tgz 4449ms (cache miss)
3642 http fetch GET 200 https://registry.npmjs.org/async/-/async-3.2.6.tgz 4526ms (cache miss)
3643 http fetch GET 200 https://registry.npmjs.org/spdx-expression-parse/-/spdx-expression-parse-3.0.1.tgz 4729ms (cache miss)
3644 http fetch GET 200 https://registry.npmjs.org/spdx-exceptions/-/spdx-exceptions-2.5.0.tgz 4730ms (cache miss)
3645 http fetch GET 200 https://registry.npmjs.org/is-path-inside/-/is-path-inside-4.0.0.tgz 4730ms (cache miss)
3646 http fetch GET 200 https://registry.npmjs.org/escape-goat/-/escape-goat-4.0.0.tgz 4731ms (cache miss)
3647 http fetch GET 200 https://registry.npmjs.org/is-wsl/-/is-wsl-3.1.1.tgz 4753ms (cache miss)
3648 http fetch GET 200 https://registry.npmjs.org/spdx-correct/-/spdx-correct-3.2.0.tgz 4750ms (cache miss)
3649 http fetch GET 200 https://registry.npmjs.org/global-directory/-/global-directory-4.0.1.tgz 4752ms (cache miss)
3650 http fetch GET 200 https://registry.npmjs.org/ansi-styles/-/ansi-styles-6.2.3.tgz 4775ms (cache miss)
3651 http fetch GET 200 https://registry.npmjs.org/isexe/-/isexe-2.0.0.tgz 4775ms (cache miss)
3652 http fetch GET 200 https://registry.npmjs.org/spdx-license-ids/-/spdx-license-ids-3.0.23.tgz 4775ms (cache miss)
3653 http fetch GET 200 https://registry.npmjs.org/cli-boxes/-/cli-boxes-3.0.0.tgz 4784ms (cache miss)
3654 http fetch GET 200 https://registry.npmjs.org/wrap-ansi/-/wrap-ansi-9.0.2.tgz 4797ms (cache miss)
3655 http fetch GET 200 https://registry.npmjs.org/ansi-align/-/ansi-align-3.0.1.tgz 4796ms (cache miss)
3656 http fetch GET 200 https://registry.npmjs.org/camelcase/-/camelcase-8.0.0.tgz 4797ms (cache miss)
3657 http fetch GET 200 https://registry.npmjs.org/widest-line/-/widest-line-5.0.0.tgz 4797ms (cache miss)
3658 http fetch GET 200 https://registry.npmjs.org/pupa/-/pupa-3.3.0.tgz 4808ms (cache miss)
3659 http fetch GET 200 https://registry.npmjs.org/tagged-tag/-/tagged-tag-1.0.0.tgz 4811ms (cache miss)
3660 http fetch GET 200 https://registry.npmjs.org/latest-version/-/latest-version-9.0.0.tgz 4813ms (cache miss)
3661 http fetch GET 200 https://registry.npmjs.org/is-npm/-/is-npm-6.1.0.tgz 4813ms (cache miss)
3662 http fetch GET 200 https://registry.npmjs.org/is-installed-globally/-/is-installed-globally-1.0.0.tgz 4814ms (cache miss)
3663 http fetch GET 200 https://registry.npmjs.org/boxen/-/boxen-8.0.1.tgz 4815ms (cache miss)
3664 http fetch GET 200 https://registry.npmjs.org/strip-ansi/-/strip-ansi-7.2.0.tgz 4819ms (cache miss)
3665 http fetch GET 200 https://registry.npmjs.org/is-in-ci/-/is-in-ci-1.0.0.tgz 4821ms (cache miss)
3666 http fetch GET 200 https://registry.npmjs.org/get-east-asian-width/-/get-east-asian-width-1.5.0.tgz 4820ms (cache miss)
3667 http fetch GET 200 https://registry.npmjs.org/stubborn-utils/-/stubborn-utils-1.0.2.tgz 4822ms (cache miss)
3668 http fetch GET 200 https://registry.npmjs.org/ansi-regex/-/ansi-regex-6.2.2.tgz 4881ms (cache miss)
3669 http fetch GET 200 https://registry.npmjs.org/is-root/-/is-root-3.0.0.tgz 4889ms (cache miss)
3670 http fetch GET 200 https://registry.npmjs.org/shebang-regex/-/shebang-regex-3.0.0.tgz 4890ms (cache miss)
3671 http fetch GET 200 https://registry.npmjs.org/downgrade-root/-/downgrade-root-2.0.0.tgz 4890ms (cache miss)
3672 http fetch GET 200 https://registry.npmjs.org/es-errors/-/es-errors-1.3.0.tgz 4896ms (cache miss)
3673 http fetch GET 200 https://registry.npmjs.org/default-uid/-/default-uid-2.0.0.tgz 4898ms (cache miss)
3674 http fetch GET 200 https://registry.npmjs.org/sudo-block/-/sudo-block-4.0.0.tgz 4898ms (cache miss)
3675 http fetch GET 200 https://registry.npmjs.org/es-define-property/-/es-define-property-1.0.1.tgz 4914ms (cache miss)
3676 http fetch GET 200 https://registry.npmjs.org/object-keys/-/object-keys-1.1.1.tgz 4914ms (cache miss)
3677 http fetch GET 200 https://registry.npmjs.org/gopd/-/gopd-1.2.0.tgz 4914ms (cache miss)
3678 http fetch GET 200 https://registry.npmjs.org/define-properties/-/define-properties-1.2.1.tgz 4919ms (cache miss)
3679 http fetch GET 200 https://registry.npmjs.org/json-stringify-safe/-/json-stringify-safe-5.0.1.tgz 4919ms (cache miss)
3680 http fetch GET 200 https://registry.npmjs.org/has-property-descriptors/-/has-property-descriptors-1.0.2.tgz 4943ms (cache miss)
3681 http fetch GET 200 https://registry.npmjs.org/define-data-property/-/define-data-property-1.1.4.tgz 5035ms (cache miss)
3682 http fetch GET 200 https://registry.npmjs.org/glob/-/glob-13.0.6.tgz 5103ms (cache miss)
3683 http fetch GET 200 https://registry.npmjs.org/tslib/-/tslib-2.8.1.tgz 5072ms (cache miss)
3684 http fetch GET 200 https://registry.npmjs.org/sprintf-js/-/sprintf-js-1.1.3.tgz 5070ms (cache miss)
3685 http fetch GET 200 https://registry.npmjs.org/semver-compare/-/semver-compare-1.0.0.tgz 5077ms (cache miss)
3686 http fetch GET 200 https://registry.npmjs.org/detect-node/-/detect-node-2.1.0.tgz 5077ms (cache miss)
3687 http fetch GET 200 https://registry.npmjs.org/globalthis/-/globalthis-1.0.4.tgz 5082ms (cache miss)
3688 http fetch GET 200 https://registry.npmjs.org/proto-list/-/proto-list-1.2.4.tgz 5085ms (cache miss)
3689 http fetch GET 200 https://registry.npmjs.org/picocolors/-/picocolors-1.1.1.tgz 5129ms (cache miss)
3690 http fetch GET 200 https://registry.npmjs.org/index-to-position/-/index-to-position-1.2.0.tgz 5129ms (cache miss)
3691 http fetch GET 200 https://registry.npmjs.org/@babel/code-frame/-/code-frame-7.29.0.tgz 5132ms (cache miss)
3692 http fetch GET 200 https://registry.npmjs.org/@babel/helper-validator-identifier/-/helper-validator-identifier-7.28.5.tgz 5134ms (cache miss)
3693 http fetch GET 200 https://registry.npmjs.org/js-tokens/-/js-tokens-4.0.0.tgz 5135ms (cache miss)
3694 http fetch GET 200 https://registry.npmjs.org/@pnpm/config.env-replace/-/config.env-replace-1.1.0.tgz 5137ms (cache miss)
3695 http fetch GET 200 https://registry.npmjs.org/config-chain/-/config-chain-1.1.13.tgz 5138ms (cache miss)
3696 http fetch GET 200 https://registry.npmjs.org/parse-json/-/parse-json-8.3.0.tgz 5137ms (cache miss)
3697 http fetch GET 200 https://registry.npmjs.org/validate-npm-package-license/-/validate-npm-package-license-3.0.4.tgz 5139ms (cache miss)
3698 http fetch GET 200 https://registry.npmjs.org/unicorn-magic/-/unicorn-magic-0.4.0.tgz 5139ms (cache miss)
3699 http fetch GET 200 https://registry.npmjs.org/hosted-git-info/-/hosted-git-info-9.0.2.tgz 5141ms (cache miss)
3700 http fetch GET 200 https://registry.npmjs.org/@types/normalize-package-data/-/normalize-package-data-2.4.4.tgz 5142ms (cache miss)
3701 http fetch GET 200 https://registry.npmjs.org/read-pkg/-/read-pkg-10.1.0.tgz 5151ms (cache miss)
3702 http fetch GET 200 https://registry.npmjs.org/find-up-simple/-/find-up-simple-1.0.1.tgz 5184ms (cache miss)
3703 http fetch GET 200 https://registry.npmjs.org/normalize-package-data/-/normalize-package-data-8.0.0.tgz 5185ms (cache miss)
3704 http fetch GET 200 https://registry.npmjs.org/@npmcli/arborist/-/arborist-9.4.2.tgz 5314ms (cache miss)
3705 http fetch GET 200 https://registry.npmjs.org/@pnpm/network.ca-file/-/network.ca-file-1.0.2.tgz 5307ms (cache miss)
3706 http fetch GET 200 https://registry.npmjs.org/is-regexp/-/is-regexp-3.1.0.tgz 5329ms (cache miss)
3707 http fetch GET 200 https://registry.npmjs.org/minimist/-/minimist-1.2.8.tgz 5331ms (cache miss)
3708 http fetch GET 200 https://registry.npmjs.org/@pnpm/npm-conf/-/npm-conf-3.0.2.tgz 5335ms (cache miss)
3709 http fetch GET 200 https://registry.npmjs.org/execall/-/execall-3.0.0.tgz 5330ms (cache miss)
3710 http fetch GET 200 https://registry.npmjs.org/indent-string/-/indent-string-5.0.0.tgz 5330ms (cache miss)
3711 http fetch GET 200 https://registry.npmjs.org/clean-stack/-/clean-stack-4.2.0.tgz 5333ms (cache miss)
3712 http fetch GET 200 https://registry.npmjs.org/clone-regexp/-/clone-regexp-3.0.0.tgz 5335ms (cache miss)
3713 http fetch GET 200 https://registry.npmjs.org/aggregate-error/-/aggregate-error-4.0.1.tgz 5334ms (cache miss)
3714 http fetch GET 200 https://registry.npmjs.org/registry-auth-token/-/registry-auth-token-5.1.1.tgz 5343ms (cache miss)
3715 http fetch GET 200 https://registry.npmjs.org/p-some/-/p-some-6.0.0.tgz 5375ms (cache miss)
3716 http fetch GET 200 https://registry.npmjs.org/eventemitter3/-/eventemitter3-5.0.4.tgz 5375ms (cache miss)
3717 http fetch GET 200 https://registry.npmjs.org/p-timeout/-/p-timeout-7.0.1.tgz 5376ms (cache miss)
3718 http fetch GET 200 https://registry.npmjs.org/restore-cursor/-/restore-cursor-5.1.0.tgz 5377ms (cache miss)
3719 http fetch GET 200 https://registry.npmjs.org/string-width/-/string-width-8.2.0.tgz 5380ms (cache miss)
3720 http fetch GET 200 https://registry.npmjs.org/p-cancelable/-/p-cancelable-3.0.0.tgz 5380ms (cache miss)
3721 http fetch GET 200 https://registry.npmjs.org/cli-spinners/-/cli-spinners-3.4.0.tgz 5375ms (cache miss)
3722 http fetch GET 200 https://registry.npmjs.org/cli-cursor/-/cli-cursor-5.0.0.tgz 5375ms (cache miss)
3723 http fetch GET 200 https://registry.npmjs.org/is-docker/-/is-docker-3.0.0.tgz 5377ms (cache miss)
3724 http fetch GET 200 https://registry.npmjs.org/is-interactive/-/is-interactive-2.0.0.tgz 5379ms (cache miss)
3725 http fetch GET 200 https://registry.npmjs.org/run-applescript/-/run-applescript-7.1.0.tgz 5378ms (cache miss)
3726 http fetch GET 200 https://registry.npmjs.org/default-browser-id/-/default-browser-id-5.0.1.tgz 5379ms (cache miss)
3727 http fetch GET 200 https://registry.npmjs.org/stdin-discarder/-/stdin-discarder-0.3.1.tgz 5389ms (cache miss)
3728 http fetch GET 200 https://registry.npmjs.org/bundle-name/-/bundle-name-4.1.0.tgz 5392ms (cache miss)
3729 http fetch GET 200 https://registry.npmjs.org/twig/-/twig-1.17.1.tgz 5450ms (cache miss)
3730 http fetch GET 200 https://registry.npmjs.org/default-browser/-/default-browser-5.5.0.tgz 5586ms (cache miss)
3731 http fetch GET 200 https://registry.npmjs.org/p-is-promise/-/p-is-promise-2.1.0.tgz 5587ms (cache miss)
3732 http fetch GET 200 https://registry.npmjs.org/mimic-fn/-/mimic-fn-2.1.0.tgz 5588ms (cache miss)
3733 http fetch GET 200 https://registry.npmjs.org/registry-url/-/registry-url-6.0.1.tgz 5590ms (cache miss)
3734 http fetch GET 200 https://registry.npmjs.org/is-inside-container/-/is-inside-container-1.0.0.tgz 5592ms (cache miss)
3735 http fetch GET 200 https://registry.npmjs.org/map-age-cleaner/-/map-age-cleaner-0.1.3.tgz 5588ms (cache miss)
3736 http fetch GET 200 https://registry.npmjs.org/p-defer/-/p-defer-1.0.0.tgz 5590ms (cache miss)
3737 http fetch GET 200 https://registry.npmjs.org/define-lazy-prop/-/define-lazy-prop-3.0.0.tgz 5592ms (cache miss)
3738 http fetch GET 200 https://registry.npmjs.org/powershell-utils/-/powershell-utils-0.1.0.tgz 5594ms (cache miss)
3739 http fetch GET 200 https://registry.npmjs.org/is-in-ssh/-/is-in-ssh-1.0.0.tgz 5594ms (cache miss)
3740 http fetch GET 200 https://registry.npmjs.org/wsl-utils/-/wsl-utils-0.3.1.tgz 5597ms (cache miss)
3741 http fetch GET 200 https://registry.npmjs.org/yoctocolors/-/yoctocolors-2.1.2.tgz 5595ms (cache miss)
3742 http fetch GET 200 https://registry.npmjs.org/escape-string-regexp/-/escape-string-regexp-4.0.0.tgz 5595ms (cache miss)
3743 http fetch GET 200 https://registry.npmjs.org/run-async/-/run-async-4.0.6.tgz 5605ms (cache miss)
3744 http fetch GET 200 https://registry.npmjs.org/node-gyp/-/node-gyp-12.2.0.tgz 5680ms (cache miss)
3745 http fetch GET 200 https://registry.npmjs.org/serialize-error/-/serialize-error-7.0.1.tgz 5672ms (cache miss)
3746 http fetch GET 200 https://registry.npmjs.org/decamelize/-/decamelize-6.0.1.tgz 5759ms (cache miss)
3747 http fetch GET 200 https://registry.npmjs.org/strip-final-newline/-/strip-final-newline-3.0.0.tgz 5773ms (cache miss)
3748 http fetch GET 200 https://registry.npmjs.org/es6-error/-/es6-error-4.1.1.tgz 5775ms (cache miss)
3749 http fetch GET 200 https://registry.npmjs.org/boolean/-/boolean-3.2.0.tgz 5775ms (cache miss)
3750 http fetch GET 200 https://registry.npmjs.org/onetime/-/onetime-6.0.0.tgz 5775ms (cache miss)
3751 http fetch GET 200 https://registry.npmjs.org/diff/-/diff-8.0.3.tgz 5828ms (cache miss)
3752 http fetch GET 200 https://registry.npmjs.org/is-stream/-/is-stream-3.0.0.tgz 5783ms (cache miss)
3753 http fetch GET 200 https://registry.npmjs.org/matcher/-/matcher-3.0.0.tgz 5790ms (cache miss)
3754 warn deprecated boolean@3.2.0: Package no longer supported. Contact Support at https://www.npmjs.com/support for more info.
3755 http fetch GET 200 https://registry.npmjs.org/get-stream/-/get-stream-8.0.1.tgz 6039ms (cache miss)
3756 http fetch GET 200 https://registry.npmjs.org/merge-stream/-/merge-stream-2.0.0.tgz 6040ms (cache miss)
3757 http fetch GET 200 https://registry.npmjs.org/passwd-user/-/passwd-user-4.0.0.tgz 6039ms (cache miss)
3758 http fetch GET 200 https://registry.npmjs.org/p-any/-/p-any-4.0.0.tgz 6039ms (cache miss)
3759 http fetch GET 200 https://registry.npmjs.org/mem/-/mem-5.1.1.tgz 6049ms (cache miss)
3760 http fetch GET 200 https://registry.npmjs.org/filter-obj/-/filter-obj-5.1.0.tgz 6051ms (cache miss)
3761 http fetch GET 200 https://registry.npmjs.org/fast-string-width/-/fast-string-width-3.0.2.tgz 6049ms (cache miss)
3762 http fetch GET 200 https://registry.npmjs.org/is-unicode-supported/-/is-unicode-supported-2.1.0.tgz 6052ms (cache miss)
3763 http fetch GET 200 https://registry.npmjs.org/human-signals/-/human-signals-5.0.0.tgz 6078ms (cache miss)
3764 http fetch GET 200 https://registry.npmjs.org/which/-/which-2.0.2.tgz 6083ms (cache miss)
3765 http fetch GET 200 https://registry.npmjs.org/execa/-/execa-8.0.1.tgz 6127ms (cache miss)
3766 http fetch GET 200 https://registry.npmjs.org/shebang-command/-/shebang-command-2.0.0.tgz 6152ms (cache miss)
3767 http fetch GET 200 https://registry.npmjs.org/roarr/-/roarr-2.15.4.tgz 6208ms (cache miss)
3768 http fetch GET 200 https://registry.npmjs.org/xdg-basedir/-/xdg-basedir-5.1.0.tgz 6199ms (cache miss)
3769 http fetch GET 200 https://registry.npmjs.org/is-safe-filename/-/is-safe-filename-0.1.1.tgz 6201ms (cache miss)
3770 http fetch GET 200 https://registry.npmjs.org/graceful-fs/-/graceful-fs-4.2.11.tgz 6205ms (cache miss)
3771 http fetch GET 200 https://registry.npmjs.org/dot-prop/-/dot-prop-10.1.0.tgz 6208ms (cache miss)
3772 http fetch GET 200 https://registry.npmjs.org/when-exit/-/when-exit-2.1.5.tgz 6216ms (cache miss)
3773 http fetch GET 200 https://registry.npmjs.org/stubborn-fs/-/stubborn-fs-2.0.0.tgz 6219ms (cache miss)
3774 http fetch GET 200 https://registry.npmjs.org/path-key/-/path-key-3.1.1.tgz 6220ms (cache miss)
3775 http fetch GET 200 https://registry.npmjs.org/atomically/-/atomically-2.1.1.tgz 6251ms (cache miss)
3776 http fetch GET 200 https://registry.npmjs.org/tar/-/tar-7.5.11.tgz 6353ms (cache miss)
3777 http fetch GET 200 https://registry.npmjs.org/fast-string-truncated-width/-/fast-string-truncated-width-3.0.3.tgz 6262ms (cache miss)
3778 http fetch GET 200 https://registry.npmjs.org/@inquirer/external-editor/-/external-editor-2.0.4.tgz 6261ms (cache miss)
3779 http fetch GET 200 https://registry.npmjs.org/@inquirer/rawlist/-/rawlist-5.2.6.tgz 6277ms (cache miss)
3780 http fetch GET 200 https://registry.npmjs.org/ky/-/ky-1.14.3.tgz 6306ms (cache miss)
3781 http fetch GET 200 https://registry.npmjs.org/@inquirer/editor/-/editor-5.0.10.tgz 6355ms (cache miss)
3782 http fetch GET 200 https://registry.npmjs.org/@inquirer/password/-/password-5.0.10.tgz 6357ms (cache miss)
3783 http fetch GET 200 https://registry.npmjs.org/@inquirer/number/-/number-4.0.10.tgz 6359ms (cache miss)
3784 http fetch GET 200 https://registry.npmjs.org/chardet/-/chardet-2.1.1.tgz 6363ms (cache miss)
3785 http fetch GET 200 https://registry.npmjs.org/cli-width/-/cli-width-4.1.0.tgz 6364ms (cache miss)
3786 http fetch GET 200 https://registry.npmjs.org/mute-stream/-/mute-stream-3.0.0.tgz 6368ms (cache miss)
3787 http fetch GET 200 https://registry.npmjs.org/npm-run-path/-/npm-run-path-5.3.0.tgz 6391ms (cache miss)
3788 http fetch GET 200 https://registry.npmjs.org/@inquirer/select/-/select-5.1.2.tgz 6382ms (cache miss)
3789 http fetch GET 200 https://registry.npmjs.org/@inquirer/confirm/-/confirm-6.0.10.tgz 6444ms (cache miss)
3790 http fetch GET 200 https://registry.npmjs.org/fast-wrap-ansi/-/fast-wrap-ansi-0.2.0.tgz 6450ms (cache miss)
3791 http fetch GET 200 https://registry.npmjs.org/@inquirer/search/-/search-4.1.6.tgz 6504ms (cache miss)
3792 http fetch GET 200 https://registry.npmjs.org/@inquirer/checkbox/-/checkbox-5.1.2.tgz 6515ms (cache miss)
3793 http fetch GET 200 https://registry.npmjs.org/@inquirer/input/-/input-5.0.10.tgz 6527ms (cache miss)
3794 http fetch GET 200 https://registry.npmjs.org/ora/-/ora-9.3.0.tgz 6527ms (cache miss)
3795 http fetch GET 200 https://registry.npmjs.org/text-table/-/text-table-0.2.0.tgz 6531ms (cache miss)
3796 http fetch GET 200 https://registry.npmjs.org/@inquirer/figures/-/figures-2.0.4.tgz 6534ms (cache miss)
3797 http fetch GET 200 https://registry.npmjs.org/inquirer/-/inquirer-13.3.2.tgz 6534ms (cache miss)
3798 http fetch GET 200 https://registry.npmjs.org/@inquirer/expand/-/expand-5.0.10.tgz 6542ms (cache miss)
3799 http fetch GET 200 https://registry.npmjs.org/p-queue/-/p-queue-9.1.0.tgz 6551ms (cache miss)
3800 http fetch GET 200 https://registry.npmjs.org/@inquirer/type/-/type-4.0.4.tgz 6626ms (cache miss)
3801 http fetch GET 200 https://registry.npmjs.org/yosay/-/yosay-3.0.0.tgz 6665ms (cache miss)
3802 http fetch GET 200 https://registry.npmjs.org/update-notifier/-/update-notifier-7.3.1.tgz 6682ms (cache miss)
3803 http fetch GET 200 https://registry.npmjs.org/yeoman-doctor/-/yeoman-doctor-6.0.0.tgz 6830ms (cache miss)
3804 http fetch GET 200 https://registry.npmjs.org/yeoman-character/-/yeoman-character-2.0.0.tgz 6847ms (cache miss)
3805 http fetch GET 200 https://registry.npmjs.org/titleize/-/titleize-4.0.0.tgz 6857ms (cache miss)
3806 http fetch GET 200 https://registry.npmjs.org/string-length/-/string-length-7.0.1.tgz 6907ms (cache miss)
3807 http fetch GET 200 https://registry.npmjs.org/log-symbols/-/log-symbols-7.0.1.tgz 6941ms (cache miss)
3808 http fetch GET 200 https://registry.npmjs.org/@inquirer/ansi/-/ansi-2.0.4.tgz 6963ms (cache miss)
3809 http fetch GET 200 https://registry.npmjs.org/sort-on/-/sort-on-7.0.0.tgz 6968ms (cache miss)
3810 http fetch GET 200 https://registry.npmjs.org/root-check/-/root-check-2.0.0.tgz 7024ms (cache miss)
3811 http fetch GET 200 https://registry.npmjs.org/read-package-up/-/read-package-up-12.0.0.tgz 7028ms (cache miss)
3812 http fetch GET 200 https://registry.npmjs.org/parse-help/-/parse-help-2.0.0.tgz 7049ms (cache miss)
3813 http fetch GET 200 https://registry.npmjs.org/npm-keyword/-/npm-keyword-8.0.0.tgz 7070ms (cache miss)
3814 http fetch GET 200 https://registry.npmjs.org/@inquirer/prompts/-/prompts-8.3.2.tgz 7078ms (cache miss)
3815 http fetch GET 200 https://registry.npmjs.org/figures/-/figures-6.1.0.tgz 7080ms (cache miss)
3816 http fetch GET 200 https://registry.npmjs.org/fullname/-/fullname-5.0.0.tgz 7081ms (cache miss)
3817 http fetch GET 200 https://registry.npmjs.org/open/-/open-11.0.0.tgz 7085ms (cache miss)
3818 http fetch GET 200 https://registry.npmjs.org/humanize-string/-/humanize-string-3.1.0.tgz 7083ms (cache miss)
3819 http fetch GET 200 https://registry.npmjs.org/cross-spawn/-/cross-spawn-7.0.6.tgz 7081ms (cache miss)
3820 http fetch GET 200 https://registry.npmjs.org/configstore/-/configstore-8.0.0.tgz 7081ms (cache miss)
3821 http fetch GET 200 https://registry.npmjs.org/package-json/-/package-json-10.0.1.tgz 7130ms (cache miss)
3822 http fetch GET 200 https://registry.npmjs.org/undici-types/-/undici-types-7.18.2.tgz 7260ms (cache miss)
3823 http fetch GET 200 https://registry.npmjs.org/cli-list/-/cli-list-1.0.0.tgz 7252ms (cache miss)
3824 http fetch GET 200 https://registry.npmjs.org/chalk/-/chalk-5.6.2.tgz 7275ms (cache miss)
3825 http fetch GET 200 https://registry.npmjs.org/balanced-match/-/balanced-match-4.0.4.tgz 7293ms (cache miss)
3826 http fetch GET 200 https://registry.npmjs.org/brace-expansion/-/brace-expansion-5.0.4.tgz 7315ms (cache miss)
3827 http fetch GET 200 https://registry.npmjs.org/unicorn-magic/-/unicorn-magic-0.1.0.tgz 7332ms (cache miss)
3828 http fetch GET 200 https://registry.npmjs.org/balanced-match/-/balanced-match-4.0.4.tgz 7339ms (cache miss)
3829 http fetch GET 200 https://registry.npmjs.org/brace-expansion/-/brace-expansion-2.0.2.tgz 7339ms (cache miss)
3830 http fetch GET 200 https://registry.npmjs.org/minimatch/-/minimatch-5.1.9.tgz 7339ms (cache miss)
3831 http fetch GET 200 https://registry.npmjs.org/locate-path/-/locate-path-7.2.0.tgz 7370ms (cache miss)
3832 http fetch GET 200 https://registry.npmjs.org/brace-expansion/-/brace-expansion-5.0.4.tgz 7368ms (cache miss)
3833 http fetch GET 200 https://registry.npmjs.org/fdir/-/fdir-6.5.0.tgz 7368ms (cache miss)
3834 http fetch GET 200 https://registry.npmjs.org/brace-expansion/-/brace-expansion-5.0.4.tgz 7372ms (cache miss)
3835 http fetch GET 200 https://registry.npmjs.org/yallist/-/yallist-4.0.0.tgz 7375ms (cache miss)
3836 http fetch GET 200 https://registry.npmjs.org/@inquirer/core/-/core-11.1.7.tgz 7483ms (cache miss)
3837 http fetch GET 200 https://registry.npmjs.org/balanced-match/-/balanced-match-4.0.4.tgz 7476ms (cache miss)
3838 http fetch GET 200 https://registry.npmjs.org/yeoman-environment/-/yeoman-environment-6.0.0.tgz 7504ms (cache miss)
3839 http fetch GET 200 https://registry.npmjs.org/meow/-/meow-14.1.0.tgz 7509ms (cache miss)
3840 http fetch GET 200 https://registry.npmjs.org/ini/-/ini-6.0.0.tgz 7688ms (cache miss)
3841 http fetch GET 200 https://registry.npmjs.org/which/-/which-6.0.1.tgz 7691ms (cache miss)
3842 http fetch GET 200 https://registry.npmjs.org/minipass/-/minipass-3.3.6.tgz 7692ms (cache miss)
3843 http fetch GET 200 https://registry.npmjs.org/env-paths/-/env-paths-2.2.1.tgz 7694ms (cache miss)
3844 http fetch GET 200 https://registry.npmjs.org/yallist/-/yallist-4.0.0.tgz 7705ms (cache miss)
3845 http fetch GET 200 https://registry.npmjs.org/which/-/which-6.0.1.tgz 7739ms (cache miss)
3846 http fetch GET 200 https://registry.npmjs.org/which/-/which-6.0.1.tgz 7740ms (cache miss)
3847 http fetch GET 200 https://registry.npmjs.org/minipass/-/minipass-3.3.6.tgz 7744ms (cache miss)
3848 http fetch GET 200 https://registry.npmjs.org/isexe/-/isexe-4.0.0.tgz 7751ms (cache miss)
3849 http fetch GET 200 https://registry.npmjs.org/yo/-/yo-7.0.0.tgz 7821ms (cache miss)
3850 http fetch GET 200 https://registry.npmjs.org/brace-expansion/-/brace-expansion-5.0.4.tgz 7841ms (cache miss)
3851 http fetch GET 200 https://registry.npmjs.org/brace-expansion/-/brace-expansion-5.0.4.tgz 7840ms (cache miss)
3852 http fetch GET 200 https://registry.npmjs.org/balanced-match/-/balanced-match-4.0.4.tgz 7843ms (cache miss)
3853 http fetch GET 200 https://registry.npmjs.org/brace-expansion/-/brace-expansion-5.0.4.tgz 7844ms (cache miss)
3854 http fetch GET 200 https://registry.npmjs.org/spdx-expression-parse/-/spdx-expression-parse-4.0.0.tgz 7844ms (cache miss)
3855 http fetch GET 200 https://registry.npmjs.org/p-queue/-/p-queue-8.1.1.tgz 7851ms (cache miss)
3856 http fetch GET 200 https://registry.npmjs.org/p-timeout/-/p-timeout-6.1.4.tgz 7870ms (cache miss)
3857 http fetch GET 200 https://registry.npmjs.org/balanced-match/-/balanced-match-4.0.4.tgz 7970ms (cache miss)
3858 http fetch GET 200 https://registry.npmjs.org/balanced-match/-/balanced-match-4.0.4.tgz 7974ms (cache miss)
3859 http fetch GET 200 https://registry.npmjs.org/balanced-match/-/balanced-match-4.0.4.tgz 7973ms (cache miss)
3860 http fetch GET 200 https://registry.npmjs.org/brace-expansion/-/brace-expansion-2.0.2.tgz 8026ms (cache miss)
3861 http fetch GET 200 https://registry.npmjs.org/ini/-/ini-4.1.1.tgz 8027ms (cache miss)
3862 http fetch GET 200 https://registry.npmjs.org/brace-expansion/-/brace-expansion-5.0.4.tgz 8039ms (cache miss)
3863 http fetch GET 200 https://registry.npmjs.org/emoji-regex/-/emoji-regex-10.6.0.tgz 8034ms (cache miss)
3864 http fetch GET 200 https://registry.npmjs.org/ini/-/ini-5.0.0.tgz 8055ms (cache miss)
3865 http fetch GET 200 https://registry.npmjs.org/balanced-match/-/balanced-match-4.0.4.tgz 8075ms (cache miss)
3866 http fetch GET 200 https://registry.npmjs.org/registry-url/-/registry-url-7.2.0.tgz 8097ms (cache miss)
3867 http fetch GET 200 https://registry.npmjs.org/p-timeout/-/p-timeout-6.1.4.tgz 8124ms (cache miss)
3868 http fetch GET 200 https://registry.npmjs.org/isexe/-/isexe-4.0.0.tgz 8179ms (cache miss)
3869 http fetch GET 200 https://registry.npmjs.org/isexe/-/isexe-4.0.0.tgz 8184ms (cache miss)
3870 http fetch GET 200 https://registry.npmjs.org/brace-expansion/-/brace-expansion-5.0.4.tgz 8172ms (cache miss)
3871 http fetch GET 200 https://registry.npmjs.org/emoji-regex/-/emoji-regex-10.6.0.tgz 8203ms (cache miss)
3872 http fetch GET 200 https://registry.npmjs.org/emoji-regex/-/emoji-regex-10.6.0.tgz 8202ms (cache miss)
3873 http fetch GET 200 https://registry.npmjs.org/string-width/-/string-width-7.2.0.tgz 8213ms (cache miss)
3874 http fetch GET 200 https://registry.npmjs.org/strip-ansi/-/strip-ansi-6.0.1.tgz 8228ms (cache miss)
3875 http fetch GET 200 https://registry.npmjs.org/string-width/-/string-width-4.2.3.tgz 8227ms (cache miss)
3876 http fetch GET 200 https://registry.npmjs.org/ansi-styles/-/ansi-styles-4.3.0.tgz 8228ms (cache miss)
3877 http fetch GET 200 https://registry.npmjs.org/is-docker/-/is-docker-2.2.1.tgz 8227ms (cache miss)
3878 http fetch GET 200 https://registry.npmjs.org/supports-color/-/supports-color-7.2.0.tgz 8245ms (cache miss)
3879 http fetch GET 200 https://registry.npmjs.org/string-width/-/string-width-7.2.0.tgz 8250ms (cache miss)
3880 http fetch GET 200 https://registry.npmjs.org/string-width/-/string-width-7.2.0.tgz 8253ms (cache miss)
3881 http fetch GET 200 https://registry.npmjs.org/global-agent/-/global-agent-3.0.0.tgz 8369ms (cache miss)
3882 http fetch GET 200 https://registry.npmjs.org/chalk/-/chalk-4.1.2.tgz 8385ms (cache miss)
3883 http fetch GET 200 https://registry.npmjs.org/graceful-fs/-/graceful-fs-4.2.10.tgz 8395ms (cache miss)
3884 http fetch GET 200 https://registry.npmjs.org/onetime/-/onetime-7.0.0.tgz 8394ms (cache miss)
3885 http fetch GET 200 https://registry.npmjs.org/minimatch/-/minimatch-10.2.4.tgz 8455ms (cache miss)
3886 http fetch GET 200 https://registry.npmjs.org/type-fest/-/type-fest-5.5.0.tgz 8490ms (cache miss)
3887 http fetch GET 200 https://registry.npmjs.org/minimatch/-/minimatch-10.2.4.tgz 8469ms (cache miss)
3888 http fetch GET 200 https://registry.npmjs.org/path-key/-/path-key-4.0.0.tgz 8497ms (cache miss)
3889 http fetch GET 200 https://registry.npmjs.org/is-stream/-/is-stream-2.0.1.tgz 8501ms (cache miss)
3890 http fetch GET 200 https://registry.npmjs.org/mimic-fn/-/mimic-fn-4.0.0.tgz 8502ms (cache miss)
3891 http fetch GET 200 https://registry.npmjs.org/onetime/-/onetime-5.1.2.tgz 8502ms (cache miss)
3892 http fetch GET 200 https://registry.npmjs.org/strip-final-newline/-/strip-final-newline-2.0.0.tgz 8507ms (cache miss)
3893 http fetch GET 200 https://registry.npmjs.org/escape-string-regexp/-/escape-string-regexp-5.0.0.tgz 8529ms (cache miss)
3894 http fetch GET 200 https://registry.npmjs.org/npm-run-path/-/npm-run-path-4.0.1.tgz 8528ms (cache miss)
3895 http fetch GET 200 https://registry.npmjs.org/get-stream/-/get-stream-6.0.1.tgz 8616ms (cache miss)
3896 http fetch GET 200 https://registry.npmjs.org/wrap-ansi/-/wrap-ansi-8.1.0.tgz 8631ms (cache miss)
3897 http fetch GET 200 https://registry.npmjs.org/minimatch/-/minimatch-10.2.4.tgz 8672ms (cache miss)
3898 http fetch GET 200 https://registry.npmjs.org/type-fest/-/type-fest-0.13.1.tgz 8695ms (cache miss)
3899 http fetch GET 200 https://registry.npmjs.org/human-signals/-/human-signals-2.1.0.tgz 8703ms (cache miss)
3900 http fetch GET 200 https://registry.npmjs.org/string-width/-/string-width-6.1.0.tgz 8713ms (cache miss)
3901 http fetch GET 200 https://registry.npmjs.org/string-width/-/string-width-5.1.2.tgz 8710ms (cache miss)
3902 http fetch GET 200 https://registry.npmjs.org/unicorn-magic/-/unicorn-magic-0.3.0.tgz 8724ms (cache miss)
3903 http fetch GET 200 https://registry.npmjs.org/path-key/-/path-key-4.0.0.tgz 8725ms (cache miss)
3904 http fetch GET 200 https://registry.npmjs.org/emoji-regex/-/emoji-regex-9.2.2.tgz 8731ms (cache miss)
3905 http fetch GET 200 https://registry.npmjs.org/human-signals/-/human-signals-8.0.1.tgz 8725ms (cache miss)
3906 http fetch GET 200 https://registry.npmjs.org/npm-run-path/-/npm-run-path-6.0.0.tgz 8726ms (cache miss)
3907 http fetch GET 200 https://registry.npmjs.org/emoji-regex/-/emoji-regex-10.6.0.tgz 8739ms (cache miss)
3908 http fetch GET 200 https://registry.npmjs.org/execa/-/execa-5.1.1.tgz 8761ms (cache miss)
3909 http fetch GET 200 https://registry.npmjs.org/is-stream/-/is-stream-4.0.1.tgz 8777ms (cache miss)
3910 http fetch GET 200 https://registry.npmjs.org/strip-final-newline/-/strip-final-newline-4.0.0.tgz 8790ms (cache miss)
3911 http fetch GET 200 https://registry.npmjs.org/minimatch/-/minimatch-10.2.4.tgz 8819ms (cache miss)
3912 http fetch GET 200 https://registry.npmjs.org/minimatch/-/minimatch-10.2.4.tgz 8827ms (cache miss)
3913 http fetch GET 200 https://registry.npmjs.org/get-stream/-/get-stream-9.0.1.tgz 8804ms (cache miss)
3914 http fetch GET 200 https://registry.npmjs.org/@yeoman/adapter/-/adapter-4.0.2.tgz 8851ms (cache miss)
3915 http fetch GET 200 https://registry.npmjs.org/dot-prop/-/dot-prop-9.0.0.tgz 8814ms (cache miss)
3916 http fetch GET 200 https://registry.npmjs.org/configstore/-/configstore-7.1.0.tgz 8818ms (cache miss)
3917 http fetch GET 200 https://registry.npmjs.org/minimatch/-/minimatch-10.2.4.tgz 8856ms (cache miss)
3918 http fetch GET 200 https://registry.npmjs.org/minimatch/-/minimatch-10.2.4.tgz 8872ms (cache miss)
3919 http fetch GET 200 https://registry.npmjs.org/minimatch/-/minimatch-9.0.9.tgz 8913ms (cache miss)
3920 http fetch GET 200 https://registry.npmjs.org/minimatch 8634ms (cache miss)
3921 silly packumentCache corgi:https://registry.npmjs.org/minimatch set size:undefined disposed:false
3922 http fetch GET 200 https://registry.npmjs.org/minimatch/-/minimatch-10.2.4.tgz 8961ms (cache miss)
3923 http fetch GET 200 https://registry.npmjs.org/meow/-/meow-12.1.1.tgz 8957ms (cache miss)
3924 http fetch GET 200 https://registry.npmjs.org/locutus 8720ms (cache miss)
3925 silly packumentCache corgi:https://registry.npmjs.org/locutus set size:undefined disposed:false
3926 silly packumentCache corgi:https://registry.npmjs.org/twig cache-miss
3927 http fetch GET 200 https://registry.npmjs.org/twig 295ms (cache miss)
3928 silly packumentCache corgi:https://registry.npmjs.org/twig set size:undefined disposed:false
3929 http fetch GET 200 https://registry.npmjs.org/type-fest/-/type-fest-4.41.0.tgz 9705ms (cache miss)
3930 http fetch GET 200 https://registry.npmjs.org/type-fest/-/type-fest-4.41.0.tgz 9702ms (cache miss)
3931 silly packumentCache corgi:https://registry.npmjs.org/yeoman-doctor cache-miss
3932 http fetch GET 200 https://registry.npmjs.org/lodash-es/-/lodash-es-4.17.23.tgz 9952ms (cache miss)
3933 http fetch GET 200 https://registry.npmjs.org/@types/node/-/node-25.5.0.tgz 9875ms (cache miss)
3934 http fetch GET 200 https://registry.npmjs.org/type-fest/-/type-fest-4.41.0.tgz 9856ms (cache miss)
3935 http fetch GET 200 https://registry.npmjs.org/@yeoman/types/-/types-1.10.3.tgz 9893ms (cache miss)
3936 http fetch GET 200 https://registry.npmjs.org/type-fest/-/type-fest-4.41.0.tgz 9889ms (cache miss)
3937 http fetch GET 200 https://registry.npmjs.org/execa/-/execa-9.6.1.tgz 9904ms (cache miss)
3938 http fetch GET 200 https://registry.npmjs.org/locutus/-/locutus-2.0.39.tgz 10025ms (cache miss)
3939 http fetch GET 200 https://registry.npmjs.org/yeoman-doctor 522ms (cache miss)
3940 silly packumentCache corgi:https://registry.npmjs.org/yeoman-doctor set size:undefined disposed:false
3941 silly packumentCache corgi:https://registry.npmjs.org/yo cache-miss
3942 http cache https://registry.npmjs.org/yo 20ms (cache hit)
3943 silly packumentCache corgi:https://registry.npmjs.org/yo set size:81054 disposed:false
3944 http fetch GET 200 https://registry.npmjs.org/lodash/-/lodash-4.17.23.tgz 10549ms (cache miss)
3945 http fetch GET 200 https://registry.npmjs.org/rxjs/-/rxjs-7.8.2.tgz 11571ms (cache miss)
3946 info run yo@7.0.0 postinstall node_modules/yo yodoctor
3947 info run yo@7.0.0 postinstall { code: 0, signal: null }
3948 verbose cwd /Users/mac/Documents/code/subsplit
3949 verbose os Darwin 25.4.0
3950 verbose node v22.15.0
3951 verbose npm  v10.9.2
3952 verbose exit 1
3953 verbose code 1
