0 verbose cli /usr/local/bin/node /usr/local/bin/npm
1 info using npm@10.9.2
2 info using node@v22.15.0
3 silly config load:file:/usr/local/lib/node_modules/npm/npmrc
4 silly config load:file:/Users/mac/Documents/code/subsplit/.npmrc
5 silly config load:file:/Users/mac/.npmrc
6 silly config load:file:/usr/local/etc/npmrc
7 verbose title npm install @prisma/adapter-pg pg
8 verbose argv "install" "@prisma/adapter-pg" "pg"
9 verbose logfile logs-max:10 dir:/Users/mac/Documents/code/subsplit/.npm-cache/_logs/2026-04-04T10_27_50_933Z-
10 verbose logfile /Users/mac/Documents/code/subsplit/.npm-cache/_logs/2026-04-04T10_27_50_933Z-debug-0.log
11 silly logfile start cleaning logs, removing 1 files
12 silly packumentCache heap:4345298944 maxSize:1086324736 maxEntrySize:543162368
13 silly logfile done cleaning log files
14 silly idealTree buildDeps
15 silly fetch manifest @prisma/adapter-pg@*
16 silly packumentCache full:https://registry.npmjs.org/@prisma%2fadapter-pg cache-miss
17 http cache https://registry.npmjs.org/@prisma%2fadapter-pg 201ms (cache hit)
18 silly packumentCache full:https://registry.npmjs.org/@prisma%2fadapter-pg set size:9732037 disposed:false
19 silly fetch manifest pg@*
20 silly packumentCache full:https://registry.npmjs.org/pg cache-miss
21 http fetch GET 200 https://registry.npmjs.org/pg 562ms (cache miss)
22 silly packumentCache full:https://registry.npmjs.org/pg set size:undefined disposed:false
23 silly fetch manifest pg-native@>=3.0.1
24 silly packumentCache full:https://registry.npmjs.org/pg-native cache-miss
25 http fetch GET 200 https://registry.npmjs.org/pg-native 171ms (cache miss)
26 silly packumentCache full:https://registry.npmjs.org/pg-native set size:undefined disposed:false
27 silly placeDep ROOT @prisma/adapter-pg@7.6.0 OK for: subsplit@0.1.0 want: *
28 silly placeDep ROOT pg@8.20.0 OK for: subsplit@0.1.0 want: *
29 silly fetch manifest pg@^8.16.3
30 silly packumentCache full:https://registry.npmjs.org/pg cache-miss
31 silly fetch manifest @types/pg@^8.16.0
32 silly packumentCache full:https://registry.npmjs.org/@types%2fpg cache-miss
33 silly fetch manifest postgres-array@3.0.4
34 silly packumentCache full:https://registry.npmjs.org/postgres-array cache-miss
35 silly fetch manifest @prisma/driver-adapter-utils@7.6.0
36 silly packumentCache full:https://registry.npmjs.org/@prisma%2fdriver-adapter-utils cache-miss
37 silly fetch manifest pg-connection-string@^2.12.0
38 silly packumentCache full:https://registry.npmjs.org/pg-connection-string cache-miss
39 silly fetch manifest pg-pool@^3.13.0
40 silly packumentCache full:https://registry.npmjs.org/pg-pool cache-miss
41 silly fetch manifest pg-protocol@^1.13.0
42 silly packumentCache full:https://registry.npmjs.org/pg-protocol cache-miss
43 http cache https://registry.npmjs.org/pg 23ms (cache hit)
44 silly packumentCache full:https://registry.npmjs.org/pg set size:475297 disposed:false
45 silly fetch manifest pg-types@2.2.0
46 silly packumentCache full:https://registry.npmjs.org/pg-types cache-miss
47 http fetch GET 200 https://registry.npmjs.org/pg-pool 294ms (cache miss)
48 silly packumentCache full:https://registry.npmjs.org/pg-pool set size:undefined disposed:false
49 silly fetch manifest pgpass@1.0.5
50 silly packumentCache full:https://registry.npmjs.org/pgpass cache-miss
51 http fetch GET 200 https://registry.npmjs.org/postgres-array 314ms (cache miss)
52 silly packumentCache full:https://registry.npmjs.org/postgres-array set size:undefined disposed:false
53 silly fetch manifest pg-cloudflare@^1.3.0
54 silly packumentCache full:https://registry.npmjs.org/pg-cloudflare cache-miss
55 http fetch GET 200 https://registry.npmjs.org/pg-connection-string 319ms (cache miss)
56 silly packumentCache full:https://registry.npmjs.org/pg-connection-string set size:undefined disposed:false
57 http fetch GET 200 https://registry.npmjs.org/pg-protocol 323ms (cache miss)
58 silly packumentCache full:https://registry.npmjs.org/pg-protocol set size:undefined disposed:false
59 http fetch GET 200 https://registry.npmjs.org/pg-cloudflare 124ms (cache miss)
60 silly packumentCache full:https://registry.npmjs.org/pg-cloudflare set size:undefined disposed:false
61 http fetch GET 200 https://registry.npmjs.org/pgpass 146ms (cache miss)
62 silly packumentCache full:https://registry.npmjs.org/pgpass set size:undefined disposed:false
63 http fetch GET 200 https://registry.npmjs.org/pg-types 420ms (cache miss)
64 silly packumentCache full:https://registry.npmjs.org/pg-types set size:undefined disposed:false
65 http fetch GET 200 https://registry.npmjs.org/@types%2fpg 470ms (cache miss)
66 silly packumentCache full:https://registry.npmjs.org/@types%2fpg set size:undefined disposed:false
67 http fetch GET 200 https://registry.npmjs.org/@prisma%2fdriver-adapter-utils 1785ms (cache updated)
68 silly packumentCache full:https://registry.npmjs.org/@prisma%2fdriver-adapter-utils set size:undefined disposed:false
69 silly placeDep ROOT @prisma/driver-adapter-utils@7.6.0 OK for: @prisma/adapter-pg@7.6.0 want: 7.6.0
70 silly placeDep ROOT @types/pg@8.20.0 OK for: @prisma/adapter-pg@7.6.0 want: ^8.16.0
71 silly placeDep ROOT postgres-array@3.0.4 OK for: @prisma/adapter-pg@7.6.0 want: 3.0.4
72 silly fetch manifest @prisma/debug@7.6.0
73 silly packumentCache full:https://registry.npmjs.org/@prisma%2fdebug cache-miss
74 silly fetch manifest pg-types@^2.2.0
75 silly packumentCache full:https://registry.npmjs.org/pg-types cache-miss
76 silly fetch manifest pg-protocol@*
77 silly packumentCache full:https://registry.npmjs.org/pg-protocol cache-miss
78 http cache https://registry.npmjs.org/pg-protocol 13ms (cache hit)
79 silly packumentCache full:https://registry.npmjs.org/pg-protocol set size:51532 disposed:false
80 http cache https://registry.npmjs.org/pg-types 15ms (cache hit)
81 silly packumentCache full:https://registry.npmjs.org/pg-types set size:51397 disposed:false
82 http fetch GET 200 https://registry.npmjs.org/@prisma%2fdebug 2890ms (cache updated)
83 silly packumentCache full:https://registry.npmjs.org/@prisma%2fdebug set size:undefined disposed:false
84 silly placeDep node_modules/@prisma/driver-adapter-utils @prisma/debug@7.6.0 OK for: @prisma/driver-adapter-utils@7.6.0 want: 7.6.0
85 silly placeDep ROOT pg-protocol@1.13.0 OK for: @types/pg@8.20.0 want: *
86 silly placeDep ROOT pg-types@2.2.0 OK for: @types/pg@8.20.0 want: ^2.2.0
87 silly fetch manifest pg-int8@1.0.1
88 silly packumentCache full:https://registry.npmjs.org/pg-int8 cache-miss
89 silly fetch manifest postgres-date@~1.0.4
90 silly packumentCache full:https://registry.npmjs.org/postgres-date cache-miss
91 silly fetch manifest postgres-array@~2.0.0
92 silly packumentCache full:https://registry.npmjs.org/postgres-array cache-miss
93 silly fetch manifest postgres-bytea@~1.0.0
94 silly packumentCache full:https://registry.npmjs.org/postgres-bytea cache-miss
95 silly fetch manifest postgres-interval@^1.1.0
96 silly packumentCache full:https://registry.npmjs.org/postgres-interval cache-miss
97 http cache https://registry.npmjs.org/postgres-array 8ms (cache hit)
98 silly packumentCache full:https://registry.npmjs.org/postgres-array set size:21967 disposed:false
99 http fetch GET 200 https://registry.npmjs.org/postgres-bytea 98ms (cache miss)
100 silly packumentCache full:https://registry.npmjs.org/postgres-bytea set size:undefined disposed:false
101 http fetch GET 200 https://registry.npmjs.org/pg-int8 103ms (cache miss)
102 silly packumentCache full:https://registry.npmjs.org/pg-int8 set size:undefined disposed:false
103 http fetch GET 200 https://registry.npmjs.org/postgres-date 104ms (cache miss)
104 silly packumentCache full:https://registry.npmjs.org/postgres-date set size:undefined disposed:false
105 http fetch GET 200 https://registry.npmjs.org/postgres-interval 105ms (cache miss)
106 silly packumentCache full:https://registry.npmjs.org/postgres-interval set size:undefined disposed:false
107 silly fetch manifest pg@>=8.0
108 silly packumentCache full:https://registry.npmjs.org/pg cache-hit
109 silly placeDep ROOT pg-cloudflare@1.3.0 OK for: pg@8.20.0 want: ^1.3.0
110 silly placeDep ROOT pg-connection-string@2.12.0 OK for: pg@8.20.0 want: ^2.12.0
111 silly placeDep ROOT pg-pool@3.13.0 OK for: pg@8.20.0 want: ^3.13.0
112 silly placeDep ROOT pgpass@1.0.5 OK for: pg@8.20.0 want: 1.0.5
113 silly fetch manifest split2@^4.1.0
114 silly packumentCache full:https://registry.npmjs.org/split2 cache-miss
115 http fetch GET 200 https://registry.npmjs.org/split2 437ms (cache miss)
116 silly packumentCache full:https://registry.npmjs.org/split2 set size:undefined disposed:false
117 silly placeDep ROOT pg-int8@1.0.1 OK for: pg-types@2.2.0 want: 1.0.1
118 silly placeDep node_modules/pg-types postgres-array@2.0.0 OK for: pg-types@2.2.0 want: ~2.0.0
119 silly placeDep ROOT postgres-bytea@1.0.1 OK for: pg-types@2.2.0 want: ~1.0.0
120 silly placeDep ROOT postgres-date@1.0.7 OK for: pg-types@2.2.0 want: ~1.0.4
121 silly placeDep ROOT postgres-interval@1.2.0 OK for: pg-types@2.2.0 want: ^1.1.0
122 silly fetch manifest xtend@^4.0.0
123 silly packumentCache full:https://registry.npmjs.org/xtend cache-miss
124 http fetch GET 200 https://registry.npmjs.org/xtend 90ms (cache miss)
125 silly packumentCache full:https://registry.npmjs.org/xtend set size:undefined disposed:false
126 silly placeDep ROOT split2@4.2.0 OK for: pgpass@1.0.5 want: ^4.1.0
127 silly placeDep ROOT xtend@4.0.2 OK for: postgres-interval@1.2.0 want: ^4.0.0
128 silly reify moves {}
129 verbose reify failed optional dependency /Users/mac/Documents/code/subsplit/node_modules/@tailwindcss/oxide-wasm32-wasi
130 silly reify mark deleted [
130 silly reify   '/Users/mac/Documents/code/subsplit/node_modules/@tailwindcss/oxide-wasm32-wasi'
130 silly reify ]
131 silly audit bulk request {
131 silly audit   '@adobe/css-tools': [ '4.4.4' ],
131 silly audit   '@alloc/quick-lru': [ '5.2.0' ],
131 silly audit   '@asamuzakjp/css-color': [ '5.0.1' ],
131 silly audit   'lru-cache': [ '11.2.7', '5.1.1' ],
131 silly audit   '@asamuzakjp/dom-selector': [ '7.0.3' ],
131 silly audit   '@asamuzakjp/nwsapi': [ '2.3.9' ],
131 silly audit   '@babel/code-frame': [ '7.29.0' ],
131 silly audit   '@babel/compat-data': [ '7.29.0' ],
131 silly audit   '@babel/core': [ '7.29.0' ],
131 silly audit   '@babel/generator': [ '7.29.1' ],
131 silly audit   '@babel/helper-compilation-targets': [ '7.28.6' ],
131 silly audit   '@babel/helper-globals': [ '7.28.0' ],
131 silly audit   '@babel/helper-module-imports': [ '7.28.6' ],
131 silly audit   '@babel/helper-module-transforms': [ '7.28.6' ],
131 silly audit   '@babel/helper-string-parser': [ '7.27.1' ],
131 silly audit   '@babel/helper-validator-identifier': [ '7.28.5' ],
131 silly audit   '@babel/helper-validator-option': [ '7.27.1' ],
131 silly audit   '@babel/helpers': [ '7.29.2' ],
131 silly audit   '@babel/parser': [ '7.29.2' ],
131 silly audit   '@babel/runtime': [ '7.29.2' ],
131 silly audit   '@babel/template': [ '7.28.6' ],
131 silly audit   '@babel/traverse': [ '7.29.0' ],
131 silly audit   '@babel/types': [ '7.29.0' ],
131 silly audit   '@bcoe/v8-coverage': [ '1.0.2' ],
131 silly audit   '@bramus/specificity': [ '2.4.2' ],
131 silly audit   '@chevrotain/cst-dts-gen': [ '10.5.0' ],
131 silly audit   '@chevrotain/gast': [ '10.5.0' ],
131 silly audit   '@chevrotain/types': [ '10.5.0' ],
131 silly audit   '@chevrotain/utils': [ '10.5.0' ],
131 silly audit   '@csstools/color-helpers': [ '6.0.2' ],
131 silly audit   '@csstools/css-calc': [ '3.1.1' ],
131 silly audit   '@csstools/css-color-parser': [ '4.0.2' ],
131 silly audit   '@csstools/css-parser-algorithms': [ '4.0.0' ],
131 silly audit   '@csstools/css-syntax-patches-for-csstree': [ '1.1.1' ],
131 silly audit   '@csstools/css-tokenizer': [ '4.0.0' ],
131 silly audit   '@electric-sql/pglite': [ '0.3.15' ],
131 silly audit   '@electric-sql/pglite-socket': [ '0.0.20' ],
131 silly audit   '@electric-sql/pglite-tools': [ '0.2.20' ],
131 silly audit   '@emnapi/core': [ '1.9.0' ],
131 silly audit   '@emnapi/runtime': [ '1.9.0' ],
131 silly audit   '@emnapi/wasi-threads': [ '1.2.0' ],
131 silly audit   '@esbuild/aix-ppc64': [ '0.27.4' ],
131 silly audit   '@esbuild/android-arm': [ '0.27.4' ],
131 silly audit   '@esbuild/android-arm64': [ '0.27.4' ],
131 silly audit   '@esbuild/android-x64': [ '0.27.4' ],
131 silly audit   '@esbuild/darwin-arm64': [ '0.27.4' ],
131 silly audit   '@esbuild/darwin-x64': [ '0.27.4' ],
131 silly audit   '@esbuild/freebsd-arm64': [ '0.27.4' ],
131 silly audit   '@esbuild/freebsd-x64': [ '0.27.4' ],
131 silly audit   '@esbuild/linux-arm': [ '0.27.4' ],
131 silly audit   '@esbuild/linux-arm64': [ '0.27.4' ],
131 silly audit   '@esbuild/linux-ia32': [ '0.27.4' ],
131 silly audit   '@esbuild/linux-loong64': [ '0.27.4' ],
131 silly audit   '@esbuild/linux-mips64el': [ '0.27.4' ],
131 silly audit   '@esbuild/linux-ppc64': [ '0.27.4' ],
131 silly audit   '@esbuild/linux-riscv64': [ '0.27.4' ],
131 silly audit   '@esbuild/linux-s390x': [ '0.27.4' ],
131 silly audit   '@esbuild/linux-x64': [ '0.27.4' ],
131 silly audit   '@esbuild/netbsd-arm64': [ '0.27.4' ],
131 silly audit   '@esbuild/netbsd-x64': [ '0.27.4' ],
131 silly audit   '@esbuild/openbsd-arm64': [ '0.27.4' ],
131 silly audit   '@esbuild/openbsd-x64': [ '0.27.4' ],
131 silly audit   '@esbuild/openharmony-arm64': [ '0.27.4' ],
131 silly audit   '@esbuild/sunos-x64': [ '0.27.4' ],
131 silly audit   '@esbuild/win32-arm64': [ '0.27.4' ],
131 silly audit   '@esbuild/win32-ia32': [ '0.27.4' ],
131 silly audit   '@esbuild/win32-x64': [ '0.27.4' ],
131 silly audit   '@eslint-community/eslint-utils': [ '4.9.1' ],
131 silly audit   'eslint-visitor-keys': [ '3.4.3', '5.0.1', '4.2.1' ],
131 silly audit   '@eslint-community/regexpp': [ '4.12.2' ],
131 silly audit   '@eslint/config-array': [ '0.21.2' ],
131 silly audit   '@eslint/config-helpers': [ '0.4.2' ],
131 silly audit   '@eslint/core': [ '0.17.0' ],
131 silly audit   '@eslint/eslintrc': [ '3.3.5' ],
131 silly audit   '@eslint/js': [ '9.39.4' ],
131 silly audit   '@eslint/object-schema': [ '2.1.7' ],
131 silly audit   '@eslint/plugin-kit': [ '0.4.1' ],
131 silly audit   '@exodus/bytes': [ '1.15.0' ],
131 silly audit   '@hono/node-server': [ '1.19.9' ],
131 silly audit   '@humanfs/core': [ '0.19.1' ],
131 silly audit   '@humanfs/node': [ '0.16.7' ],
131 silly audit   '@humanwhocodes/module-importer': [ '1.0.1' ],
131 silly audit   '@humanwhocodes/retry': [ '0.4.3' ],
131 silly audit   '@img/colour': [ '1.1.0' ],
131 silly audit   '@img/sharp-darwin-arm64': [ '0.34.5' ],
131 silly audit   '@img/sharp-darwin-x64': [ '0.34.5' ],
131 silly audit   '@img/sharp-libvips-darwin-arm64': [ '1.2.4' ],
131 silly audit   '@img/sharp-libvips-darwin-x64': [ '1.2.4' ],
131 silly audit   '@img/sharp-libvips-linux-arm': [ '1.2.4' ],
131 silly audit   '@img/sharp-libvips-linux-arm64': [ '1.2.4' ],
131 silly audit   '@img/sharp-libvips-linux-ppc64': [ '1.2.4' ],
131 silly audit   '@img/sharp-libvips-linux-riscv64': [ '1.2.4' ],
131 silly audit   '@img/sharp-libvips-linux-s390x': [ '1.2.4' ],
131 silly audit   '@img/sharp-libvips-linux-x64': [ '1.2.4' ],
131 silly audit   '@img/sharp-libvips-linuxmusl-arm64': [ '1.2.4' ],
131 silly audit   '@img/sharp-libvips-linuxmusl-x64': [ '1.2.4' ],
131 silly audit   '@img/sharp-linux-arm': [ '0.34.5' ],
131 silly audit   '@img/sharp-linux-arm64': [ '0.34.5' ],
131 silly audit   '@img/sharp-linux-ppc64': [ '0.34.5' ],
131 silly audit   '@img/sharp-linux-riscv64': [ '0.34.5' ],
131 silly audit   '@img/sharp-linux-s390x': [ '0.34.5' ],
131 silly audit   '@img/sharp-linux-x64': [ '0.34.5' ],
131 silly audit   '@img/sharp-linuxmusl-arm64': [ '0.34.5' ],
131 silly audit   '@img/sharp-linuxmusl-x64': [ '0.34.5' ],
131 silly audit   '@img/sharp-wasm32': [ '0.34.5' ],
131 silly audit   '@img/sharp-win32-arm64': [ '0.34.5' ],
131 silly audit   '@img/sharp-win32-ia32': [ '0.34.5' ],
131 silly audit   '@img/sharp-win32-x64': [ '0.34.5' ],
131 silly audit   '@jridgewell/gen-mapping': [ '0.3.13' ],
131 silly audit   '@jridgewell/remapping': [ '2.3.5' ],
131 silly audit   '@jridgewell/resolve-uri': [ '3.1.2' ],
131 silly audit   '@jridgewell/sourcemap-codec': [ '1.5.5' ],
131 silly audit   '@jridgewell/trace-mapping': [ '0.3.31' ],
131 silly audit   '@mrleebo/prisma-ast': [ '0.13.1' ],
131 silly audit   '@napi-rs/wasm-runtime': [ '0.2.12', '1.1.1' ],
131 silly audit   '@next/env': [ '16.1.7' ],
131 silly audit   '@next/eslint-plugin-next': [ '16.1.7' ],
131 silly audit   '@next/swc-darwin-arm64': [ '16.1.7' ],
131 silly audit   '@next/swc-darwin-x64': [ '16.1.7' ],
131 silly audit   '@next/swc-linux-arm64-gnu': [ '16.1.7' ],
131 silly audit   '@next/swc-linux-arm64-musl': [ '16.1.7' ],
131 silly audit   '@next/swc-linux-x64-gnu': [ '16.1.7' ],
131 silly audit   '@next/swc-linux-x64-musl': [ '16.1.7' ],
131 silly audit   '@next/swc-win32-arm64-msvc': [ '16.1.7' ],
131 silly audit   '@next/swc-win32-x64-msvc': [ '16.1.7' ],
131 silly audit   '@nodelib/fs.scandir': [ '2.1.5' ],
131 silly audit   '@nodelib/fs.stat': [ '2.0.5' ],
131 silly audit   '@nodelib/fs.walk': [ '1.2.8' ],
131 silly audit   '@nolyfill/is-core-module': [ '1.0.39' ],
131 silly audit   '@oxc-project/runtime': [ '0.115.0' ],
131 silly audit   '@oxc-project/types': [ '0.115.0' ],
131 silly audit   '@prisma/client': [ '7.5.0' ],
131 silly audit   '@prisma/client-runtime-utils': [ '7.5.0' ],
131 silly audit   '@prisma/config': [ '7.5.0' ],
131 silly audit   c12: [ '3.1.0' ],
131 silly audit   dotenv: [ '16.6.1', '17.3.1' ],
131 silly audit   magicast: [ '0.3.5', '0.5.2' ],
131 silly audit   '@prisma/debug': [ '7.5.0', '7.2.0', '7.6.0' ],
131 silly audit   '@prisma/dev': [ '0.20.0' ],
131 silly audit   'std-env': [ '3.10.0', '4.0.0' ],
131 silly audit   '@prisma/engines': [ '7.5.0' ],
131 silly audit   '@prisma/engines-version': [ '7.5.0-15.280c870be64f457428992c43c1f6d557fab6e29e' ],
131 silly audit   '@prisma/get-platform': [ '7.5.0', '7.2.0' ],
131 silly audit   '@prisma/fetch-engine': [ '7.5.0' ],
131 silly audit   '@prisma/query-plan-executor': [ '7.2.0' ],
131 silly audit   '@prisma/studio-core': [ '0.21.1' ],
131 silly audit   '@rolldown/binding-android-arm64': [ '1.0.0-rc.9' ],
131 silly audit   '@rolldown/binding-darwin-arm64': [ '1.0.0-rc.9' ],
131 silly audit   '@rolldown/binding-darwin-x64': [ '1.0.0-rc.9' ],
131 silly audit   '@rolldown/binding-freebsd-x64': [ '1.0.0-rc.9' ],
131 silly audit   '@rolldown/binding-linux-arm-gnueabihf': [ '1.0.0-rc.9' ],
131 silly audit   '@rolldown/binding-linux-arm64-gnu': [ '1.0.0-rc.9' ],
131 silly audit   '@rolldown/binding-linux-arm64-musl': [ '1.0.0-rc.9' ],
131 silly audit   '@rolldown/binding-linux-ppc64-gnu': [ '1.0.0-rc.9' ],
131 silly audit   '@rolldown/binding-linux-s390x-gnu': [ '1.0.0-rc.9' ],
131 silly audit   '@rolldown/binding-linux-x64-gnu': [ '1.0.0-rc.9' ],
131 silly audit   '@rolldown/binding-linux-x64-musl': [ '1.0.0-rc.9' ],
131 silly audit   '@rolldown/binding-openharmony-arm64': [ '1.0.0-rc.9' ],
131 silly audit   '@rolldown/binding-wasm32-wasi': [ '1.0.0-rc.9' ],
131 silly audit   '@rolldown/binding-win32-arm64-msvc': [ '1.0.0-rc.9' ],
131 silly audit   '@rolldown/binding-win32-x64-msvc': [ '1.0.0-rc.9' ],
131 silly audit   '@rolldown/pluginutils': [ '1.0.0-rc.9' ],
131 silly audit   '@rtsao/scc': [ '1.1.0' ],
131 silly audit   '@standard-schema/spec': [ '1.1.0' ],
131 silly audit   '@swc/helpers': [ '0.5.15' ],
131 silly audit   '@t3-oss/env-core': [ '0.13.10' ],
131 silly audit   '@t3-oss/env-nextjs': [ '0.13.10' ],
131 silly audit   '@tailwindcss/node': [ '4.2.1' ],
131 silly audit   '@tailwindcss/oxide': [ '4.2.1' ],
131 silly audit   '@tailwindcss/oxide-android-arm64': [ '4.2.1' ],
131 silly audit   '@tailwindcss/oxide-darwin-arm64': [ '4.2.1' ],
131 silly audit   '@tailwindcss/oxide-darwin-x64': [ '4.2.1' ],
131 silly audit   '@tailwindcss/oxide-freebsd-x64': [ '4.2.1' ],
131 silly audit   '@tailwindcss/oxide-linux-arm-gnueabihf': [ '4.2.1' ],
131 silly audit   '@tailwindcss/oxide-linux-arm64-gnu': [ '4.2.1' ],
131 silly audit   '@tailwindcss/oxide-linux-arm64-musl': [ '4.2.1' ],
131 silly audit   '@tailwindcss/oxide-linux-x64-gnu': [ '4.2.1' ],
131 silly audit   '@tailwindcss/oxide-linux-x64-musl': [ '4.2.1' ],
131 silly audit   '@tailwindcss/oxide-win32-arm64-msvc': [ '4.2.1' ],
131 silly audit   '@tailwindcss/oxide-win32-x64-msvc': [ '4.2.1' ],
131 silly audit   '@tailwindcss/postcss': [ '4.2.1' ],
131 silly audit   '@testing-library/dom': [ '10.4.1' ],
131 silly audit   'aria-query': [ '5.3.0', '5.3.2' ],
131 silly audit   '@testing-library/jest-dom': [ '6.9.1' ],
131 silly audit   'dom-accessibility-api': [ '0.6.3', '0.5.16' ],
131 silly audit   '@testing-library/react': [ '16.3.2' ],
131 silly audit   '@tybys/wasm-util': [ '0.10.1' ],
131 silly audit   '@types/aria-query': [ '5.0.4' ],
131 silly audit   '@types/better-sqlite3': [ '7.6.13' ],
131 silly audit   '@types/chai': [ '5.2.3' ],
131 silly audit   '@types/deep-eql': [ '4.0.2' ],
131 silly audit   '@types/estree': [ '1.0.8' ],
131 silly audit   '@types/json-schema': [ '7.0.15' ],
131 silly audit   '@types/json5': [ '0.0.29' ],
131 silly audit   '@types/node': [ '20.19.37' ],
131 silly audit   '@types/react': [ '19.2.14' ],
131 silly audit   '@types/react-dom': [ '19.2.3' ],
131 silly audit   '@typescript-eslint/eslint-plugin': [ '8.57.1' ],
131 silly audit   ignore: [ '7.0.5', '5.3.2' ],
131 silly audit   '@typescript-eslint/parser': [ '8.57.1' ],
131 silly audit   '@typescript-eslint/project-service': [ '8.57.1' ],
131 silly audit   '@typescript-eslint/scope-manager': [ '8.57.1' ],
131 silly audit   '@typescript-eslint/tsconfig-utils': [ '8.57.1' ],
131 silly audit   '@typescript-eslint/type-utils': [ '8.57.1' ],
131 silly audit   '@typescript-eslint/types': [ '8.57.1' ],
131 silly audit   '@typescript-eslint/typescript-estree': [ '8.57.1' ],
131 silly audit   'balanced-match': [ '4.0.4', '1.0.2' ],
131 silly audit   'brace-expansion': [ '5.0.4', '1.1.12' ],
131 silly audit   minimatch: [ '10.2.4', '3.1.5' ],
131 silly audit   semver: [ '7.7.4', '6.3.1' ],
131 silly audit   '@typescript-eslint/utils': [ '8.57.1' ],
131 silly audit   '@typescript-eslint/visitor-keys': [ '8.57.1' ],
131 silly audit   '@unrs/resolver-binding-android-arm-eabi': [ '1.11.1' ],
131 silly audit   '@unrs/resolver-binding-android-arm64': [ '1.11.1' ],
131 silly audit   '@unrs/resolver-binding-darwin-arm64': [ '1.11.1' ],
131 silly audit   '@unrs/resolver-binding-darwin-x64': [ '1.11.1' ],
131 silly audit   '@unrs/resolver-binding-freebsd-x64': [ '1.11.1' ],
131 silly audit   '@unrs/resolver-binding-linux-arm-gnueabihf': [ '1.11.1' ],
131 silly audit   '@unrs/resolver-binding-linux-arm-musleabihf': [ '1.11.1' ],
131 silly audit   '@unrs/resolver-binding-linux-arm64-gnu': [ '1.11.1' ],
131 silly audit   '@unrs/resolver-binding-linux-arm64-musl': [ '1.11.1' ],
131 silly audit   '@unrs/resolver-binding-linux-ppc64-gnu': [ '1.11.1' ],
131 silly audit   '@unrs/resolver-binding-linux-riscv64-gnu': [ '1.11.1' ],
131 silly audit   '@unrs/resolver-binding-linux-riscv64-musl': [ '1.11.1' ],
131 silly audit   '@unrs/resolver-binding-linux-s390x-gnu': [ '1.11.1' ],
131 silly audit   '@unrs/resolver-binding-linux-x64-gnu': [ '1.11.1' ],
131 silly audit   '@unrs/resolver-binding-linux-x64-musl': [ '1.11.1' ],
131 silly audit   '@unrs/resolver-binding-wasm32-wasi': [ '1.11.1' ],
131 silly audit   '@unrs/resolver-binding-win32-arm64-msvc': [ '1.11.1' ],
131 silly audit   '@unrs/resolver-binding-win32-ia32-msvc': [ '1.11.1' ],
131 silly audit   '@unrs/resolver-binding-win32-x64-msvc': [ '1.11.1' ],
131 silly audit   '@vitest/coverage-v8': [ '4.1.0' ],
131 silly audit   '@vitest/expect': [ '4.1.0' ],
131 silly audit   '@vitest/mocker': [ '4.1.0' ],
131 silly audit   '@vitest/pretty-format': [ '4.1.0' ],
131 silly audit   '@vitest/runner': [ '4.1.0' ],
131 silly audit   '@vitest/snapshot': [ '4.1.0' ],
131 silly audit   '@vitest/spy': [ '4.1.0' ],
131 silly audit   '@vitest/utils': [ '4.1.0' ],
131 silly audit   acorn: [ '8.16.0' ],
131 silly audit   'acorn-jsx': [ '5.3.2' ],
131 silly audit   ajv: [ '6.14.0' ],
131 silly audit   'ansi-regex': [ '5.0.1' ],
131 silly audit   'ansi-styles': [ '4.3.0', '5.2.0' ],
131 silly audit   argparse: [ '2.0.1' ],
131 silly audit   'array-buffer-byte-length': [ '1.0.2' ],
131 silly audit   'array-includes': [ '3.1.9' ],
131 silly audit   'array.prototype.findlast': [ '1.2.5' ],
131 silly audit   'array.prototype.findlastindex': [ '1.2.6' ],
131 silly audit   'array.prototype.flat': [ '1.3.3' ],
131 silly audit   'array.prototype.flatmap': [ '1.3.3' ],
131 silly audit   'array.prototype.tosorted': [ '1.1.4' ],
131 silly audit   'arraybuffer.prototype.slice': [ '1.0.4' ],
131 silly audit   'assertion-error': [ '2.0.1' ],
131 silly audit   'ast-types-flow': [ '0.0.8' ],
131 silly audit   'ast-v8-to-istanbul': [ '1.0.0' ],
131 silly audit   'js-tokens': [ '10.0.0', '4.0.0' ],
131 silly audit   'async-function': [ '1.0.0' ],
131 silly audit   'available-typed-arrays': [ '1.0.7' ],
131 silly audit   'aws-ssl-profiles': [ '1.1.2' ],
131 silly audit   'axe-core': [ '4.11.1' ],
131 silly audit   'axobject-query': [ '4.1.0' ],
131 silly audit   'base64-js': [ '1.5.1' ],
131 silly audit   'baseline-browser-mapping': [ '2.10.8' ],
131 silly audit   bcryptjs: [ '3.0.3' ],
131 silly audit   'better-sqlite3': [ '12.8.0' ],
131 silly audit   'bidi-js': [ '1.0.3' ],
131 silly audit   bindings: [ '1.5.0' ],
131 silly audit   bl: [ '4.1.0' ],
131 silly audit   braces: [ '3.0.3' ],
131 silly audit   browserslist: [ '4.28.1' ],
131 silly audit   buffer: [ '5.7.1' ],
131 silly audit   'call-bind': [ '1.0.8' ],
131 silly audit   'call-bind-apply-helpers': [ '1.0.2' ],
131 silly audit   'call-bound': [ '1.0.4' ],
131 silly audit   callsites: [ '3.1.0' ],
131 silly audit   'caniuse-lite': [ '1.0.30001780' ],
131 silly audit   chai: [ '6.2.2' ],
131 silly audit   chalk: [ '4.1.2' ],
131 silly audit   chevrotain: [ '10.5.0' ],
131 silly audit   chokidar: [ '4.0.3' ],
131 silly audit   chownr: [ '1.1.4' ],
131 silly audit   citty: [ '0.1.6', '0.2.1' ],
131 silly audit   'client-only': [ '0.0.1' ],
131 silly audit   clsx: [ '2.1.1' ],
131 silly audit   'color-convert': [ '2.0.1' ],
131 silly audit   'color-name': [ '1.1.4' ],
131 silly audit   'concat-map': [ '0.0.1' ],
131 silly audit   confbox: [ '0.2.4' ],
131 silly audit   consola: [ '3.4.2' ],
131 silly audit   'convert-source-map': [ '2.0.0' ],
131 silly audit   'cross-spawn': [ '7.0.6' ],
131 silly audit   'css-tree': [ '3.2.1' ],
131 silly audit   'css.escape': [ '1.5.1' ],
131 silly audit   csstype: [ '3.2.3' ],
131 silly audit   'damerau-levenshtein': [ '1.0.8' ],
131 silly audit   'data-urls': [ '7.0.0' ],
131 silly audit   'data-view-buffer': [ '1.0.2' ],
131 silly audit   'data-view-byte-length': [ '1.0.2' ],
131 silly audit   'data-view-byte-offset': [ '1.0.1' ],
131 silly audit   debug: [ '4.4.3', '3.2.7' ],
131 silly audit   'decimal.js': [ '10.6.0' ],
131 silly audit   'decompress-response': [ '6.0.0' ],
131 silly audit   'deep-extend': [ '0.6.0' ],
131 silly audit   'deep-is': [ '0.1.4' ],
131 silly audit   'deepmerge-ts': [ '7.1.5' ],
131 silly audit   'define-data-property': [ '1.1.4' ],
131 silly audit   'define-properties': [ '1.2.1' ],
131 silly audit   defu: [ '6.1.4' ],
131 silly audit   denque: [ '2.1.0' ],
131 silly audit   dequal: [ '2.0.3' ],
131 silly audit   destr: [ '2.0.5' ],
131 silly audit   'detect-libc': [ '2.1.2' ],
131 silly audit   doctrine: [ '2.1.0' ],
131 silly audit   'dunder-proto': [ '1.0.1' ],
131 silly audit   effect: [ '3.18.4' ],
131 silly audit   'electron-to-chromium': [ '1.5.313' ],
131 silly audit   'emoji-regex': [ '9.2.2' ],
131 silly audit   empathic: [ '2.0.0' ],
131 silly audit   'end-of-stream': [ '1.4.5' ],
131 silly audit   'enhanced-resolve': [ '5.20.1' ],
131 silly audit   entities: [ '6.0.1' ],
131 silly audit   'es-abstract': [ '1.24.1' ],
131 silly audit   'es-define-property': [ '1.0.1' ],
131 silly audit   'es-errors': [ '1.3.0' ],
131 silly audit   'es-iterator-helpers': [ '1.3.1' ],
131 silly audit   'es-module-lexer': [ '2.0.0' ],
131 silly audit   'es-object-atoms': [ '1.1.1' ],
131 silly audit   'es-set-tostringtag': [ '2.1.0' ],
131 silly audit   'es-shim-unscopables': [ '1.1.0' ],
131 silly audit   'es-to-primitive': [ '1.3.0' ],
131 silly audit   esbuild: [ '0.27.4' ],
131 silly audit   escalade: [ '3.2.0' ],
131 silly audit   'escape-string-regexp': [ '4.0.0' ],
131 silly audit   eslint: [ '9.39.4' ],
131 silly audit   'eslint-config-next': [ '16.1.7' ],
131 silly audit   globals: [ '16.4.0', '14.0.0' ],
131 silly audit   'eslint-import-resolver-node': [ '0.3.9' ],
131 silly audit   'eslint-import-resolver-typescript': [ '3.10.1' ],
131 silly audit   'eslint-module-utils': [ '2.12.1' ],
131 silly audit   'eslint-plugin-import': [ '2.32.0' ],
131 silly audit   'eslint-plugin-jsx-a11y': [ '6.10.2' ],
131 silly audit   'eslint-plugin-react': [ '7.37.5' ],
131 silly audit   'eslint-plugin-react-hooks': [ '7.0.1' ],
131 silly audit   resolve: [ '2.0.0-next.6', '1.22.11' ],
131 silly audit   'eslint-scope': [ '8.4.0' ],
131 silly audit   espree: [ '10.4.0' ],
131 silly audit   esquery: [ '1.7.0' ],
131 silly audit   esrecurse: [ '4.3.0' ],
131 silly audit   estraverse: [ '5.3.0' ],
131 silly audit   'estree-walker': [ '3.0.3' ],
131 silly audit   esutils: [ '2.0.3' ],
131 silly audit   'expand-template': [ '2.0.3' ],
131 silly audit   'expect-type': [ '1.3.0' ],
131 silly audit   exsolve: [ '1.0.8' ],
131 silly audit   'fast-check': [ '3.23.2' ],
131 silly audit   'fast-deep-equal': [ '3.1.3' ],
131 silly audit   'fast-glob': [ '3.3.1' ],
131 silly audit   'glob-parent': [ '5.1.2', '6.0.2' ],
131 silly audit   'fast-json-stable-stringify': [ '2.1.0' ],
131 silly audit   'fast-levenshtein': [ '2.0.6' ],
131 silly audit   fastq: [ '1.20.1' ],
131 silly audit   'file-entry-cache': [ '8.0.0' ],
131 silly audit   'file-uri-to-path': [ '1.0.0' ],
131 silly audit   'fill-range': [ '7.1.1' ],
131 silly audit   'find-up': [ '5.0.0' ],
131 silly audit   'flat-cache': [ '4.0.1' ],
131 silly audit   flatted: [ '3.4.2' ],
131 silly audit   'for-each': [ '0.3.5' ],
131 silly audit   'foreground-child': [ '3.3.1' ],
131 silly audit   'fs-constants': [ '1.0.0' ],
131 silly audit   fsevents: [ '2.3.3' ],
131 silly audit   'function-bind': [ '1.1.2' ],
131 silly audit   'function.prototype.name': [ '1.1.8' ],
131 silly audit   'functions-have-names': [ '1.2.3' ],
131 silly audit   'generate-function': [ '2.3.1' ],
131 silly audit   'generator-function': [ '2.0.1' ],
131 silly audit   gensync: [ '1.0.0-beta.2' ],
131 silly audit   'get-intrinsic': [ '1.3.0' ],
131 silly audit   'get-port-please': [ '3.2.0' ],
131 silly audit   'get-proto': [ '1.0.1' ],
131 silly audit   'get-symbol-description': [ '1.1.0' ],
131 silly audit   'get-tsconfig': [ '4.13.6' ],
131 silly audit   giget: [ '2.0.0' ],
131 silly audit   'github-from-package': [ '0.0.0' ],
131 silly audit   globalthis: [ '1.0.4' ],
131 silly audit   gopd: [ '1.2.0' ],
131 silly audit   'graceful-fs': [ '4.2.11' ],
131 silly audit   grammex: [ '3.1.12' ],
131 silly audit   graphmatch: [ '1.1.1' ],
131 silly audit   'has-bigints': [ '1.1.0' ],
131 silly audit   'has-flag': [ '4.0.0' ],
131 silly audit   'has-property-descriptors': [ '1.0.2' ],
131 silly audit   'has-proto': [ '1.2.0' ],
131 silly audit   'has-symbols': [ '1.1.0' ],
131 silly audit   'has-tostringtag': [ '1.0.2' ],
131 silly audit   hasown: [ '2.0.2' ],
131 silly audit   'hermes-estree': [ '0.25.1' ],
131 silly audit   'hermes-parser': [ '0.25.1' ],
131 silly audit   hono: [ '4.11.4' ],
131 silly audit   'html-encoding-sniffer': [ '6.0.0' ],
131 silly audit   'html-escaper': [ '2.0.2' ],
131 silly audit   'http-status-codes': [ '2.3.0' ],
131 silly audit   'iconv-lite': [ '0.7.2' ],
131 silly audit   ieee754: [ '1.2.1' ],
131 silly audit   'import-fresh': [ '3.3.1' ],
131 silly audit   imurmurhash: [ '0.1.4' ],
131 silly audit   'indent-string': [ '4.0.0' ],
131 silly audit   inherits: [ '2.0.4' ],
131 silly audit   ini: [ '1.3.8' ],
131 silly audit   'internal-slot': [ '1.1.0' ],
131 silly audit   'is-array-buffer': [ '3.0.5' ],
131 silly audit   'is-async-function': [ '2.1.1' ],
131 silly audit   'is-bigint': [ '1.1.0' ],
131 silly audit   'is-boolean-object': [ '1.2.2' ],
131 silly audit   'is-bun-module': [ '2.0.0' ],
131 silly audit   'is-callable': [ '1.2.7' ],
131 silly audit   'is-core-module': [ '2.16.1' ],
131 silly audit   'is-data-view': [ '1.0.2' ],
131 silly audit   'is-date-object': [ '1.1.0' ],
131 silly audit   'is-extglob': [ '2.1.1' ],
131 silly audit   'is-finalizationregistry': [ '1.1.1' ],
131 silly audit   'is-generator-function': [ '1.1.2' ],
131 silly audit   'is-glob': [ '4.0.3' ],
131 silly audit   'is-map': [ '2.0.3' ],
131 silly audit   'is-negative-zero': [ '2.0.3' ],
131 silly audit   'is-number': [ '7.0.0' ],
131 silly audit   'is-number-object': [ '1.1.1' ],
131 silly audit   'is-potential-custom-element-name': [ '1.0.1' ],
131 silly audit   'is-property': [ '1.0.2' ],
131 silly audit   'is-regex': [ '1.2.1' ],
131 silly audit   'is-set': [ '2.0.3' ],
131 silly audit   'is-shared-array-buffer': [ '1.0.4' ],
131 silly audit   'is-string': [ '1.1.1' ],
131 silly audit   'is-symbol': [ '1.1.1' ],
131 silly audit   'is-typed-array': [ '1.1.15' ],
131 silly audit   'is-weakmap': [ '2.0.2' ],
131 silly audit   'is-weakref': [ '1.1.1' ],
131 silly audit   'is-weakset': [ '2.0.4' ],
131 silly audit   isarray: [ '2.0.5' ],
131 silly audit   isexe: [ '2.0.0' ],
131 silly audit   'istanbul-lib-coverage': [ '3.2.2' ],
131 silly audit   'istanbul-lib-report': [ '3.0.1' ],
131 silly audit   'istanbul-reports': [ '3.2.0' ],
131 silly audit   'iterator.prototype': [ '1.1.5' ],
131 silly audit   jiti: [ '2.6.1' ],
131 silly audit   jose: [ '6.2.1' ],
131 silly audit   'js-yaml': [ '4.1.1' ],
131 silly audit   jsdom: [ '29.0.0' ],
131 silly audit   jsesc: [ '3.1.0' ],
131 silly audit   'json-buffer': [ '3.0.1' ],
131 silly audit   'json-schema-traverse': [ '0.4.1' ],
131 silly audit   'json-stable-stringify-without-jsonify': [ '1.0.1' ],
131 silly audit   json5: [ '2.2.3', '1.0.2' ],
131 silly audit   'jsx-ast-utils': [ '3.3.5' ],
131 silly audit   keyv: [ '4.5.4' ],
131 silly audit   'language-subtag-registry': [ '0.3.23' ],
131 silly audit   'language-tags': [ '1.0.9' ],
131 silly audit   levn: [ '0.4.1' ],
131 silly audit   lightningcss: [ '1.31.1', '1.32.0' ],
131 silly audit   'lightningcss-android-arm64': [ '1.31.1', '1.32.0' ],
131 silly audit   'lightningcss-darwin-arm64': [ '1.31.1', '1.32.0' ],
131 silly audit   'lightningcss-darwin-x64': [ '1.31.1', '1.32.0' ],
131 silly audit   'lightningcss-freebsd-x64': [ '1.31.1', '1.32.0' ],
131 silly audit   'lightningcss-linux-arm-gnueabihf': [ '1.31.1', '1.32.0' ],
131 silly audit   'lightningcss-linux-arm64-gnu': [ '1.31.1', '1.32.0' ],
131 silly audit   'lightningcss-linux-arm64-musl': [ '1.31.1', '1.32.0' ],
131 silly audit   'lightningcss-linux-x64-gnu': [ '1.31.1', '1.32.0' ],
131 silly audit   'lightningcss-linux-x64-musl': [ '1.31.1', '1.32.0' ],
131 silly audit   'lightningcss-win32-arm64-msvc': [ '1.31.1', '1.32.0' ],
131 silly audit   'lightningcss-win32-x64-msvc': [ '1.31.1', '1.32.0' ],
131 silly audit   lilconfig: [ '2.1.0' ],
131 silly audit   'locate-path': [ '6.0.0' ],
131 silly audit   lodash: [ '4.17.21' ],
131 silly audit   'lodash.merge': [ '4.6.2' ],
131 silly audit   long: [ '5.3.2' ],
131 silly audit   'loose-envify': [ '1.4.0' ],
131 silly audit   'lru.min': [ '1.1.4' ],
131 silly audit   'lucide-react': [ '0.577.0' ],
131 silly audit   'lz-string': [ '1.5.0' ],
131 silly audit   'magic-string': [ '0.30.21' ],
131 silly audit   'make-dir': [ '4.0.0' ],
131 silly audit   'math-intrinsics': [ '1.1.0' ],
131 silly audit   'mdn-data': [ '2.27.1' ],
131 silly audit   merge2: [ '1.4.1' ],
131 silly audit   micromatch: [ '4.0.8' ],
131 silly audit   'mimic-response': [ '3.1.0' ],
131 silly audit   'min-indent': [ '1.0.1' ],
131 silly audit   minimist: [ '1.2.8' ],
131 silly audit   'mkdirp-classic': [ '0.5.3' ],
131 silly audit   ms: [ '2.1.3' ],
131 silly audit   mysql2: [ '3.15.3' ],
131 silly audit   'named-placeholders': [ '1.1.6' ],
131 silly audit   nanoid: [ '5.1.7', '3.3.11' ],
131 silly audit   'napi-build-utils': [ '2.0.0' ],
131 silly audit   'napi-postinstall': [ '0.3.4' ],
131 silly audit   'natural-compare': [ '1.4.0' ],
131 silly audit   next: [ '16.1.7' ],
131 silly audit   postcss: [ '8.4.31', '8.5.8' ],
131 silly audit   'node-abi': [ '3.89.0' ],
131 silly audit   'node-exports-info': [ '1.6.0' ],
131 silly audit   'node-fetch-native': [ '1.6.7' ],
131 silly audit   'node-releases': [ '2.0.36' ],
131 silly audit   nypm: [ '0.6.5' ],
131 silly audit   'object-assign': [ '4.1.1' ],
131 silly audit   'object-inspect': [ '1.13.4' ],
131 silly audit   'object-keys': [ '1.1.1' ],
131 silly audit   'object.assign': [ '4.1.7' ],
131 silly audit   'object.entries': [ '1.1.9' ],
131 silly audit   'object.fromentries': [ '2.0.8' ],
131 silly audit   'object.groupby': [ '1.0.3' ],
131 silly audit   'object.values': [ '1.2.1' ],
131 silly audit   obug: [ '2.1.1' ],
131 silly audit   ohash: [ '2.0.11' ],
131 silly audit   once: [ '1.4.0' ],
131 silly audit   optionator: [ '0.9.4' ],
131 silly audit   'own-keys': [ '1.0.1' ],
131 silly audit   'p-limit': [ '3.1.0' ],
131 silly audit   'p-locate': [ '5.0.0' ],
131 silly audit   'parent-module': [ '1.0.1' ],
131 silly audit   parse5: [ '8.0.0' ],
131 silly audit   'path-exists': [ '4.0.0' ],
131 silly audit   'path-key': [ '3.1.1' ],
131 silly audit   'path-parse': [ '1.0.7' ],
131 silly audit   pathe: [ '2.0.3' ],
131 silly audit   'perfect-debounce': [ '1.0.0' ],
131 silly audit   picocolors: [ '1.1.1' ],
131 silly audit   picomatch: [ '2.3.1', '4.0.3' ],
131 silly audit   'pkg-types': [ '2.3.0' ],
131 silly audit   'possible-typed-array-names': [ '1.1.0' ],
131 silly audit   postgres: [ '3.4.7' ],
131 silly audit   'prebuild-install': [ '7.1.3' ],
131 silly audit   'prelude-ls': [ '1.2.1' ],
131 silly audit   'pretty-format': [ '27.5.1' ],
131 silly audit   'react-is': [ '17.0.2', '16.13.1' ],
131 silly audit   prisma: [ '7.5.0' ],
131 silly audit   'prop-types': [ '15.8.1' ],
131 silly audit   'proper-lockfile': [ '4.1.2' ],
131 silly audit   'signal-exit': [ '3.0.7', '4.1.0' ],
131 silly audit   pump: [ '3.0.4' ],
131 silly audit   punycode: [ '2.3.1' ],
131 silly audit   'pure-rand': [ '6.1.0' ],
131 silly audit   'queue-microtask': [ '1.2.3' ],
131 silly audit   rc: [ '1.2.8' ],
131 silly audit   'strip-json-comments': [ '2.0.1', '3.1.1' ],
131 silly audit   rc9: [ '2.1.2' ],
131 silly audit   react: [ '19.2.3' ],
131 silly audit   'react-dom': [ '19.2.3' ],
131 silly audit   'readable-stream': [ '3.6.2' ],
131 silly audit   readdirp: [ '4.1.2' ],
131 silly audit   redent: [ '3.0.0' ],
131 silly audit   'reflect.getprototypeof': [ '1.0.10' ],
131 silly audit   'regexp-to-ast': [ '0.5.0' ],
131 silly audit   'regexp.prototype.flags': [ '1.5.4' ],
131 silly audit   remeda: [ '2.33.4' ],
131 silly audit   'require-from-string': [ '2.0.2' ],
131 silly audit   'resolve-from': [ '4.0.0' ],
131 silly audit   'resolve-pkg-maps': [ '1.0.0' ],
131 silly audit   retry: [ '0.12.0' ],
131 silly audit   reusify: [ '1.1.0' ],
131 silly audit   rolldown: [ '1.0.0-rc.9' ],
131 silly audit   'run-parallel': [ '1.2.0' ],
131 silly audit   'safe-array-concat': [ '1.1.3' ],
131 silly audit   'safe-buffer': [ '5.2.1' ],
131 silly audit   'safe-push-apply': [ '1.0.0' ],
131 silly audit   'safe-regex-test': [ '1.1.0' ],
131 silly audit   'safer-buffer': [ '2.1.2' ],
131 silly audit   saxes: [ '6.0.0' ],
131 silly audit   scheduler: [ '0.27.0' ],
131 silly audit   'seq-queue': [ '0.0.5' ],
131 silly audit   'set-function-length': [ '1.2.2' ],
131 silly audit   'set-function-name': [ '2.0.2' ],
131 silly audit   'set-proto': [ '1.0.0' ],
131 silly audit   sharp: [ '0.34.5' ],
131 silly audit   'shebang-command': [ '2.0.0' ],
131 silly audit   'shebang-regex': [ '3.0.0' ],
131 silly audit   'side-channel': [ '1.1.0' ],
131 silly audit   'side-channel-list': [ '1.0.0' ],
131 silly audit   'side-channel-map': [ '1.0.1' ],
131 silly audit   'side-channel-weakmap': [ '1.0.2' ],
131 silly audit   siginfo: [ '2.0.0' ],
131 silly audit   'simple-concat': [ '1.0.1' ],
131 silly audit   'simple-get': [ '4.0.1' ],
131 silly audit   'source-map-js': [ '1.2.1' ],
131 silly audit   sqlstring: [ '2.3.3' ],
131 silly audit   'stable-hash': [ '0.0.5' ],
131 silly audit   stackback: [ '0.0.2' ],
131 silly audit   'stop-iteration-iterator': [ '1.1.0' ],
131 silly audit   string_decoder: [ '1.3.0' ],
131 silly audit   'string.prototype.includes': [ '2.0.1' ],
131 silly audit   'string.prototype.matchall': [ '4.0.12' ],
131 silly audit   'string.prototype.repeat': [ '1.0.0' ],
131 silly audit   'string.prototype.trim': [ '1.2.10' ],
131 silly audit   'string.prototype.trimend': [ '1.0.9' ],
131 silly audit   'string.prototype.trimstart': [ '1.0.8' ],
131 silly audit   'strip-bom': [ '3.0.0' ],
131 silly audit   'strip-indent': [ '3.0.0' ],
131 silly audit   'styled-jsx': [ '5.1.6' ],
131 silly audit   'supports-color': [ '7.2.0' ],
131 silly audit   'supports-preserve-symlinks-flag': [ '1.0.0' ],
131 silly audit   'symbol-tree': [ '3.2.4' ],
131 silly audit   'tailwind-merge': [ '3.5.0' ],
131 silly audit   tailwindcss: [ '4.2.1' ],
131 silly audit   tapable: [ '2.3.0' ],
131 silly audit   'tar-fs': [ '2.1.4' ],
131 silly audit   'tar-stream': [ '2.2.0' ],
131 silly audit   tinybench: [ '2.9.0' ],
131 silly audit   tinyexec: [ '1.0.4' ],
131 silly audit   tinyglobby: [ '0.2.15' ],
131 silly audit   fdir: [ '6.5.0' ],
131 silly audit   tinyrainbow: [ '3.1.0' ],
131 silly audit   tldts: [ '7.0.26' ],
131 silly audit   'tldts-core': [ '7.0.26' ],
131 silly audit   'to-regex-range': [ '5.0.1' ],
131 silly audit   'tough-cookie': [ '6.0.1' ],
131 silly audit   tr46: [ '6.0.0' ],
131 silly audit   'ts-api-utils': [ '2.4.0' ],
131 silly audit   'tsconfig-paths': [ '3.15.0' ],
131 silly audit   tslib: [ '2.8.1' ],
131 silly audit   tsx: [ '4.21.0' ],
131 silly audit   'tunnel-agent': [ '0.6.0' ],
131 silly audit   'type-check': [ '0.4.0' ],
131 silly audit   'typed-array-buffer': [ '1.0.3' ],
131 silly audit   'typed-array-byte-length': [ '1.0.3' ],
131 silly audit   'typed-array-byte-offset': [ '1.0.4' ],
131 silly audit   'typed-array-length': [ '1.0.7' ],
131 silly audit   typescript: [ '5.9.3' ],
131 silly audit   'typescript-eslint': [ '8.57.1' ],
131 silly audit   'unbox-primitive': [ '1.1.0' ],
131 silly audit   undici: [ '7.24.4' ],
131 silly audit   'undici-types': [ '6.21.0' ],
131 silly audit   'unrs-resolver': [ '1.11.1' ],
131 silly audit   'update-browserslist-db': [ '1.2.3' ],
131 silly audit   'uri-js': [ '4.4.1' ],
131 silly audit   'util-deprecate': [ '1.0.2' ],
131 silly audit   valibot: [ '1.2.0' ],
131 silly audit   vite: [ '8.0.0' ],
131 silly audit   vitest: [ '4.1.0' ],
131 silly audit   'w3c-xmlserializer': [ '5.0.0' ],
131 silly audit   'webidl-conversions': [ '8.0.1' ],
131 silly audit   'whatwg-mimetype': [ '5.0.0' ],
131 silly audit   'whatwg-url': [ '16.0.1' ],
131 silly audit   which: [ '2.0.2' ],
131 silly audit   'which-boxed-primitive': [ '1.1.1' ],
131 silly audit   'which-builtin-type': [ '1.2.1' ],
131 silly audit   'which-collection': [ '1.0.2' ],
131 silly audit   'which-typed-array': [ '1.1.20' ],
131 silly audit   'why-is-node-running': [ '2.3.0' ],
131 silly audit   'word-wrap': [ '1.2.5' ],
131 silly audit   wrappy: [ '1.0.2' ],
131 silly audit   'xml-name-validator': [ '5.0.0' ],
131 silly audit   xmlchars: [ '2.2.0' ],
131 silly audit   yallist: [ '3.1.1' ],
131 silly audit   'yocto-queue': [ '0.1.0' ],
131 silly audit   zeptomatch: [ '2.1.0' ],
131 silly audit   zod: [ '4.3.6' ],
131 silly audit   'zod-validation-error': [ '4.0.2' ],
131 silly audit   '@prisma/adapter-pg': [ '7.6.0' ],
131 silly audit   pg: [ '8.20.0' ],
131 silly audit   '@prisma/driver-adapter-utils': [ '7.6.0' ],
131 silly audit   '@types/pg': [ '8.20.0' ],
131 silly audit   'postgres-array': [ '3.0.4', '2.0.0' ],
131 silly audit   'pg-protocol': [ '1.13.0' ],
131 silly audit   'pg-types': [ '2.2.0' ],
131 silly audit   'pg-cloudflare': [ '1.3.0' ],
131 silly audit   'pg-connection-string': [ '2.12.0' ],
131 silly audit   'pg-pool': [ '3.13.0' ],
131 silly audit   pgpass: [ '1.0.5' ],
131 silly audit   'pg-int8': [ '1.0.1' ],
131 silly audit   'postgres-bytea': [ '1.0.1' ],
131 silly audit   'postgres-date': [ '1.0.7' ],
131 silly audit   'postgres-interval': [ '1.2.0' ],
131 silly audit   split2: [ '4.2.0' ],
131 silly audit   xtend: [ '4.0.2' ],
131 silly audit   '@tailwindcss/oxide-wasm32-wasi': [ '4.2.1' ]
131 silly audit }
132 verbose reify failed optional dependency /Users/mac/Documents/code/subsplit/node_modules/lightningcss-win32-x64-msvc
133 silly reify mark deleted [
133 silly reify   '/Users/mac/Documents/code/subsplit/node_modules/lightningcss-win32-x64-msvc'
133 silly reify ]
134 verbose reify failed optional dependency /Users/mac/Documents/code/subsplit/node_modules/lightningcss-win32-arm64-msvc
135 silly reify mark deleted [
135 silly reify   '/Users/mac/Documents/code/subsplit/node_modules/lightningcss-win32-arm64-msvc'
135 silly reify ]
136 verbose reify failed optional dependency /Users/mac/Documents/code/subsplit/node_modules/lightningcss-linux-x64-musl
137 silly reify mark deleted [
137 silly reify   '/Users/mac/Documents/code/subsplit/node_modules/lightningcss-linux-x64-musl'
137 silly reify ]
138 verbose reify failed optional dependency /Users/mac/Documents/code/subsplit/node_modules/lightningcss-linux-x64-gnu
139 silly reify mark deleted [
139 silly reify   '/Users/mac/Documents/code/subsplit/node_modules/lightningcss-linux-x64-gnu'
139 silly reify ]
140 verbose reify failed optional dependency /Users/mac/Documents/code/subsplit/node_modules/lightningcss-linux-arm64-musl
141 silly reify mark deleted [
141 silly reify   '/Users/mac/Documents/code/subsplit/node_modules/lightningcss-linux-arm64-musl'
141 silly reify ]
142 verbose reify failed optional dependency /Users/mac/Documents/code/subsplit/node_modules/lightningcss-linux-arm64-gnu
143 silly reify mark deleted [
143 silly reify   '/Users/mac/Documents/code/subsplit/node_modules/lightningcss-linux-arm64-gnu'
143 silly reify ]
144 verbose reify failed optional dependency /Users/mac/Documents/code/subsplit/node_modules/lightningcss-linux-arm-gnueabihf
145 silly reify mark deleted [
145 silly reify   '/Users/mac/Documents/code/subsplit/node_modules/lightningcss-linux-arm-gnueabihf'
145 silly reify ]
146 verbose reify failed optional dependency /Users/mac/Documents/code/subsplit/node_modules/lightningcss-freebsd-x64
147 silly reify mark deleted [
147 silly reify   '/Users/mac/Documents/code/subsplit/node_modules/lightningcss-freebsd-x64'
147 silly reify ]
148 verbose reify failed optional dependency /Users/mac/Documents/code/subsplit/node_modules/lightningcss-darwin-arm64
149 silly reify mark deleted [
149 silly reify   '/Users/mac/Documents/code/subsplit/node_modules/lightningcss-darwin-arm64'
149 silly reify ]
150 verbose reify failed optional dependency /Users/mac/Documents/code/subsplit/node_modules/lightningcss-android-arm64
151 silly reify mark deleted [
151 silly reify   '/Users/mac/Documents/code/subsplit/node_modules/lightningcss-android-arm64'
151 silly reify ]
152 verbose reify failed optional dependency /Users/mac/Documents/code/subsplit/node_modules/@unrs/resolver-binding-win32-x64-msvc
153 silly reify mark deleted [
153 silly reify   '/Users/mac/Documents/code/subsplit/node_modules/@unrs/resolver-binding-win32-x64-msvc'
153 silly reify ]
154 verbose reify failed optional dependency /Users/mac/Documents/code/subsplit/node_modules/@unrs/resolver-binding-win32-ia32-msvc
155 silly reify mark deleted [
155 silly reify   '/Users/mac/Documents/code/subsplit/node_modules/@unrs/resolver-binding-win32-ia32-msvc'
155 silly reify ]
156 verbose reify failed optional dependency /Users/mac/Documents/code/subsplit/node_modules/@unrs/resolver-binding-win32-arm64-msvc
157 silly reify mark deleted [
157 silly reify   '/Users/mac/Documents/code/subsplit/node_modules/@unrs/resolver-binding-win32-arm64-msvc'
157 silly reify ]
158 verbose reify failed optional dependency /Users/mac/Documents/code/subsplit/node_modules/@unrs/resolver-binding-wasm32-wasi
159 silly reify mark deleted [
159 silly reify   '/Users/mac/Documents/code/subsplit/node_modules/@unrs/resolver-binding-wasm32-wasi'
159 silly reify ]
160 verbose reify failed optional dependency /Users/mac/Documents/code/subsplit/node_modules/@unrs/resolver-binding-linux-x64-musl
161 silly reify mark deleted [
161 silly reify   '/Users/mac/Documents/code/subsplit/node_modules/@unrs/resolver-binding-linux-x64-musl'
161 silly reify ]
162 verbose reify failed optional dependency /Users/mac/Documents/code/subsplit/node_modules/@unrs/resolver-binding-linux-x64-gnu
163 silly reify mark deleted [
163 silly reify   '/Users/mac/Documents/code/subsplit/node_modules/@unrs/resolver-binding-linux-x64-gnu'
163 silly reify ]
164 verbose reify failed optional dependency /Users/mac/Documents/code/subsplit/node_modules/@unrs/resolver-binding-linux-s390x-gnu
165 silly reify mark deleted [
165 silly reify   '/Users/mac/Documents/code/subsplit/node_modules/@unrs/resolver-binding-linux-s390x-gnu'
165 silly reify ]
166 verbose reify failed optional dependency /Users/mac/Documents/code/subsplit/node_modules/@unrs/resolver-binding-linux-riscv64-musl
167 silly reify mark deleted [
167 silly reify   '/Users/mac/Documents/code/subsplit/node_modules/@unrs/resolver-binding-linux-riscv64-musl'
167 silly reify ]
168 verbose reify failed optional dependency /Users/mac/Documents/code/subsplit/node_modules/@unrs/resolver-binding-linux-riscv64-gnu
169 silly reify mark deleted [
169 silly reify   '/Users/mac/Documents/code/subsplit/node_modules/@unrs/resolver-binding-linux-riscv64-gnu'
169 silly reify ]
170 verbose reify failed optional dependency /Users/mac/Documents/code/subsplit/node_modules/@unrs/resolver-binding-linux-ppc64-gnu
171 silly reify mark deleted [
171 silly reify   '/Users/mac/Documents/code/subsplit/node_modules/@unrs/resolver-binding-linux-ppc64-gnu'
171 silly reify ]
172 verbose reify failed optional dependency /Users/mac/Documents/code/subsplit/node_modules/@unrs/resolver-binding-linux-arm64-musl
173 silly reify mark deleted [
173 silly reify   '/Users/mac/Documents/code/subsplit/node_modules/@unrs/resolver-binding-linux-arm64-musl'
173 silly reify ]
174 verbose reify failed optional dependency /Users/mac/Documents/code/subsplit/node_modules/@unrs/resolver-binding-linux-arm64-gnu
175 silly reify mark deleted [
175 silly reify   '/Users/mac/Documents/code/subsplit/node_modules/@unrs/resolver-binding-linux-arm64-gnu'
175 silly reify ]
176 verbose reify failed optional dependency /Users/mac/Documents/code/subsplit/node_modules/@unrs/resolver-binding-linux-arm-musleabihf
177 silly reify mark deleted [
177 silly reify   '/Users/mac/Documents/code/subsplit/node_modules/@unrs/resolver-binding-linux-arm-musleabihf'
177 silly reify ]
178 verbose reify failed optional dependency /Users/mac/Documents/code/subsplit/node_modules/@unrs/resolver-binding-linux-arm-gnueabihf
179 silly reify mark deleted [
179 silly reify   '/Users/mac/Documents/code/subsplit/node_modules/@unrs/resolver-binding-linux-arm-gnueabihf'
179 silly reify ]
180 verbose reify failed optional dependency /Users/mac/Documents/code/subsplit/node_modules/@unrs/resolver-binding-freebsd-x64
181 silly reify mark deleted [
181 silly reify   '/Users/mac/Documents/code/subsplit/node_modules/@unrs/resolver-binding-freebsd-x64'
181 silly reify ]
182 verbose reify failed optional dependency /Users/mac/Documents/code/subsplit/node_modules/@unrs/resolver-binding-darwin-arm64
183 silly reify mark deleted [
183 silly reify   '/Users/mac/Documents/code/subsplit/node_modules/@unrs/resolver-binding-darwin-arm64'
183 silly reify ]
184 verbose reify failed optional dependency /Users/mac/Documents/code/subsplit/node_modules/@unrs/resolver-binding-android-arm64
185 silly reify mark deleted [
185 silly reify   '/Users/mac/Documents/code/subsplit/node_modules/@unrs/resolver-binding-android-arm64'
185 silly reify ]
186 verbose reify failed optional dependency /Users/mac/Documents/code/subsplit/node_modules/@unrs/resolver-binding-android-arm-eabi
187 silly reify mark deleted [
187 silly reify   '/Users/mac/Documents/code/subsplit/node_modules/@unrs/resolver-binding-android-arm-eabi'
187 silly reify ]
188 verbose reify failed optional dependency /Users/mac/Documents/code/subsplit/node_modules/@tailwindcss/oxide-win32-x64-msvc
189 silly reify mark deleted [
189 silly reify   '/Users/mac/Documents/code/subsplit/node_modules/@tailwindcss/oxide-win32-x64-msvc'
189 silly reify ]
190 verbose reify failed optional dependency /Users/mac/Documents/code/subsplit/node_modules/@tailwindcss/oxide-win32-arm64-msvc
191 silly reify mark deleted [
191 silly reify   '/Users/mac/Documents/code/subsplit/node_modules/@tailwindcss/oxide-win32-arm64-msvc'
191 silly reify ]
192 verbose reify failed optional dependency /Users/mac/Documents/code/subsplit/node_modules/@tailwindcss/oxide-linux-x64-musl
193 silly reify mark deleted [
193 silly reify   '/Users/mac/Documents/code/subsplit/node_modules/@tailwindcss/oxide-linux-x64-musl'
193 silly reify ]
194 verbose reify failed optional dependency /Users/mac/Documents/code/subsplit/node_modules/@tailwindcss/oxide-linux-x64-gnu
195 silly reify mark deleted [
195 silly reify   '/Users/mac/Documents/code/subsplit/node_modules/@tailwindcss/oxide-linux-x64-gnu'
195 silly reify ]
196 verbose reify failed optional dependency /Users/mac/Documents/code/subsplit/node_modules/@tailwindcss/oxide-linux-arm64-musl
197 silly reify mark deleted [
197 silly reify   '/Users/mac/Documents/code/subsplit/node_modules/@tailwindcss/oxide-linux-arm64-musl'
197 silly reify ]
198 verbose reify failed optional dependency /Users/mac/Documents/code/subsplit/node_modules/@tailwindcss/oxide-linux-arm64-gnu
199 silly reify mark deleted [
199 silly reify   '/Users/mac/Documents/code/subsplit/node_modules/@tailwindcss/oxide-linux-arm64-gnu'
199 silly reify ]
200 verbose reify failed optional dependency /Users/mac/Documents/code/subsplit/node_modules/@tailwindcss/oxide-linux-arm-gnueabihf
201 silly reify mark deleted [
201 silly reify   '/Users/mac/Documents/code/subsplit/node_modules/@tailwindcss/oxide-linux-arm-gnueabihf'
201 silly reify ]
202 verbose reify failed optional dependency /Users/mac/Documents/code/subsplit/node_modules/@tailwindcss/oxide-freebsd-x64
203 silly reify mark deleted [
203 silly reify   '/Users/mac/Documents/code/subsplit/node_modules/@tailwindcss/oxide-freebsd-x64'
203 silly reify ]
204 verbose reify failed optional dependency /Users/mac/Documents/code/subsplit/node_modules/@tailwindcss/oxide-darwin-arm64
205 silly reify mark deleted [
205 silly reify   '/Users/mac/Documents/code/subsplit/node_modules/@tailwindcss/oxide-darwin-arm64'
205 silly reify ]
206 verbose reify failed optional dependency /Users/mac/Documents/code/subsplit/node_modules/@tailwindcss/oxide-android-arm64
207 silly reify mark deleted [
207 silly reify   '/Users/mac/Documents/code/subsplit/node_modules/@tailwindcss/oxide-android-arm64'
207 silly reify ]
208 verbose reify failed optional dependency /Users/mac/Documents/code/subsplit/node_modules/@rolldown/binding-win32-x64-msvc
209 silly reify mark deleted [
209 silly reify   '/Users/mac/Documents/code/subsplit/node_modules/@rolldown/binding-win32-x64-msvc'
209 silly reify ]
210 verbose reify failed optional dependency /Users/mac/Documents/code/subsplit/node_modules/@rolldown/binding-win32-arm64-msvc
211 silly reify mark deleted [
211 silly reify   '/Users/mac/Documents/code/subsplit/node_modules/@rolldown/binding-win32-arm64-msvc'
211 silly reify ]
212 verbose reify failed optional dependency /Users/mac/Documents/code/subsplit/node_modules/@rolldown/binding-wasm32-wasi
213 silly reify mark deleted [
213 silly reify   '/Users/mac/Documents/code/subsplit/node_modules/@rolldown/binding-wasm32-wasi'
213 silly reify ]
214 verbose reify failed optional dependency /Users/mac/Documents/code/subsplit/node_modules/@rolldown/binding-wasm32-wasi/node_modules/@napi-rs/wasm-runtime
215 silly reify mark deleted [
215 silly reify   '/Users/mac/Documents/code/subsplit/node_modules/@rolldown/binding-wasm32-wasi/node_modules/@napi-rs/wasm-runtime'
215 silly reify ]
216 verbose reify failed optional dependency /Users/mac/Documents/code/subsplit/node_modules/@rolldown/binding-openharmony-arm64
217 silly reify mark deleted [
217 silly reify   '/Users/mac/Documents/code/subsplit/node_modules/@rolldown/binding-openharmony-arm64'
217 silly reify ]
218 verbose reify failed optional dependency /Users/mac/Documents/code/subsplit/node_modules/@rolldown/binding-linux-x64-musl
219 silly reify mark deleted [
219 silly reify   '/Users/mac/Documents/code/subsplit/node_modules/@rolldown/binding-linux-x64-musl'
219 silly reify ]
220 verbose reify failed optional dependency /Users/mac/Documents/code/subsplit/node_modules/@rolldown/binding-linux-x64-gnu
221 silly reify mark deleted [
221 silly reify   '/Users/mac/Documents/code/subsplit/node_modules/@rolldown/binding-linux-x64-gnu'
221 silly reify ]
222 verbose reify failed optional dependency /Users/mac/Documents/code/subsplit/node_modules/@rolldown/binding-linux-s390x-gnu
223 silly reify mark deleted [
223 silly reify   '/Users/mac/Documents/code/subsplit/node_modules/@rolldown/binding-linux-s390x-gnu'
223 silly reify ]
224 verbose reify failed optional dependency /Users/mac/Documents/code/subsplit/node_modules/@rolldown/binding-linux-ppc64-gnu
225 silly reify mark deleted [
225 silly reify   '/Users/mac/Documents/code/subsplit/node_modules/@rolldown/binding-linux-ppc64-gnu'
225 silly reify ]
226 verbose reify failed optional dependency /Users/mac/Documents/code/subsplit/node_modules/@rolldown/binding-linux-arm64-musl
227 silly reify mark deleted [
227 silly reify   '/Users/mac/Documents/code/subsplit/node_modules/@rolldown/binding-linux-arm64-musl'
227 silly reify ]
228 verbose reify failed optional dependency /Users/mac/Documents/code/subsplit/node_modules/@rolldown/binding-linux-arm64-gnu
229 silly reify mark deleted [
229 silly reify   '/Users/mac/Documents/code/subsplit/node_modules/@rolldown/binding-linux-arm64-gnu'
229 silly reify ]
230 verbose reify failed optional dependency /Users/mac/Documents/code/subsplit/node_modules/@rolldown/binding-linux-arm-gnueabihf
231 silly reify mark deleted [
231 silly reify   '/Users/mac/Documents/code/subsplit/node_modules/@rolldown/binding-linux-arm-gnueabihf'
231 silly reify ]
232 verbose reify failed optional dependency /Users/mac/Documents/code/subsplit/node_modules/@rolldown/binding-freebsd-x64
233 silly reify mark deleted [
233 silly reify   '/Users/mac/Documents/code/subsplit/node_modules/@rolldown/binding-freebsd-x64'
233 silly reify ]
234 verbose reify failed optional dependency /Users/mac/Documents/code/subsplit/node_modules/@rolldown/binding-darwin-arm64
235 silly reify mark deleted [
235 silly reify   '/Users/mac/Documents/code/subsplit/node_modules/@rolldown/binding-darwin-arm64'
235 silly reify ]
236 verbose reify failed optional dependency /Users/mac/Documents/code/subsplit/node_modules/@rolldown/binding-android-arm64
237 silly reify mark deleted [
237 silly reify   '/Users/mac/Documents/code/subsplit/node_modules/@rolldown/binding-android-arm64'
237 silly reify ]
238 verbose reify failed optional dependency /Users/mac/Documents/code/subsplit/node_modules/@next/swc-win32-x64-msvc
239 silly reify mark deleted [
239 silly reify   '/Users/mac/Documents/code/subsplit/node_modules/@next/swc-win32-x64-msvc'
239 silly reify ]
240 verbose reify failed optional dependency /Users/mac/Documents/code/subsplit/node_modules/@next/swc-win32-arm64-msvc
241 silly reify mark deleted [
241 silly reify   '/Users/mac/Documents/code/subsplit/node_modules/@next/swc-win32-arm64-msvc'
241 silly reify ]
242 verbose reify failed optional dependency /Users/mac/Documents/code/subsplit/node_modules/@next/swc-linux-x64-musl
243 silly reify mark deleted [
243 silly reify   '/Users/mac/Documents/code/subsplit/node_modules/@next/swc-linux-x64-musl'
243 silly reify ]
244 verbose reify failed optional dependency /Users/mac/Documents/code/subsplit/node_modules/@next/swc-linux-x64-gnu
245 silly reify mark deleted [
245 silly reify   '/Users/mac/Documents/code/subsplit/node_modules/@next/swc-linux-x64-gnu'
245 silly reify ]
246 verbose reify failed optional dependency /Users/mac/Documents/code/subsplit/node_modules/@next/swc-linux-arm64-musl
247 silly reify mark deleted [
247 silly reify   '/Users/mac/Documents/code/subsplit/node_modules/@next/swc-linux-arm64-musl'
247 silly reify ]
248 verbose reify failed optional dependency /Users/mac/Documents/code/subsplit/node_modules/@next/swc-linux-arm64-gnu
249 silly reify mark deleted [
249 silly reify   '/Users/mac/Documents/code/subsplit/node_modules/@next/swc-linux-arm64-gnu'
249 silly reify ]
250 verbose reify failed optional dependency /Users/mac/Documents/code/subsplit/node_modules/@next/swc-darwin-arm64
251 silly reify mark deleted [
251 silly reify   '/Users/mac/Documents/code/subsplit/node_modules/@next/swc-darwin-arm64'
251 silly reify ]
252 verbose reify failed optional dependency /Users/mac/Documents/code/subsplit/node_modules/@img/sharp-win32-x64
253 silly reify mark deleted [
253 silly reify   '/Users/mac/Documents/code/subsplit/node_modules/@img/sharp-win32-x64'
253 silly reify ]
254 verbose reify failed optional dependency /Users/mac/Documents/code/subsplit/node_modules/@img/sharp-win32-ia32
255 silly reify mark deleted [
255 silly reify   '/Users/mac/Documents/code/subsplit/node_modules/@img/sharp-win32-ia32'
255 silly reify ]
256 verbose reify failed optional dependency /Users/mac/Documents/code/subsplit/node_modules/@img/sharp-win32-arm64
257 silly reify mark deleted [
257 silly reify   '/Users/mac/Documents/code/subsplit/node_modules/@img/sharp-win32-arm64'
257 silly reify ]
258 verbose reify failed optional dependency /Users/mac/Documents/code/subsplit/node_modules/@img/sharp-wasm32
259 silly reify mark deleted [ '/Users/mac/Documents/code/subsplit/node_modules/@img/sharp-wasm32' ]
260 verbose reify failed optional dependency /Users/mac/Documents/code/subsplit/node_modules/@img/sharp-linuxmusl-x64
261 silly reify mark deleted [
261 silly reify   '/Users/mac/Documents/code/subsplit/node_modules/@img/sharp-linuxmusl-x64'
261 silly reify ]
262 verbose reify failed optional dependency /Users/mac/Documents/code/subsplit/node_modules/@img/sharp-linuxmusl-arm64
263 silly reify mark deleted [
263 silly reify   '/Users/mac/Documents/code/subsplit/node_modules/@img/sharp-linuxmusl-arm64'
263 silly reify ]
264 verbose reify failed optional dependency /Users/mac/Documents/code/subsplit/node_modules/@img/sharp-linux-x64
265 silly reify mark deleted [
265 silly reify   '/Users/mac/Documents/code/subsplit/node_modules/@img/sharp-linux-x64'
265 silly reify ]
266 verbose reify failed optional dependency /Users/mac/Documents/code/subsplit/node_modules/@img/sharp-linux-s390x
267 silly reify mark deleted [
267 silly reify   '/Users/mac/Documents/code/subsplit/node_modules/@img/sharp-linux-s390x'
267 silly reify ]
268 verbose reify failed optional dependency /Users/mac/Documents/code/subsplit/node_modules/@img/sharp-linux-riscv64
269 silly reify mark deleted [
269 silly reify   '/Users/mac/Documents/code/subsplit/node_modules/@img/sharp-linux-riscv64'
269 silly reify ]
270 verbose reify failed optional dependency /Users/mac/Documents/code/subsplit/node_modules/@img/sharp-linux-ppc64
271 silly reify mark deleted [
271 silly reify   '/Users/mac/Documents/code/subsplit/node_modules/@img/sharp-linux-ppc64'
271 silly reify ]
272 verbose reify failed optional dependency /Users/mac/Documents/code/subsplit/node_modules/@img/sharp-linux-arm64
273 silly reify mark deleted [
273 silly reify   '/Users/mac/Documents/code/subsplit/node_modules/@img/sharp-linux-arm64'
273 silly reify ]
274 verbose reify failed optional dependency /Users/mac/Documents/code/subsplit/node_modules/@img/sharp-linux-arm
275 silly reify mark deleted [
275 silly reify   '/Users/mac/Documents/code/subsplit/node_modules/@img/sharp-linux-arm'
275 silly reify ]
276 verbose reify failed optional dependency /Users/mac/Documents/code/subsplit/node_modules/@img/sharp-libvips-linuxmusl-x64
277 silly reify mark deleted [
277 silly reify   '/Users/mac/Documents/code/subsplit/node_modules/@img/sharp-libvips-linuxmusl-x64'
277 silly reify ]
278 verbose reify failed optional dependency /Users/mac/Documents/code/subsplit/node_modules/@img/sharp-libvips-linuxmusl-arm64
279 silly reify mark deleted [
279 silly reify   '/Users/mac/Documents/code/subsplit/node_modules/@img/sharp-libvips-linuxmusl-arm64'
279 silly reify ]
280 verbose reify failed optional dependency /Users/mac/Documents/code/subsplit/node_modules/@img/sharp-libvips-linux-x64
281 silly reify mark deleted [
281 silly reify   '/Users/mac/Documents/code/subsplit/node_modules/@img/sharp-libvips-linux-x64'
281 silly reify ]
282 verbose reify failed optional dependency /Users/mac/Documents/code/subsplit/node_modules/@img/sharp-libvips-linux-s390x
283 silly reify mark deleted [
283 silly reify   '/Users/mac/Documents/code/subsplit/node_modules/@img/sharp-libvips-linux-s390x'
283 silly reify ]
284 verbose reify failed optional dependency /Users/mac/Documents/code/subsplit/node_modules/@img/sharp-libvips-linux-riscv64
285 silly reify mark deleted [
285 silly reify   '/Users/mac/Documents/code/subsplit/node_modules/@img/sharp-libvips-linux-riscv64'
285 silly reify ]
286 verbose reify failed optional dependency /Users/mac/Documents/code/subsplit/node_modules/@img/sharp-libvips-linux-ppc64
287 silly reify mark deleted [
287 silly reify   '/Users/mac/Documents/code/subsplit/node_modules/@img/sharp-libvips-linux-ppc64'
287 silly reify ]
288 verbose reify failed optional dependency /Users/mac/Documents/code/subsplit/node_modules/@img/sharp-libvips-linux-arm64
289 silly reify mark deleted [
289 silly reify   '/Users/mac/Documents/code/subsplit/node_modules/@img/sharp-libvips-linux-arm64'
289 silly reify ]
290 verbose reify failed optional dependency /Users/mac/Documents/code/subsplit/node_modules/@img/sharp-libvips-linux-arm
291 silly reify mark deleted [
291 silly reify   '/Users/mac/Documents/code/subsplit/node_modules/@img/sharp-libvips-linux-arm'
291 silly reify ]
292 verbose reify failed optional dependency /Users/mac/Documents/code/subsplit/node_modules/@img/sharp-libvips-darwin-arm64
293 silly reify mark deleted [
293 silly reify   '/Users/mac/Documents/code/subsplit/node_modules/@img/sharp-libvips-darwin-arm64'
293 silly reify ]
294 verbose reify failed optional dependency /Users/mac/Documents/code/subsplit/node_modules/@img/sharp-darwin-arm64
295 silly reify mark deleted [
295 silly reify   '/Users/mac/Documents/code/subsplit/node_modules/@img/sharp-darwin-arm64'
295 silly reify ]
296 verbose reify failed optional dependency /Users/mac/Documents/code/subsplit/node_modules/@esbuild/win32-x64
297 silly reify mark deleted [
297 silly reify   '/Users/mac/Documents/code/subsplit/node_modules/@esbuild/win32-x64'
297 silly reify ]
298 verbose reify failed optional dependency /Users/mac/Documents/code/subsplit/node_modules/@esbuild/win32-ia32
299 silly reify mark deleted [
299 silly reify   '/Users/mac/Documents/code/subsplit/node_modules/@esbuild/win32-ia32'
299 silly reify ]
300 verbose reify failed optional dependency /Users/mac/Documents/code/subsplit/node_modules/@esbuild/win32-arm64
301 silly reify mark deleted [
301 silly reify   '/Users/mac/Documents/code/subsplit/node_modules/@esbuild/win32-arm64'
301 silly reify ]
302 verbose reify failed optional dependency /Users/mac/Documents/code/subsplit/node_modules/@esbuild/sunos-x64
303 silly reify mark deleted [
303 silly reify   '/Users/mac/Documents/code/subsplit/node_modules/@esbuild/sunos-x64'
303 silly reify ]
304 verbose reify failed optional dependency /Users/mac/Documents/code/subsplit/node_modules/@esbuild/openharmony-arm64
305 silly reify mark deleted [
305 silly reify   '/Users/mac/Documents/code/subsplit/node_modules/@esbuild/openharmony-arm64'
305 silly reify ]
306 verbose reify failed optional dependency /Users/mac/Documents/code/subsplit/node_modules/@esbuild/openbsd-x64
307 silly reify mark deleted [
307 silly reify   '/Users/mac/Documents/code/subsplit/node_modules/@esbuild/openbsd-x64'
307 silly reify ]
308 verbose reify failed optional dependency /Users/mac/Documents/code/subsplit/node_modules/@esbuild/openbsd-arm64
309 silly reify mark deleted [
309 silly reify   '/Users/mac/Documents/code/subsplit/node_modules/@esbuild/openbsd-arm64'
309 silly reify ]
310 verbose reify failed optional dependency /Users/mac/Documents/code/subsplit/node_modules/@esbuild/netbsd-x64
311 silly reify mark deleted [
311 silly reify   '/Users/mac/Documents/code/subsplit/node_modules/@esbuild/netbsd-x64'
311 silly reify ]
312 verbose reify failed optional dependency /Users/mac/Documents/code/subsplit/node_modules/@esbuild/netbsd-arm64
313 silly reify mark deleted [
313 silly reify   '/Users/mac/Documents/code/subsplit/node_modules/@esbuild/netbsd-arm64'
313 silly reify ]
314 verbose reify failed optional dependency /Users/mac/Documents/code/subsplit/node_modules/@esbuild/linux-x64
315 silly reify mark deleted [
315 silly reify   '/Users/mac/Documents/code/subsplit/node_modules/@esbuild/linux-x64'
315 silly reify ]
316 verbose reify failed optional dependency /Users/mac/Documents/code/subsplit/node_modules/@esbuild/linux-s390x
317 silly reify mark deleted [
317 silly reify   '/Users/mac/Documents/code/subsplit/node_modules/@esbuild/linux-s390x'
317 silly reify ]
318 verbose reify failed optional dependency /Users/mac/Documents/code/subsplit/node_modules/@esbuild/linux-riscv64
319 silly reify mark deleted [
319 silly reify   '/Users/mac/Documents/code/subsplit/node_modules/@esbuild/linux-riscv64'
319 silly reify ]
320 verbose reify failed optional dependency /Users/mac/Documents/code/subsplit/node_modules/@esbuild/linux-ppc64
321 silly reify mark deleted [
321 silly reify   '/Users/mac/Documents/code/subsplit/node_modules/@esbuild/linux-ppc64'
321 silly reify ]
322 verbose reify failed optional dependency /Users/mac/Documents/code/subsplit/node_modules/@esbuild/linux-mips64el
323 silly reify mark deleted [
323 silly reify   '/Users/mac/Documents/code/subsplit/node_modules/@esbuild/linux-mips64el'
323 silly reify ]
324 verbose reify failed optional dependency /Users/mac/Documents/code/subsplit/node_modules/@esbuild/linux-loong64
325 silly reify mark deleted [
325 silly reify   '/Users/mac/Documents/code/subsplit/node_modules/@esbuild/linux-loong64'
325 silly reify ]
326 verbose reify failed optional dependency /Users/mac/Documents/code/subsplit/node_modules/@esbuild/linux-ia32
327 silly reify mark deleted [
327 silly reify   '/Users/mac/Documents/code/subsplit/node_modules/@esbuild/linux-ia32'
327 silly reify ]
328 verbose reify failed optional dependency /Users/mac/Documents/code/subsplit/node_modules/@esbuild/linux-arm64
329 silly reify mark deleted [
329 silly reify   '/Users/mac/Documents/code/subsplit/node_modules/@esbuild/linux-arm64'
329 silly reify ]
330 verbose reify failed optional dependency /Users/mac/Documents/code/subsplit/node_modules/@esbuild/linux-arm
331 silly reify mark deleted [
331 silly reify   '/Users/mac/Documents/code/subsplit/node_modules/@esbuild/linux-arm'
331 silly reify ]
332 verbose reify failed optional dependency /Users/mac/Documents/code/subsplit/node_modules/@esbuild/freebsd-x64
333 silly reify mark deleted [
333 silly reify   '/Users/mac/Documents/code/subsplit/node_modules/@esbuild/freebsd-x64'
333 silly reify ]
334 verbose reify failed optional dependency /Users/mac/Documents/code/subsplit/node_modules/@esbuild/freebsd-arm64
335 silly reify mark deleted [
335 silly reify   '/Users/mac/Documents/code/subsplit/node_modules/@esbuild/freebsd-arm64'
335 silly reify ]
336 verbose reify failed optional dependency /Users/mac/Documents/code/subsplit/node_modules/@esbuild/darwin-arm64
337 silly reify mark deleted [
337 silly reify   '/Users/mac/Documents/code/subsplit/node_modules/@esbuild/darwin-arm64'
337 silly reify ]
338 verbose reify failed optional dependency /Users/mac/Documents/code/subsplit/node_modules/@esbuild/android-x64
339 silly reify mark deleted [
339 silly reify   '/Users/mac/Documents/code/subsplit/node_modules/@esbuild/android-x64'
339 silly reify ]
340 verbose reify failed optional dependency /Users/mac/Documents/code/subsplit/node_modules/@esbuild/android-arm64
341 silly reify mark deleted [
341 silly reify   '/Users/mac/Documents/code/subsplit/node_modules/@esbuild/android-arm64'
341 silly reify ]
342 verbose reify failed optional dependency /Users/mac/Documents/code/subsplit/node_modules/@esbuild/android-arm
343 silly reify mark deleted [
343 silly reify   '/Users/mac/Documents/code/subsplit/node_modules/@esbuild/android-arm'
343 silly reify ]
344 verbose reify failed optional dependency /Users/mac/Documents/code/subsplit/node_modules/@esbuild/aix-ppc64
345 silly reify mark deleted [
345 silly reify   '/Users/mac/Documents/code/subsplit/node_modules/@esbuild/aix-ppc64'
345 silly reify ]
346 verbose reify failed optional dependency /Users/mac/Documents/code/subsplit/node_modules/vite/node_modules/lightningcss-win32-x64-msvc
347 silly reify mark deleted [
347 silly reify   '/Users/mac/Documents/code/subsplit/node_modules/vite/node_modules/lightningcss-win32-x64-msvc'
347 silly reify ]
348 verbose reify failed optional dependency /Users/mac/Documents/code/subsplit/node_modules/vite/node_modules/lightningcss-win32-arm64-msvc
349 silly reify mark deleted [
349 silly reify   '/Users/mac/Documents/code/subsplit/node_modules/vite/node_modules/lightningcss-win32-arm64-msvc'
349 silly reify ]
350 verbose reify failed optional dependency /Users/mac/Documents/code/subsplit/node_modules/vite/node_modules/lightningcss-linux-x64-musl
351 silly reify mark deleted [
351 silly reify   '/Users/mac/Documents/code/subsplit/node_modules/vite/node_modules/lightningcss-linux-x64-musl'
351 silly reify ]
352 verbose reify failed optional dependency /Users/mac/Documents/code/subsplit/node_modules/vite/node_modules/lightningcss-linux-x64-gnu
353 silly reify mark deleted [
353 silly reify   '/Users/mac/Documents/code/subsplit/node_modules/vite/node_modules/lightningcss-linux-x64-gnu'
353 silly reify ]
354 verbose reify failed optional dependency /Users/mac/Documents/code/subsplit/node_modules/vite/node_modules/lightningcss-linux-arm64-musl
355 silly reify mark deleted [
355 silly reify   '/Users/mac/Documents/code/subsplit/node_modules/vite/node_modules/lightningcss-linux-arm64-musl'
355 silly reify ]
356 verbose reify failed optional dependency /Users/mac/Documents/code/subsplit/node_modules/vite/node_modules/lightningcss-linux-arm64-gnu
357 silly reify mark deleted [
357 silly reify   '/Users/mac/Documents/code/subsplit/node_modules/vite/node_modules/lightningcss-linux-arm64-gnu'
357 silly reify ]
358 verbose reify failed optional dependency /Users/mac/Documents/code/subsplit/node_modules/vite/node_modules/lightningcss-linux-arm-gnueabihf
359 silly reify mark deleted [
359 silly reify   '/Users/mac/Documents/code/subsplit/node_modules/vite/node_modules/lightningcss-linux-arm-gnueabihf'
359 silly reify ]
360 verbose reify failed optional dependency /Users/mac/Documents/code/subsplit/node_modules/vite/node_modules/lightningcss-freebsd-x64
361 silly reify mark deleted [
361 silly reify   '/Users/mac/Documents/code/subsplit/node_modules/vite/node_modules/lightningcss-freebsd-x64'
361 silly reify ]
362 verbose reify failed optional dependency /Users/mac/Documents/code/subsplit/node_modules/vite/node_modules/lightningcss-darwin-arm64
363 silly reify mark deleted [
363 silly reify   '/Users/mac/Documents/code/subsplit/node_modules/vite/node_modules/lightningcss-darwin-arm64'
363 silly reify ]
364 verbose reify failed optional dependency /Users/mac/Documents/code/subsplit/node_modules/vite/node_modules/lightningcss-android-arm64
365 silly reify mark deleted [
365 silly reify   '/Users/mac/Documents/code/subsplit/node_modules/vite/node_modules/lightningcss-android-arm64'
365 silly reify ]
366 http cache split2@https://registry.npmjs.org/split2/-/split2-4.2.0.tgz 0ms (cache hit)
367 http cache xtend@https://registry.npmjs.org/xtend/-/xtend-4.0.2.tgz 0ms (cache hit)
368 http cache postgres-date@https://registry.npmjs.org/postgres-date/-/postgres-date-1.0.7.tgz 0ms (cache hit)
369 http cache pg-pool@https://registry.npmjs.org/pg-pool/-/pg-pool-3.13.0.tgz 0ms (cache hit)
370 http cache pg-int8@https://registry.npmjs.org/pg-int8/-/pg-int8-1.0.1.tgz 0ms (cache hit)
371 http cache postgres-interval@https://registry.npmjs.org/postgres-interval/-/postgres-interval-1.2.0.tgz 0ms (cache hit)
372 http cache pgpass@https://registry.npmjs.org/pgpass/-/pgpass-1.0.5.tgz 0ms (cache hit)
373 http cache pg-connection-string@https://registry.npmjs.org/pg-connection-string/-/pg-connection-string-2.12.0.tgz 0ms (cache hit)
374 http cache pg-cloudflare@https://registry.npmjs.org/pg-cloudflare/-/pg-cloudflare-1.3.0.tgz 0ms (cache hit)
375 http cache pg-types@https://registry.npmjs.org/pg-types/-/pg-types-2.2.0.tgz 0ms (cache hit)
376 http cache pg-protocol@https://registry.npmjs.org/pg-protocol/-/pg-protocol-1.13.0.tgz 0ms (cache hit)
377 http cache postgres-bytea@https://registry.npmjs.org/postgres-bytea/-/postgres-bytea-1.0.1.tgz 0ms (cache hit)
378 http cache postgres-array@https://registry.npmjs.org/postgres-array/-/postgres-array-3.0.4.tgz 0ms (cache hit)
379 http cache @types/pg@https://registry.npmjs.org/@types/pg/-/pg-8.20.0.tgz 0ms (cache hit)
380 http cache @prisma/driver-adapter-utils@https://registry.npmjs.org/@prisma/driver-adapter-utils/-/driver-adapter-utils-7.6.0.tgz 0ms (cache hit)
381 http cache pg@https://registry.npmjs.org/pg/-/pg-8.20.0.tgz 0ms (cache hit)
382 http cache postgres-array@https://registry.npmjs.org/postgres-array/-/postgres-array-2.0.0.tgz 0ms (cache hit)
383 http cache @prisma/adapter-pg@https://registry.npmjs.org/@prisma/adapter-pg/-/adapter-pg-7.6.0.tgz 0ms (cache hit)
384 http cache @prisma/debug@https://registry.npmjs.org/@prisma/debug/-/debug-7.6.0.tgz 0ms (cache hit)
385 http cache @napi-rs/wasm-runtime@https://registry.npmjs.org/@napi-rs/wasm-runtime/-/wasm-runtime-1.1.1.tgz 0ms (cache hit)
386 silly tarball no local data for split2@https://registry.npmjs.org/split2/-/split2-4.2.0.tgz. Extracting by manifest.
387 silly tarball no local data for xtend@https://registry.npmjs.org/xtend/-/xtend-4.0.2.tgz. Extracting by manifest.
388 silly tarball no local data for postgres-date@https://registry.npmjs.org/postgres-date/-/postgres-date-1.0.7.tgz. Extracting by manifest.
389 silly tarball no local data for pg-pool@https://registry.npmjs.org/pg-pool/-/pg-pool-3.13.0.tgz. Extracting by manifest.
390 silly tarball no local data for pg-int8@https://registry.npmjs.org/pg-int8/-/pg-int8-1.0.1.tgz. Extracting by manifest.
391 silly tarball no local data for postgres-interval@https://registry.npmjs.org/postgres-interval/-/postgres-interval-1.2.0.tgz. Extracting by manifest.
392 silly tarball no local data for pgpass@https://registry.npmjs.org/pgpass/-/pgpass-1.0.5.tgz. Extracting by manifest.
393 silly tarball no local data for pg-connection-string@https://registry.npmjs.org/pg-connection-string/-/pg-connection-string-2.12.0.tgz. Extracting by manifest.
394 silly tarball no local data for pg-cloudflare@https://registry.npmjs.org/pg-cloudflare/-/pg-cloudflare-1.3.0.tgz. Extracting by manifest.
395 silly tarball no local data for pg-types@https://registry.npmjs.org/pg-types/-/pg-types-2.2.0.tgz. Extracting by manifest.
396 silly tarball no local data for pg-protocol@https://registry.npmjs.org/pg-protocol/-/pg-protocol-1.13.0.tgz. Extracting by manifest.
397 silly tarball no local data for postgres-bytea@https://registry.npmjs.org/postgres-bytea/-/postgres-bytea-1.0.1.tgz. Extracting by manifest.
398 silly tarball no local data for postgres-array@https://registry.npmjs.org/postgres-array/-/postgres-array-3.0.4.tgz. Extracting by manifest.
399 silly tarball no local data for @types/pg@https://registry.npmjs.org/@types/pg/-/pg-8.20.0.tgz. Extracting by manifest.
400 silly tarball no local data for @prisma/driver-adapter-utils@https://registry.npmjs.org/@prisma/driver-adapter-utils/-/driver-adapter-utils-7.6.0.tgz. Extracting by manifest.
401 silly tarball no local data for pg@https://registry.npmjs.org/pg/-/pg-8.20.0.tgz. Extracting by manifest.
402 silly tarball no local data for postgres-array@https://registry.npmjs.org/postgres-array/-/postgres-array-2.0.0.tgz. Extracting by manifest.
403 silly tarball no local data for @prisma/adapter-pg@https://registry.npmjs.org/@prisma/adapter-pg/-/adapter-pg-7.6.0.tgz. Extracting by manifest.
404 silly tarball no local data for @prisma/debug@https://registry.npmjs.org/@prisma/debug/-/debug-7.6.0.tgz. Extracting by manifest.
405 http fetch GET 200 https://registry.npmjs.org/postgres-interval/-/postgres-interval-1.2.0.tgz 133ms (cache miss)
406 http fetch GET 200 https://registry.npmjs.org/split2/-/split2-4.2.0.tgz 139ms (cache miss)
407 http fetch GET 200 https://registry.npmjs.org/pg-int8/-/pg-int8-1.0.1.tgz 135ms (cache miss)
408 http fetch GET 200 https://registry.npmjs.org/xtend/-/xtend-4.0.2.tgz 137ms (cache miss)
409 http fetch GET 200 https://registry.npmjs.org/postgres-date/-/postgres-date-1.0.7.tgz 138ms (cache miss)
410 http fetch GET 200 https://registry.npmjs.org/pg-pool/-/pg-pool-3.13.0.tgz 139ms (cache miss)
411 http fetch GET 200 https://registry.npmjs.org/@prisma/debug/-/debug-7.6.0.tgz 318ms (cache miss)
412 http fetch GET 200 https://registry.npmjs.org/@prisma/driver-adapter-utils/-/driver-adapter-utils-7.6.0.tgz 323ms (cache miss)
413 http fetch GET 200 https://registry.npmjs.org/postgres-array/-/postgres-array-2.0.0.tgz 322ms (cache miss)
414 http fetch GET 200 https://registry.npmjs.org/@prisma/adapter-pg/-/adapter-pg-7.6.0.tgz 329ms (cache miss)
415 http fetch GET 200 https://registry.npmjs.org/pg/-/pg-8.20.0.tgz 337ms (cache miss)
416 http fetch POST 200 https://registry.npmjs.org/-/npm/v1/security/advisories/bulk 429ms
417 silly audit report {
417 silly audit report   '@hono/node-server': [
417 silly audit report     {
417 silly audit report       id: 1114170,
417 silly audit report       url: 'https://github.com/advisories/GHSA-wc8c-qw6v-h7f6',
417 silly audit report       title: '@hono/node-server has authorization bypass for protected static paths via encoded slashes in Serve Static Middleware',
417 silly audit report       severity: 'high',
417 silly audit report       vulnerable_versions: '<1.19.10',
417 silly audit report       cwe: [Array],
417 silly audit report       cvss: [Object]
417 silly audit report     }
417 silly audit report   ],
417 silly audit report   'brace-expansion': [
417 silly audit report     {
417 silly audit report       id: 1115540,
417 silly audit report       url: 'https://github.com/advisories/GHSA-f886-m6hf-6m8v',
417 silly audit report       title: 'brace-expansion: Zero-step sequence causes process hang and memory exhaustion',
417 silly audit report       severity: 'moderate',
417 silly audit report       vulnerable_versions: '<1.1.13',
417 silly audit report       cwe: [Array],
417 silly audit report       cvss: [Object]
417 silly audit report     },
417 silly audit report     {
417 silly audit report       id: 1115543,
417 silly audit report       url: 'https://github.com/advisories/GHSA-f886-m6hf-6m8v',
417 silly audit report       title: 'brace-expansion: Zero-step sequence causes process hang and memory exhaustion',
417 silly audit report       severity: 'moderate',
417 silly audit report       vulnerable_versions: '>=4.0.0 <5.0.5',
417 silly audit report       cwe: [Array],
417 silly audit report       cvss: [Object]
417 silly audit report     }
417 silly audit report   ],
417 silly audit report   defu: [
417 silly audit report     {
417 silly audit report       id: 1115969,
417 silly audit report       url: 'https://github.com/advisories/GHSA-737v-mqg7-c878',
417 silly audit report       title: 'defu: Prototype pollution via `__proto__` key in defaults argument',
417 silly audit report       severity: 'high',
417 silly audit report       vulnerable_versions: '<=6.1.4',
417 silly audit report       cwe: [Array],
417 silly audit report       cvss: [Object]
417 silly audit report     }
417 silly audit report   ],
417 silly audit report   effect: [
417 silly audit report     {
417 silly audit report       id: 1115356,
417 silly audit report       url: 'https://github.com/advisories/GHSA-38f7-945m-qr2g',
417 silly audit report       title: 'Effect `AsyncLocalStorage` context lost/contaminated inside Effect fibers under concurrent load with RPC',
417 silly audit report       severity: 'high',
417 silly audit report       vulnerable_versions: '<3.20.0',
417 silly audit report       cwe: [Array],
417 silly audit report       cvss: [Object]
417 silly audit report     }
417 silly audit report   ],
417 silly audit report   hono: [
417 silly audit report     {
417 silly audit report       id: 1112644,
417 silly audit report       url: 'https://github.com/advisories/GHSA-9r54-q6cx-xmh5',
417 silly audit report       title: 'Hono vulnerable to XSS through ErrorBoundary component ',
417 silly audit report       severity: 'moderate',
417 silly audit report       vulnerable_versions: '<4.11.7',
417 silly audit report       cwe: [Array],
417 silly audit report       cvss: [Object]
417 silly audit report     },
417 silly audit report     {
417 silly audit report       id: 1112677,
417 silly audit report       url: 'https://github.com/advisories/GHSA-6wqw-2p9w-4vw4',
417 silly audit report       title: 'Hono cache middleware ignores "Cache-Control: private" leading to Web Cache Deception',
417 silly audit report       severity: 'moderate',
417 silly audit report       vulnerable_versions: '<4.11.7',
417 silly audit report       cwe: [Array],
417 silly audit report       cvss: [Object]
417 silly audit report     },
417 silly audit report     {
417 silly audit report       id: 1112678,
417 silly audit report       url: 'https://github.com/advisories/GHSA-r354-f388-2fhh',
417 silly audit report       title: 'Hono IPv4 address validation bypass in IP Restriction Middleware allows IP spoofing',
417 silly audit report       severity: 'moderate',
417 silly audit report       vulnerable_versions: '<4.11.7',
417 silly audit report       cwe: [Array],
417 silly audit report       cvss: [Object]
417 silly audit report     },
417 silly audit report     {
417 silly audit report       id: 1112911,
417 silly audit report       url: 'https://github.com/advisories/GHSA-w332-q679-j88p',
417 silly audit report       title: 'Hono has an Arbitrary Key Read in Serve static Middleware (Cloudflare Workers Adapter)',
417 silly audit report       severity: 'moderate',
417 silly audit report       vulnerable_versions: '<4.11.7',
417 silly audit report       cwe: [Array],
417 silly audit report       cvss: [Object]
417 silly audit report     },
417 silly audit report     {
417 silly audit report       id: 1113311,
417 silly audit report       url: 'https://github.com/advisories/GHSA-gq3j-xvxp-8hrf',
417 silly audit report       title: 'Hono added timing comparison hardening in basicAuth and bearerAuth',
417 silly audit report       severity: 'low',
417 silly audit report       vulnerable_versions: '<4.11.10',
417 silly audit report       cwe: [Array],
417 silly audit report       cvss: [Object]
417 silly audit report     },
417 silly audit report     {
417 silly audit report       id: 1114004,
417 silly audit report       url: 'https://github.com/advisories/GHSA-5pq2-9x2x-5p6w',
417 silly audit report       title: 'Hono Vulnerable to Cookie Attribute Injection via Unsanitized domain and path in setCookie()',
417 silly audit report       severity: 'moderate',
417 silly audit report       vulnerable_versions: '<4.12.4',
417 silly audit report       cwe: [Array],
417 silly audit report       cvss: [Object]
417 silly audit report     },
417 silly audit report     {
417 silly audit report       id: 1114005,
417 silly audit report       url: 'https://github.com/advisories/GHSA-p6xx-57qc-3wxr',
417 silly audit report       title: 'Hono Vulnerable to SSE Control Field Injection via CR/LF in writeSSE()',
417 silly audit report       severity: 'moderate',
417 silly audit report       vulnerable_versions: '<4.12.4',
417 silly audit report       cwe: [Array],
417 silly audit report       cvss: [Object]
417 silly audit report     },
417 silly audit report     {
417 silly audit report       id: 1114006,
417 silly audit report       url: 'https://github.com/advisories/GHSA-q5qw-h33p-qvwr',
417 silly audit report       title: 'Hono vulnerable to arbitrary file access via serveStatic vulnerability ',
417 silly audit report       severity: 'high',
417 silly audit report       vulnerable_versions: '<4.12.4',
417 silly audit report       cwe: [Array],
417 silly audit report       cvss: [Object]
417 silly audit report     },
417 silly audit report     {
417 silly audit report       id: 1114341,
417 silly audit report       url: 'https://github.com/advisories/GHSA-v8w9-8mx6-g223',
417 silly audit report       title: 'Hono vulnerable to Prototype Pollution possible through __proto__ key allowed in parseBody({ dot: true })',
417 silly audit report       severity: 'moderate',
417 silly audit report       vulnerable_versions: '<4.12.7',
417 silly audit report       cwe: [Array],
417 silly audit report       cvss: [Object]
417 silly audit report     }
417 silly audit report   ],
417 silly audit report   lodash: [
417 silly audit report     {
417 silly audit report       id: 1112455,
417 silly audit report       url: 'https://github.com/advisories/GHSA-xxjr-mmjv-4gpg',
417 silly audit report       title: 'Lodash has Prototype Pollution Vulnerability in `_.unset` and `_.omit` functions',
417 silly audit report       severity: 'moderate',
417 silly audit report       vulnerable_versions: '>=4.0.0 <=4.17.22',
417 silly audit report       cwe: [Array],
417 silly audit report       cvss: [Object]
417 silly audit report     },
417 silly audit report     {
417 silly audit report       id: 1115806,
417 silly audit report       url: 'https://github.com/advisories/GHSA-r5fr-rjxr-66jc',
417 silly audit report       title: 'lodash vulnerable to Code Injection via `_.template` imports key names',
417 silly audit report       severity: 'high',
417 silly audit report       vulnerable_versions: '>=4.0.0 <=4.17.23',
417 silly audit report       cwe: [Array],
417 silly audit report       cvss: [Object]
417 silly audit report     },
417 silly audit report     {
417 silly audit report       id: 1115810,
417 silly audit report       url: 'https://github.com/advisories/GHSA-f23m-r3pf-42rh',
417 silly audit report       title: 'lodash vulnerable to Prototype Pollution via array path bypass in `_.unset` and `_.omit`',
417 silly audit report       severity: 'moderate',
417 silly audit report       vulnerable_versions: '<=4.17.23',
417 silly audit report       cwe: [Array],
417 silly audit report       cvss: [Object]
417 silly audit report     }
417 silly audit report   ],
417 silly audit report   picomatch: [
417 silly audit report     {
417 silly audit report       id: 1115549,
417 silly audit report       url: 'https://github.com/advisories/GHSA-3v7f-55p6-f55p',
417 silly audit report       title: 'Picomatch: Method Injection in POSIX Character Classes causes incorrect Glob Matching',
417 silly audit report       severity: 'moderate',
417 silly audit report       vulnerable_versions: '<2.3.2',
417 silly audit report       cwe: [Array],
417 silly audit report       cvss: [Object]
417 silly audit report     },
417 silly audit report     {
417 silly audit report       id: 1115551,
417 silly audit report       url: 'https://github.com/advisories/GHSA-3v7f-55p6-f55p',
417 silly audit report       title: 'Picomatch: Method Injection in POSIX Character Classes causes incorrect Glob Matching',
417 silly audit report       severity: 'moderate',
417 silly audit report       vulnerable_versions: '>=4.0.0 <4.0.4',
417 silly audit report       cwe: [Array],
417 silly audit report       cvss: [Object]
417 silly audit report     },
417 silly audit report     {
417 silly audit report       id: 1115552,
417 silly audit report       url: 'https://github.com/advisories/GHSA-c2c7-rcm5-vvqj',
417 silly audit report       title: 'Picomatch has a ReDoS vulnerability via extglob quantifiers',
417 silly audit report       severity: 'high',
417 silly audit report       vulnerable_versions: '<2.3.2',
417 silly audit report       cwe: [Array],
417 silly audit report       cvss: [Object]
417 silly audit report     },
417 silly audit report     {
417 silly audit report       id: 1115554,
417 silly audit report       url: 'https://github.com/advisories/GHSA-c2c7-rcm5-vvqj',
417 silly audit report       title: 'Picomatch has a ReDoS vulnerability via extglob quantifiers',
417 silly audit report       severity: 'high',
417 silly audit report       vulnerable_versions: '>=4.0.0 <4.0.4',
417 silly audit report       cwe: [Array],
417 silly audit report       cvss: [Object]
417 silly audit report     }
417 silly audit report   ]
417 silly audit report }
418 silly packumentCache corgi:https://registry.npmjs.org/@hono%2fnode-server cache-miss
419 silly packumentCache corgi:https://registry.npmjs.org/brace-expansion cache-miss
420 silly packumentCache corgi:https://registry.npmjs.org/defu cache-miss
421 silly packumentCache corgi:https://registry.npmjs.org/effect cache-miss
422 silly packumentCache corgi:https://registry.npmjs.org/hono cache-miss
423 silly packumentCache corgi:https://registry.npmjs.org/lodash cache-miss
424 silly packumentCache corgi:https://registry.npmjs.org/picomatch cache-miss
425 http fetch GET 200 https://registry.npmjs.org/pg-connection-string/-/pg-connection-string-2.12.0.tgz 422ms (cache miss)
426 http cache https://registry.npmjs.org/brace-expansion 76ms (cache hit)
427 silly packumentCache corgi:https://registry.npmjs.org/brace-expansion set size:21298 disposed:false
428 http cache https://registry.npmjs.org/defu 77ms (cache hit)
429 silly packumentCache corgi:https://registry.npmjs.org/defu set size:47359 disposed:false
430 http cache https://registry.npmjs.org/lodash 75ms (cache hit)
431 silly packumentCache corgi:https://registry.npmjs.org/lodash set size:69555 disposed:false
432 http cache https://registry.npmjs.org/@hono%2fnode-server 84ms (cache hit)
433 silly packumentCache corgi:https://registry.npmjs.org/@hono%2fnode-server set size:83509 disposed:false
434 http cache https://registry.npmjs.org/effect 87ms (cache hit)
435 silly packumentCache corgi:https://registry.npmjs.org/effect set size:322633 disposed:false
436 http cache https://registry.npmjs.org/hono 97ms (cache hit)
437 silly packumentCache corgi:https://registry.npmjs.org/hono set size:683126 disposed:false
438 http fetch GET 200 https://registry.npmjs.org/pgpass/-/pgpass-1.0.5.tgz 537ms (cache miss)
439 http cache https://registry.npmjs.org/picomatch 139ms (cache hit)
440 silly packumentCache corgi:https://registry.npmjs.org/picomatch set size:44414 disposed:false
441 silly packumentCache corgi:https://registry.npmjs.org/@prisma%2fdev cache-miss
442 http fetch GET 200 https://registry.npmjs.org/pg-cloudflare/-/pg-cloudflare-1.3.0.tgz 556ms (cache miss)
443 http fetch GET 200 https://registry.npmjs.org/pg-types/-/pg-types-2.2.0.tgz 560ms (cache miss)
444 http fetch GET 200 https://registry.npmjs.org/postgres-bytea/-/postgres-bytea-1.0.1.tgz 560ms (cache miss)
445 http fetch GET 200 https://registry.npmjs.org/postgres-array/-/postgres-array-3.0.4.tgz 559ms (cache miss)
446 http fetch GET 200 https://registry.npmjs.org/@types/pg/-/pg-8.20.0.tgz 563ms (cache miss)
447 http cache https://registry.npmjs.org/@prisma%2fdev 28ms (cache hit)
448 silly packumentCache corgi:https://registry.npmjs.org/@prisma%2fdev set size:956719 disposed:false
449 silly packumentCache corgi:https://registry.npmjs.org/minimatch cache-miss
450 http cache https://registry.npmjs.org/minimatch 8ms (cache hit)
451 silly packumentCache corgi:https://registry.npmjs.org/minimatch set size:168441 disposed:false
452 silly packumentCache corgi:https://registry.npmjs.org/c12 cache-miss
453 silly packumentCache corgi:https://registry.npmjs.org/giget cache-miss
454 silly packumentCache corgi:https://registry.npmjs.org/rc9 cache-miss
455 http cache https://registry.npmjs.org/c12 13ms (cache hit)
456 silly packumentCache corgi:https://registry.npmjs.org/c12 set size:90073 disposed:false
457 http cache https://registry.npmjs.org/giget 17ms (cache hit)
458 silly packumentCache corgi:https://registry.npmjs.org/giget set size:44187 disposed:false
459 http cache https://registry.npmjs.org/rc9 17ms (cache hit)
460 silly packumentCache corgi:https://registry.npmjs.org/rc9 set size:35090 disposed:false
461 silly packumentCache corgi:https://registry.npmjs.org/@prisma%2fconfig cache-miss
462 http fetch GET 200 https://registry.npmjs.org/pg-protocol/-/pg-protocol-1.13.0.tgz 638ms (cache miss)
463 http cache https://registry.npmjs.org/@prisma%2fconfig 32ms (cache hit)
464 silly packumentCache corgi:https://registry.npmjs.org/@prisma%2fconfig set size:1411110 disposed:false
465 silly packumentCache corgi:https://registry.npmjs.org/@chevrotain%2fcst-dts-gen cache-miss
466 silly packumentCache corgi:https://registry.npmjs.org/@chevrotain%2fgast cache-miss
467 silly packumentCache corgi:https://registry.npmjs.org/chevrotain cache-miss
468 http cache https://registry.npmjs.org/@chevrotain%2fgast 346ms (cache hit)
469 silly packumentCache corgi:https://registry.npmjs.org/@chevrotain%2fgast set size:20755 disposed:false
470 http cache https://registry.npmjs.org/@chevrotain%2fcst-dts-gen 349ms (cache hit)
471 silly packumentCache corgi:https://registry.npmjs.org/@chevrotain%2fcst-dts-gen set size:24893 disposed:false
472 http cache https://registry.npmjs.org/chevrotain 349ms (cache hit)
473 silly packumentCache corgi:https://registry.npmjs.org/chevrotain set size:274286 disposed:false
474 silly packumentCache corgi:https://registry.npmjs.org/micromatch cache-miss
475 http cache https://registry.npmjs.org/micromatch 314ms (cache hit)
476 silly packumentCache corgi:https://registry.npmjs.org/micromatch set size:71776 disposed:false
477 silly packumentCache corgi:https://registry.npmjs.org/tinyglobby cache-miss
478 silly packumentCache corgi:https://registry.npmjs.org/fdir cache-miss
479 silly packumentCache corgi:https://registry.npmjs.org/vite cache-miss
480 silly packumentCache corgi:https://registry.npmjs.org/vitest cache-miss
481 http cache https://registry.npmjs.org/tinyglobby 17ms (cache hit)
482 silly packumentCache corgi:https://registry.npmjs.org/tinyglobby set size:17847 disposed:false
483 http cache https://registry.npmjs.org/fdir 20ms (cache hit)
484 silly packumentCache corgi:https://registry.npmjs.org/fdir set size:76905 disposed:false
485 http cache https://registry.npmjs.org/vitest 26ms (cache hit)
486 silly packumentCache corgi:https://registry.npmjs.org/vitest set size:1212939 disposed:false
487 http cache https://registry.npmjs.org/vite 56ms (cache hit)
488 silly packumentCache corgi:https://registry.npmjs.org/vite set size:2208349 disposed:false
489 silly packumentCache corgi:https://registry.npmjs.org/prisma cache-miss
490 http cache https://registry.npmjs.org/prisma 113ms (cache hit)
491 silly packumentCache corgi:https://registry.npmjs.org/prisma set size:22753000 disposed:false
492 silly packumentCache corgi:https://registry.npmjs.org/@mrleebo%2fprisma-ast cache-miss
493 http cache https://registry.npmjs.org/@mrleebo%2fprisma-ast 4ms (cache hit)
494 silly packumentCache corgi:https://registry.npmjs.org/@mrleebo%2fprisma-ast set size:48284 disposed:false
495 silly packumentCache corgi:https://registry.npmjs.org/@prisma%2fclient cache-miss
496 http cache https://registry.npmjs.org/@prisma%2fclient 232ms (cache hit)
497 silly packumentCache corgi:https://registry.npmjs.org/@prisma%2fclient set size:37717625 disposed:false
498 silly ADD node_modules/xtend
499 silly ADD node_modules/split2
500 silly ADD node_modules/postgres-interval
501 silly ADD node_modules/postgres-date
502 silly ADD node_modules/postgres-bytea
503 silly ADD node_modules/pg-int8
504 silly ADD node_modules/pgpass
505 silly ADD node_modules/pg-pool
506 silly ADD node_modules/pg-connection-string
507 silly ADD node_modules/pg-cloudflare
508 silly ADD node_modules/pg-types
509 silly ADD node_modules/pg-types/node_modules/postgres-array
510 silly ADD node_modules/pg-protocol
511 silly ADD node_modules/postgres-array
512 silly ADD node_modules/@types/pg
513 silly ADD node_modules/@prisma/driver-adapter-utils
514 silly ADD node_modules/@prisma/driver-adapter-utils/node_modules/@prisma/debug
515 silly ADD node_modules/pg
516 silly ADD node_modules/@prisma/adapter-pg
517 silly ADD
518 silly ADD
519 silly ADD
520 silly ADD
521 silly ADD
522 silly ADD
523 silly ADD
524 silly ADD
525 silly ADD
526 silly ADD
527 silly ADD
528 silly ADD
529 silly ADD
530 silly ADD
531 silly ADD
532 silly ADD
533 silly ADD
534 silly ADD
535 silly ADD
536 silly ADD
537 silly ADD
538 silly ADD
539 silly ADD
540 silly ADD
541 silly ADD
542 silly ADD
543 silly ADD
544 silly ADD
545 silly ADD
546 silly ADD
547 silly ADD
548 silly ADD
549 silly ADD
550 silly ADD
551 silly ADD
552 silly ADD
553 silly ADD
554 silly ADD
555 silly ADD
556 silly ADD
557 silly ADD
558 silly ADD
559 silly ADD node_modules/@napi-rs/wasm-runtime
560 silly ADD
561 silly ADD
562 silly ADD
563 silly ADD
564 silly ADD
565 silly ADD
566 silly ADD
567 silly ADD
568 silly ADD
569 silly ADD
570 silly ADD
571 silly ADD
572 silly ADD
573 silly ADD
574 silly ADD
575 silly ADD
576 silly ADD
577 silly ADD
578 silly ADD
579 silly ADD
580 silly ADD
581 silly ADD
582 silly ADD
583 silly ADD
584 silly ADD
585 silly ADD
586 silly ADD
587 silly ADD
588 silly ADD
589 silly ADD
590 silly ADD
591 silly ADD
592 silly ADD
593 silly ADD
594 silly ADD
595 silly ADD
596 silly ADD
597 silly ADD
598 silly ADD
599 silly ADD
600 silly ADD
601 silly ADD
602 silly ADD
603 silly ADD
604 silly ADD
605 silly ADD
606 silly ADD
607 silly ADD
608 silly ADD
609 silly ADD
610 silly ADD
611 silly ADD
612 silly ADD
613 silly ADD
614 silly ADD
615 silly ADD
616 silly ADD
617 silly ADD
618 silly ADD
619 silly ADD
620 silly ADD
621 silly ADD
622 silly ADD
623 silly ADD
624 silly ADD
625 silly ADD
626 silly ADD
627 silly ADD
628 silly ADD
629 silly ADD
630 silly ADD
631 silly ADD
632 silly ADD
633 silly ADD
634 silly ADD
635 verbose cwd /Users/mac/Documents/code/subsplit
636 verbose os Darwin 25.4.0
637 verbose node v22.15.0
638 verbose npm  v10.9.2
639 verbose exit 0
640 info ok
